episode,steps,return,success,target,start_bin,delivered_bin,designer_bonus,intervention_kind,interventions_total,wallclock_s,global_step
1,300,-78.339,0,B,25,25,0.0,,0,0.5,300
2,1,-0.193,0,B,25,17,0.0,stuck,1,0.5,301
3,300,-85.077,0,B,17,17,0.0,,1,0.8,601
4,1,-0.18,0,B,17,9,0.0,stuck,2,0.8,602
5,300,-51.595,0,B,9,9,0.0,,2,1.2,902
6,1,-0.162,0,B,9,9,0.0,stuck,3,1.2,903
7,300,-91.552,0,B,9,9,0.0,,3,1.6,1203
8,1,-0.193,0,B,9,9,0.0,stuck,4,1.6,1204
9,300,-86.124,0,B,9,9,0.0,,4,1.9,1504
10,1,-0.164,0,B,9,18,0.0,stuck,5,1.9,1505
11,300,-58.746,0,B,18,18,0.0,,5,2.2,1805
12,1,-0.154,0,B,18,18,0.0,stuck,6,2.2,1806
13,300,-80.535,0,B,18,18,0.0,,6,2.5,2106
14,1,-0.154,0,B,18,17,0.0,stuck,7,2.5,2107
15,300,-90.123,0,B,17,17,0.0,,7,2.8,2407
16,1,-0.176,0,B,17,8,0.0,stuck,8,2.8,2408
17,300,-66.288,0,B,8,8,0.0,,8,3.1,2708
18,1,-0.22,0,B,8,16,0.0,stuck,9,3.1,2709
19,300,-68.512,0,B,16,16,0.0,,9,3.5,3009
20,1,-0.205,0,B,16,17,0.0,stuck,10,3.5,3010
21,300,-63.389,0,B,17,17,0.0,,10,4.0,3310
22,1,-0.184,0,B,17,8,0.0,stuck,11,4.0,3311
23,300,-83.54,0,B,8,8,0.0,,11,4.3,3611
24,1,-0.207,0,B,8,16,0.0,stuck,12,4.3,3612
25,300,-78.665,0,B,16,16,0.0,,12,4.7,3912
26,1,-0.209,0,B,16,10,0.0,stuck,13,4.7,3913
27,300,-75.616,0,B,10,10,0.0,,13,5.1,4213
28,1,-0.152,0,B,10,8,0.0,stuck,14,5.1,4214
29,300,-84.499,0,B,8,8,0.0,,14,5.4,4514
30,1,-0.206,0,B,8,16,0.0,stuck,15,5.4,4515
31,300,-79.825,0,B,16,16,0.0,,15,5.8,4815
32,1,-0.212,0,B,16,9,0.0,stuck,16,5.8,4816
33,300,-81.024,0,B,9,9,0.0,,16,10.6,5116
34,1,-0.191,0,B,9,17,0.0,stuck,17,10.7,5117
35,300,-78.88,0,B,17,17,0.0,,17,22.1,5417
36,1,-0.198,0,B,17,9,0.0,stuck,18,22.1,5418
37,300,-81.101,0,B,9,9,0.0,,18,33.7,5718
38,1,-0.169,0,B,9,16,0.0,stuck,19,33.7,5719
39,300,-93.085,0,B,16,16,0.0,,19,44.1,6019
40,1,-0.211,0,B,16,17,0.0,stuck,20,44.1,6020
41,300,-87.909,0,B,17,16,0.0,,20,55.9,6320
42,57,-12.767,0,B,16,16,0.0,stuck,21,57.9,6377
43,300,-76.776,0,B,16,16,0.0,,21,70.2,6677
44,1,-0.203,0,B,16,9,0.0,stuck,22,70.2,6678
45,300,-54.262,0,B,9,9,0.0,,22,81.8,6978
46,1,-0.172,0,B,9,9,0.0,stuck,23,81.9,6979
47,300,-89.761,0,B,9,9,0.0,,23,94.1,7279
48,1,-0.201,0,B,9,9,0.0,stuck,24,94.1,7280
49,300,-80.374,0,B,9,9,0.0,,24,105.5,7580
50,1,-0.182,0,B,9,25,0.0,stuck,25,105.6,7581
51,300,-66.629,0,B,25,25,0.0,,25,116.8,7881
52,1,-0.189,0,B,25,18,0.0,stuck,26,116.8,7882
53,300,-60.712,0,B,18,18,0.0,,26,129.0,8182
54,1,-0.157,0,B,18,17,0.0,stuck,27,129.0,8183
55,300,-51.455,0,B,17,17,0.0,,27,143.2,8483
56,1,-0.179,0,B,17,9,0.0,stuck,28,143.3,8484
57,300,-65.027,0,B,9,9,0.0,,28,158.0,8784
58,1,-0.182,0,B,9,17,0.0,stuck,29,158.0,8785
59,300,-59.714,0,B,17,17,0.0,,29,171.0,9085
60,1,-0.171,0,B,17,17,0.0,stuck,30,171.0,9086
61,38,-7.686,0,B,17,9,0.0,escape,31,172.5,9124
62,300,-68.631,0,B,9,9,0.0,,31,184.4,9424
63,1,-0.198,0,B,9,9,0.0,stuck,32,184.5,9425
64,300,-62.78,0,B,9,9,0.0,,32,197.8,9725
65,1,-0.198,0,B,9,9,0.0,stuck,33,197.9,9726
66,300,-57.879,0,B,9,8,0.0,,33,210.4,10026
67,268,-72.461,0,B,8,17,0.0,stuck,34,224.6,10294
68,300,-62.076,0,B,17,17,0.0,,34,241.1,10594
69,1,-0.171,0,B,17,9,0.0,stuck,35,241.2,10595
70,300,-57.969,0,B,9,9,0.0,,35,256.0,10895
71,1,-0.162,0,B,9,9,0.0,stuck,36,256.1,10896
72,300,-62.19,0,B,9,9,0.0,,36,269.0,11196
73,1,-0.164,0,B,9,16,0.0,stuck,37,269.1,11197
74,300,-65.007,0,B,16,16,0.0,,37,282.1,11497
75,1,-0.21,0,B,16,10,0.0,stuck,38,282.1,11498
76,300,-57.042,0,B,10,10,0.0,,38,295.6,11798
77,1,-0.158,0,B,10,16,0.0,stuck,39,295.7,11799
78,300,-65.592,0,B,16,8,0.0,,39,311.0,12099
79,54,-11.102,0,B,8,16,0.0,stuck,40,314.0,12153
80,300,-70.314,0,B,16,16,0.0,,40,327.6,12453
81,1,-0.219,0,B,16,9,0.0,stuck,41,327.6,12454
82,300,-65.52,0,B,9,9,0.0,,41,341.9,12754
83,1,-0.184,0,B,9,9,0.0,stuck,42,341.9,12755
84,300,-51.457,0,B,9,11,0.0,,42,353.8,13055
85,189,-25.212,0,B,11,9,0.0,stuck,43,361.5,13244
86,122,-18.241,0,B,9,9,0.0,escape,44,366.6,13366
87,128,-24.392,0,B,9,10,0.0,escape,45,371.5,13494
88,300,-56.118,0,B,10,10,0.0,,45,386.9,13794
89,1,-0.154,0,B,10,9,0.0,stuck,46,387.0,13795
90,300,-59.336,0,B,9,8,0.0,,46,400.9,14095
91,177,-38.307,0,B,8,10,0.0,stuck,47,407.7,14272
92,300,-44.111,0,B,10,10,0.0,,47,419.5,14572
93,1,-0.153,0,B,10,9,0.0,stuck,48,419.5,14573
94,300,-47.728,0,B,9,10,0.0,,48,434.5,14873
95,61,-11.66,0,B,10,1,0.0,escape,49,437.2,14934
96,300,-57.822,0,B,1,1,0.0,,49,449.2,15234
97,1,-0.175,0,B,1,17,0.0,stuck,50,449.3,15235
98,300,-56.064,0,B,17,25,0.0,,50,462.4,15535
99,1,-0.197,0,B,25,10,0.0,stuck,51,462.4,15536
100,300,-59.927,0,B,10,10,0.0,,51,475.1,15836
101,300,-39.477,0,B,10,11,0.0,,51,487.2,16136
102,4,-0.438,0,B,11,8,0.0,stuck,52,487.4,16140
103,300,-54.418,0,B,8,8,0.0,,52,499.9,16440
104,1,-0.208,0,B,8,9,0.0,stuck,53,499.9,16441
105,300,-46.999,0,B,9,9,0.0,,53,512.4,16741
106,1,-0.165,0,B,9,9,0.0,stuck,54,512.4,16742
107,300,-50.964,0,B,9,9,0.0,,54,525.3,17042
108,1,-0.188,0,B,9,17,0.0,stuck,55,525.4,17043
109,300,-50.844,0,B,17,17,0.0,,55,537.7,17343
110,1,-0.159,0,B,17,18,0.0,stuck,56,537.7,17344
111,300,-46.303,0,B,18,18,0.0,,56,550.4,17644
112,1,-0.156,0,B,18,8,0.0,stuck,57,550.5,17645
113,300,-58.065,0,B,8,8,0.0,,57,563.1,17945
114,1,-0.218,0,B,8,18,0.0,stuck,58,563.1,17946
115,300,-53.55,0,B,18,18,0.0,,58,575.8,18246
116,1,-0.156,0,B,18,18,0.0,stuck,59,575.9,18247
117,300,-47.301,0,B,18,18,0.0,,59,588.9,18547
118,1,-0.157,0,B,18,16,0.0,stuck,60,588.9,18548
119,300,-53.627,0,B,16,16,0.0,,60,601.9,18848
120,1,-0.206,0,B,16,8,0.0,stuck,61,602.0,18849
121,300,-56.391,0,B,8,8,0.0,,61,614.7,19149
122,1,-0.22,0,B,8,17,0.0,stuck,62,614.7,19150
123,300,-53.322,0,B,17,17,0.0,,62,627.7,19450
124,1,-0.187,0,B,17,25,0.0,stuck,63,627.8,19451
125,300,-53.182,0,B,25,25,0.0,,63,640.7,19751
126,1,-0.185,0,B,25,17,0.0,stuck,64,640.8,19752
127,300,-51.526,0,B,17,17,0.0,,64,653.2,20052
128,1,-0.19,0,B,17,8,0.0,stuck,65,653.2,20053
129,300,-55.372,0,B,8,8,0.0,,65,666.1,20353
130,1,-0.213,0,B,8,8,0.0,stuck,66,666.2,20354
131,300,-70.499,0,B,8,8,0.0,,66,679.1,20654
132,1,-0.217,0,B,8,16,0.0,stuck,67,679.1,20655
133,300,-56.409,0,B,16,16,0.0,,67,692.1,20955
134,1,-0.204,0,B,16,8,0.0,stuck,68,692.1,20956
135,300,-57.07,0,B,8,8,0.0,,68,705.1,21256
136,1,-0.211,0,B,8,16,0.0,stuck,69,705.2,21257
137,300,-61.941,0,B,16,16,0.0,,69,718.1,21557
138,1,-0.213,0,B,16,8,0.0,stuck,70,718.1,21558
139,154,-32.005,0,B,8,17,0.0,escape,71,724.5,21712
140,300,-61.067,0,B,17,17,0.0,,71,737.5,22012
141,1,-0.169,0,B,17,9,0.0,stuck,72,737.6,22013
142,300,-61.434,0,B,9,0,0.0,,72,750.4,22313
143,119,-21.256,0,B,0,9,0.0,stuck,73,755.6,22432
144,300,-73.245,0,B,9,9,0.0,,73,768.7,22732
145,300,-49.723,0,B,9,2,0.0,,73,781.6,23032
146,242,-34.506,0,B,2,9,0.0,escape,74,792.0,23274
147,300,-47.774,0,B,9,1,0.0,,74,805.1,23574
148,86,-13.139,0,B,1,17,0.0,stuck,75,808.7,23660
149,300,-54.971,0,B,17,16,0.0,,75,821.5,23960
150,247,-47.77,0,B,16,9,0.0,stuck,76,832.1,24207
151,300,-51.725,0,B,9,9,0.0,,76,844.8,24507
152,1,-0.193,0,B,9,9,0.0,stuck,77,844.8,24508
153,300,-52.265,0,B,9,8,0.0,,77,857.6,24808
154,187,-35.11,0,B,8,17,0.0,stuck,78,865.7,24995
155,300,-50.044,0,B,17,17,0.0,,78,941.9,25295
156,1,-0.165,0,B,17,18,0.0,stuck,79,942.0,25296
157,300,-47.083,0,B,18,18,0.0,,79,954.9,25596
158,1,-0.157,0,B,18,16,0.0,stuck,80,954.9,25597
159,300,-55.986,0,B,16,16,0.0,,80,968.2,25897
160,1,-0.207,0,B,16,9,0.0,stuck,81,968.3,25898
161,300,-46.574,0,B,9,9,0.0,,81,981.2,26198
162,1,-0.162,0,B,9,25,0.0,stuck,82,981.3,26199
163,300,-56.613,0,B,25,25,0.0,,82,994.1,26499
164,1,-0.201,0,B,25,9,0.0,stuck,83,994.2,26500
165,300,-48.953,0,B,9,9,0.0,,83,1007.2,26800
166,1,-0.175,0,B,9,8,0.0,stuck,84,1007.2,26801
167,300,-59.531,0,B,8,8,0.0,,84,1020.5,27101
168,1,-0.22,0,B,8,9,0.0,stuck,85,1020.5,27102
169,300,-46.396,0,B,9,9,0.0,,85,1033.8,27402
170,1,-0.166,0,B,9,17,0.0,stuck,86,1033.9,27403
171,300,-50.741,0,B,17,17,0.0,,86,1046.8,27703
172,1,-0.18,0,B,17,1,0.0,stuck,87,1046.8,27704
173,300,-46.616,0,B,1,1,0.0,,87,1059.8,28004
174,1,-0.177,0,B,1,10,0.0,stuck,88,1059.9,28005
175,300,-45.485,0,B,10,10,0.0,,88,1072.9,28305
176,1,-0.158,0,B,10,1,0.0,stuck,89,1073.0,28306
177,300,-50.284,0,B,1,1,0.0,,89,1085.9,28606
178,1,-0.191,0,B,1,25,0.0,stuck,90,1085.9,28607
179,300,-55.334,0,B,25,25,0.0,,90,1098.9,28907
180,1,-0.19,0,B,25,9,0.0,stuck,91,1098.9,28908
181,300,-52.287,0,B,9,9,0.0,,91,1112.0,29208
182,1,-0.194,0,B,9,17,0.0,stuck,92,1112.0,29209
183,300,-53.353,0,B,17,17,0.0,,92,1125.1,29509
184,1,-0.174,0,B,17,9,0.0,stuck,93,1125.1,29510
185,300,-49.095,0,B,9,9,0.0,,93,1138.1,29810
186,1,-0.168,0,B,9,8,0.0,stuck,94,1138.2,29811
187,300,-61.48,0,B,8,8,0.0,,94,1151.2,30111
188,1,-0.211,0,B,8,8,0.0,stuck,95,1151.3,30112
189,300,-59.511,0,B,8,8,0.0,,95,1164.4,30412
190,1,-0.202,0,B,8,17,0.0,stuck,96,1164.4,30413
191,300,-51.79,0,B,17,17,0.0,,96,1177.3,30713
192,1,-0.165,0,B,17,8,0.0,stuck,97,1177.3,30714
193,300,-56.517,0,B,8,8,0.0,,97,1190.6,31014
194,1,-0.219,0,B,8,9,0.0,stuck,98,1190.6,31015
195,300,-48.05,0,B,9,9,0.0,,98,1204.2,31315
196,1,-0.186,0,B,9,8,0.0,stuck,99,1204.2,31316
197,300,-55.591,0,B,8,8,0.0,,99,1217.2,31616
198,1,-0.218,0,B,8,17,0.0,stuck,100,1217.3,31617
199,300,-46.368,0,B,17,17,0.0,,100,1230.5,31917
200,1,-0.18,0,B,17,17,0.0,stuck,101,1230.6,31918
201,300,-47.043,0,B,17,17,0.0,,101,1244.0,32218
202,1,-0.179,0,B,17,8,0.0,stuck,102,1244.0,32219
203,300,-53.931,0,B,8,8,0.0,,102,1257.0,32519
204,1,-0.209,0,B,8,18,0.0,stuck,103,1257.1,32520
205,300,-46.359,0,B,18,18,0.0,,103,1270.3,32820
206,1,-0.156,0,B,18,9,0.0,stuck,104,1270.3,32821
207,300,-52.153,0,B,9,9,0.0,,104,1283.5,33121
208,1,-0.189,0,B,9,17,0.0,stuck,105,1283.5,33122
209,300,-56.994,0,B,17,17,0.0,,105,1296.6,33422
210,1,-0.199,0,B,17,9,0.0,stuck,106,1296.7,33423
211,300,-50.118,0,B,9,9,0.0,,106,1309.7,33723
212,1,-0.188,0,B,9,17,0.0,stuck,107,1309.7,33724
213,300,-50.075,0,B,17,17,0.0,,107,1322.9,34024
214,1,-0.195,0,B,17,16,0.0,stuck,108,1322.9,34025
215,300,-56.67,0,B,16,16,0.0,,108,1335.8,34325
216,1,-0.22,0,B,16,1,0.0,stuck,109,1335.9,34326
217,300,-47.126,0,B,1,1,0.0,,109,1349.1,34626
218,1,-0.187,0,B,1,17,0.0,stuck,110,1349.1,34627
219,300,-47.757,0,B,17,17,0.0,,110,1362.1,34927
220,1,-0.165,0,B,17,17,0.0,stuck,111,1362.1,34928
221,300,-48.323,0,B,17,17,0.0,,111,1375.1,35228
222,1,-0.178,0,B,17,8,0.0,stuck,112,1375.1,35229
223,300,-53.599,0,B,8,8,0.0,,112,1388.1,35529
224,1,-0.211,0,B,8,17,0.0,stuck,113,1388.1,35530
225,300,-55.41,0,B,17,17,0.0,,113,1401.1,35830
226,1,-0.175,0,B,17,17,0.0,stuck,114,1401.2,35831
227,300,-60.111,0,B,17,17,0.0,,114,1414.2,36131
228,1,-0.201,0,B,17,16,0.0,stuck,115,1414.3,36132
229,300,-65.067,0,B,16,16,0.0,,115,1427.3,36432
230,1,-0.217,0,B,16,9,0.0,stuck,116,1427.4,36433
231,300,-53.479,0,B,9,9,0.0,,116,1440.7,36733
232,1,-0.182,0,B,9,9,0.0,stuck,117,1440.8,36734
233,300,-56.337,0,B,9,9,0.0,,117,1454.5,37034
234,1,-0.196,0,B,9,9,0.0,stuck,118,1454.6,37035
235,300,-54.121,0,B,9,2,0.0,,118,1469.9,37335
236,300,-41.217,0,B,2,2,0.0,,118,1484.0,37635
237,199,-28.931,0,B,2,9,0.0,stuck,119,1493.1,37834
238,300,-60.889,0,B,9,10,0.0,,119,1506.3,38134
239,153,-23.764,0,B,10,9,0.0,escape,120,1513.1,38287
240,300,-48.95,0,B,9,9,0.0,,120,1526.1,38587
241,1,-0.172,0,B,9,16,0.0,stuck,121,1526.2,38588
242,300,-61.746,0,B,16,16,0.0,,121,1539.3,38888
243,1,-0.219,0,B,16,8,0.0,stuck,122,1539.4,38889
244,300,-58.594,0,B,8,8,0.0,,122,1552.5,39189
245,1,-0.214,0,B,8,9,0.0,stuck,123,1552.6,39190
246,300,-54.471,0,B,9,9,0.0,,123,1565.6,39490
247,1,-0.163,0,B,9,9,0.0,stuck,124,1565.6,39491
248,300,-53.456,0,B,9,9,0.0,,124,1578.8,39791
249,1,-0.182,0,B,9,17,0.0,stuck,125,1578.9,39792
250,300,-52.15,0,B,17,17,0.0,,125,1592.0,40092
251,1,-0.198,0,B,17,1,0.0,stuck,126,1592.1,40093
252,300,-59.105,0,B,1,1,0.0,,126,1605.2,40393
253,1,-0.183,0,B,1,16,0.0,stuck,127,1605.2,40394
254,300,-55.501,0,B,16,16,0.0,,127,1618.4,40694
255,1,-0.209,0,B,16,18,0.0,stuck,128,1618.4,40695
256,92,-4.639,1,A,18,21,0.0,,128,1622.5,40787
257,300,-52.897,0,A,21,21,0.0,,128,1635.7,41087
258,1,-0.155,0,A,21,6,0.0,stuck,129,1635.7,41088
259,300,-59.962,0,A,6,7,0.0,,129,1649.1,41388
260,130,-26.604,0,A,7,30,0.0,escape,130,1655.0,41518
261,300,-55.075,0,A,30,30,0.0,,130,1668.3,41818
262,1,-0.177,0,A,30,30,0.0,stuck,131,1668.4,41819
263,300,-63.276,0,A,30,30,0.0,,131,1682.1,42119
264,1,-0.196,0,A,30,22,0.0,stuck,132,1682.1,42120
265,300,-61.587,0,A,22,23,0.0,,132,1696.0,42420
266,146,-31.471,0,A,23,23,0.0,stuck,133,1702.6,42566
267,300,-69.056,0,A,23,23,0.0,,133,1719.9,42866
268,280,-65.114,0,A,23,23,0.0,stuck,134,1733.6,43146
269,300,-61.046,0,A,23,23,0.0,,134,1749.9,43446
270,1,-0.211,0,A,23,15,0.0,stuck,135,1749.9,43447
271,300,-57.889,0,A,15,15,0.0,,135,1763.5,43747
272,1,-0.208,0,A,15,14,0.0,stuck,136,1763.6,43748
273,300,-52.918,0,A,14,14,0.0,,136,1776.8,44048
274,1,-0.185,0,A,14,15,0.0,stuck,137,1776.8,44049
275,300,-63.791,0,A,15,15,0.0,,137,1790.3,44349
276,1,-0.22,0,A,15,21,0.0,stuck,138,1790.4,44350
277,300,-47.848,0,A,21,21,0.0,,138,1804.8,44650
278,1,-0.16,0,A,21,15,0.0,stuck,139,1804.8,44651
279,300,-66.045,0,A,15,15,0.0,,139,1818.4,44951
280,1,-0.224,0,A,15,14,0.0,stuck,140,1818.5,44952
281,300,-56.748,0,A,14,14,0.0,,140,1833.4,45252
282,1,-0.19,0,A,14,21,0.0,stuck,141,1833.5,45253
283,300,-46.275,0,A,21,21,0.0,,141,1849.6,45553
284,1,-0.154,0,A,21,6,0.0,stuck,142,1849.7,45554
285,300,-55.944,0,A,6,6,0.0,,142,1864.2,45854
286,1,-0.181,0,A,6,14,0.0,stuck,143,1864.2,45855
287,300,-58.382,0,A,14,14,0.0,,143,1880.6,46155
288,1,-0.191,0,A,14,23,0.0,stuck,144,1880.7,46156
289,300,-58.264,0,A,23,23,0.0,,144,1895.1,46456
290,1,-0.211,0,A,23,23,0.0,stuck,145,1895.1,46457
291,300,-60.641,0,A,23,23,0.0,,145,1909.8,46757
292,1,-0.209,0,A,23,22,0.0,stuck,146,1909.9,46758
293,300,-45.139,0,A,22,31,0.0,,146,1927.5,47058
294,168,-35.823,0,A,31,14,0.0,stuck,147,1937.3,47226
295,300,-54.275,0,A,14,22,0.0,,147,1951.0,47526
296,117,-21.294,0,A,22,14,0.0,stuck,148,1956.2,47643
297,257,-26.294,0,A,14,14,0.0,escape,149,1967.5,47900
298,300,-46.685,0,A,14,7,0.0,,149,1982.3,48200
299,193,-47.167,0,A,7,13,0.0,stuck,150,1991.3,48393
300,300,-64.008,0,A,13,15,0.0,,150,2006.1,48693
301,252,-58.09,0,A,15,14,0.0,stuck,151,2017.4,48945
302,300,-61.69,0,A,14,15,0.0,,151,2030.6,49245
303,283,-68.525,0,A,15,14,0.0,stuck,152,2043.2,49528
304,300,-64.931,0,A,14,14,0.0,,152,2056.6,49828
305,1,-0.202,0,A,14,14,0.0,stuck,153,2056.6,49829
306,300,-61.852,0,A,14,14,0.0,,153,2143.1,50129
307,1,-0.2,0,A,14,30,0.0,stuck,154,2143.1,50130
308,300,-51.127,0,A,30,30,0.0,,154,2156.9,50430
309,1,-0.17,0,A,30,22,0.0,stuck,155,2156.9,50431
310,300,-48.739,0,A,22,22,0.0,,155,2170.7,50731
311,1,-0.176,0,A,22,21,0.0,stuck,156,2170.7,50732
312,300,-48.258,0,A,21,21,0.0,,156,2185.3,51032
313,1,-0.16,0,A,21,23,0.0,stuck,157,2185.3,51033
314,300,-61.71,0,A,23,23,0.0,,157,2200.8,51333
315,1,-0.209,0,A,23,30,0.0,stuck,158,2200.9,51334
316,300,-51.404,0,A,30,30,0.0,,158,2215.4,51634
317,1,-0.185,0,A,30,14,0.0,stuck,159,2215.4,51635
318,300,-56.563,0,A,14,14,0.0,,159,2229.2,51935
319,1,-0.198,0,A,14,22,0.0,stuck,160,2229.2,51936
320,300,-47.483,0,A,22,22,0.0,,160,2242.5,52236
321,1,-0.16,0,A,22,23,0.0,stuck,161,2242.6,52237
322,300,-62.88,0,A,23,23,0.0,,161,2256.0,52537
323,1,-0.218,0,A,23,22,0.0,stuck,162,2256.0,52538
324,300,-48.069,0,A,22,22,0.0,,162,2269.2,52838
325,1,-0.176,0,A,22,14,0.0,stuck,163,2269.2,52839
326,300,-54.632,0,A,14,14,0.0,,163,2282.3,53139
327,1,-0.182,0,A,14,22,0.0,stuck,164,2282.4,53140
328,300,-53.037,0,A,22,22,0.0,,164,2295.5,53440
329,1,-0.185,0,A,22,30,0.0,stuck,165,2295.6,53441
330,300,-57.651,0,A,30,30,0.0,,165,2308.8,53741
331,1,-0.203,0,A,30,23,0.0,stuck,166,2308.8,53742
332,300,-59.867,0,A,23,23,0.0,,166,2322.1,54042
333,1,-0.213,0,A,23,14,0.0,stuck,167,2322.1,54043
334,300,-57.225,0,A,14,15,0.0,,167,2335.0,54343
335,271,-61.188,0,A,15,13,0.0,stuck,168,2346.7,54614
336,300,-51.696,0,A,13,13,0.0,,168,2359.5,54914
337,1,-0.158,0,A,13,14,0.0,stuck,169,2359.5,54915
338,300,-36.824,0,A,14,15,0.0,,169,2372.6,55215
339,300,-75.369,0,A,15,23,0.0,,169,2385.8,55515
340,3,-0.675,0,A,23,14,0.0,stuck,170,2385.9,55518
341,300,-68.495,0,A,14,14,0.0,,170,2399.2,55818
342,1,-0.187,0,A,14,14,0.0,stuck,171,2399.2,55819
343,300,-75.706,0,A,14,14,0.0,,171,2412.1,56119
344,1,-0.171,0,A,14,23,0.0,stuck,172,2412.2,56120
345,300,-70.439,0,A,23,23,0.0,,172,2425.0,56420
346,1,-0.213,0,A,23,14,0.0,stuck,173,2425.0,56421
347,300,-72.807,0,A,14,14,0.0,,173,2437.9,56721
348,1,-0.173,0,A,14,15,0.0,stuck,174,2438.0,56722
349,300,-83.151,0,A,15,15,0.0,,174,2451.3,57022
350,1,-0.21,0,A,15,31,0.0,stuck,175,2451.4,57023
351,300,-64.585,0,A,31,31,0.0,,175,2464.6,57323
352,1,-0.21,0,A,31,14,0.0,stuck,176,2464.6,57324
353,300,-62.227,0,A,14,14,0.0,,176,2477.8,57624
354,1,-0.19,0,A,14,22,0.0,stuck,177,2477.9,57625
355,300,-51.697,0,A,22,22,0.0,,177,2491.3,57925
356,1,-0.183,0,A,22,15,0.0,stuck,178,2491.4,57926
357,300,-59.951,0,A,15,15,0.0,,178,2505.0,58226
358,1,-0.213,0,A,15,22,0.0,stuck,179,2505.0,58227
359,300,-56.56,0,A,22,22,0.0,,179,2518.5,58527
360,1,-0.19,0,A,22,14,0.0,stuck,180,2518.6,58528
361,300,-49.377,0,A,14,14,0.0,,180,2531.8,58828
362,1,-0.161,0,A,14,22,0.0,stuck,181,2531.9,58829
363,300,-51.442,0,A,22,22,0.0,,181,2545.0,59129
364,1,-0.189,0,A,22,22,0.0,stuck,182,2545.1,59130
365,300,-53.959,0,A,22,22,0.0,,182,2558.6,59430
366,1,-0.197,0,A,22,22,0.0,stuck,183,2558.6,59431
367,300,-52.977,0,A,22,22,0.0,,183,2573.2,59731
368,1,-0.199,0,A,22,23,0.0,stuck,184,2573.2,59732
369,300,-60.395,0,A,23,23,0.0,,184,2586.5,60032
370,1,-0.216,0,A,23,22,0.0,stuck,185,2586.5,60033
371,300,-56.954,0,A,22,22,0.0,,185,2599.6,60333
372,1,-0.169,0,A,22,14,0.0,stuck,186,2599.7,60334
373,300,-59.041,0,A,14,14,0.0,,186,2612.5,60634
374,1,-0.188,0,A,14,6,0.0,stuck,187,2612.6,60635
375,300,-63.775,0,A,6,6,0.0,,187,2625.9,60935
376,1,-0.185,0,A,6,22,0.0,stuck,188,2625.9,60936
377,300,-56.218,0,A,22,22,0.0,,188,2638.9,61236
378,1,-0.181,0,A,22,22,0.0,stuck,189,2638.9,61237
379,300,-57.449,0,A,22,22,0.0,,189,2651.9,61537
380,1,-0.164,0,A,22,22,0.0,stuck,190,2652.0,61538
381,300,-54.736,0,A,22,22,0.0,,190,2664.9,61838
382,1,-0.19,0,A,22,31,0.0,stuck,191,2665.0,61839
383,300,-62.554,0,A,31,31,0.0,,191,2678.1,62139
384,1,-0.208,0,A,31,7,0.0,stuck,192,2678.1,62140
385,300,-59.197,0,A,7,7,0.0,,192,2691.2,62440
386,1,-0.204,0,A,7,22,0.0,stuck,193,2691.2,62441
387,300,-59.192,0,A,22,22,0.0,,193,2704.4,62741
388,32,-5.673,0,A,22,6,0.0,stuck,194,2705.7,62773
389,300,-58.465,0,A,6,6,0.0,,194,2718.6,63073
390,54,-9.012,0,A,6,6,0.0,stuck,195,2720.8,63127
391,300,-56.067,0,A,6,6,0.0,,195,2733.9,63427
392,1,-0.201,0,A,6,15,0.0,stuck,196,2733.9,63428
393,300,-54.183,0,A,15,15,0.0,,196,2746.8,63728
394,1,-0.213,0,A,15,31,0.0,stuck,197,2746.8,63729
395,132,-26.174,0,A,31,23,0.0,escape,198,2752.5,63861
396,300,-54.458,0,A,23,23,0.0,,198,2765.5,64161
397,1,-0.214,0,A,23,22,0.0,stuck,199,2765.6,64162
398,300,-46.866,0,A,22,22,0.0,,199,2778.6,64462
399,1,-0.169,0,A,22,15,0.0,stuck,200,2778.7,64463
400,300,-57.33,0,A,15,15,0.0,,200,2791.7,64763
401,1,-0.202,0,A,15,22,0.0,stuck,201,2791.8,64764
402,300,-55.705,0,A,22,22,0.0,,201,2804.6,65064
403,1,-0.198,0,A,22,15,0.0,stuck,202,2804.6,65065
404,300,-63.918,0,A,15,15,0.0,,202,2817.6,65365
405,1,-0.207,0,A,15,14,0.0,stuck,203,2817.7,65366
406,300,-65.861,0,A,14,14,0.0,,203,2830.6,65666
407,1,-0.197,0,A,14,14,0.0,stuck,204,2830.7,65667
408,300,-50.822,0,A,14,14,0.0,,204,2843.8,65967
409,1,-0.174,0,A,14,6,0.0,stuck,205,2843.8,65968
410,300,-57.493,0,A,6,6,0.0,,205,2856.7,66268
411,1,-0.183,0,A,6,13,0.0,stuck,206,2856.7,66269
412,300,-50.513,0,A,13,13,0.0,,206,2869.5,66569
413,1,-0.157,0,A,13,7,0.0,stuck,207,2869.6,66570
414,300,-63.962,0,A,7,7,0.0,,207,2882.6,66870
415,1,-0.209,0,A,7,15,0.0,stuck,208,2882.6,66871
416,300,-62.279,0,A,15,15,0.0,,208,2895.5,67171
417,1,-0.212,0,A,15,22,0.0,stuck,209,2895.6,67172
418,300,-48.863,0,A,22,22,0.0,,209,2909.2,67472
419,1,-0.172,0,A,22,22,0.0,stuck,210,2909.2,67473
420,300,-55.907,0,A,22,22,0.0,,210,2922.5,67773
421,1,-0.195,0,A,22,23,0.0,stuck,211,2922.5,67774
422,300,-59.523,0,A,23,23,0.0,,211,2935.4,68074
423,1,-0.204,0,A,23,14,0.0,stuck,212,2935.5,68075
424,300,-46.2,0,A,14,14,0.0,,212,2948.5,68375
425,1,-0.161,0,A,14,6,0.0,stuck,213,2948.5,68376
426,300,-69.956,0,A,6,6,0.0,,213,2961.6,68676
427,1,-0.191,0,A,6,14,0.0,stuck,214,2961.6,68677
428,300,-50.257,0,A,14,14,0.0,,214,2974.6,68977
429,1,-0.179,0,A,14,14,0.0,stuck,215,2974.7,68978
430,300,-49.81,0,A,14,14,0.0,,215,2988.0,69278
431,1,-0.17,0,A,14,14,0.0,stuck,216,2988.1,69279
432,300,-47.902,0,A,14,14,0.0,,216,3001.1,69579
433,1,-0.162,0,A,14,13,0.0,stuck,217,3001.1,69580
434,300,-45.16,0,A,13,13,0.0,,217,3013.9,69880
435,1,-0.156,0,A,13,22,0.0,stuck,218,3013.9,69881
436,300,-49.28,0,A,22,22,0.0,,218,3026.8,70181
437,1,-0.183,0,A,22,14,0.0,stuck,219,3026.8,70182
438,300,-51.396,0,A,14,14,0.0,,219,3040.1,70482
439,1,-0.182,0,A,14,30,0.0,stuck,220,3040.2,70483
440,300,-53.538,0,A,30,30,0.0,,220,3053.4,70783
441,1,-0.199,0,A,30,6,0.0,stuck,221,3053.4,70784
442,300,-54.215,0,A,6,6,0.0,,221,3066.4,71084
443,1,-0.179,0,A,6,15,0.0,stuck,222,3066.5,71085
444,300,-57.299,0,A,15,15,0.0,,222,3079.3,71385
445,1,-0.203,0,A,15,22,0.0,stuck,223,3079.4,71386
446,300,-45.931,0,A,22,22,0.0,,223,3092.5,71686
447,1,-0.162,0,A,22,22,0.0,stuck,224,3092.5,71687
448,300,-53.0,0,A,22,22,0.0,,224,3105.8,71987
449,1,-0.198,0,A,22,15,0.0,stuck,225,3105.8,71988
450,300,-56.598,0,A,15,15,0.0,,225,3118.8,72288
451,1,-0.206,0,A,15,22,0.0,stuck,226,3118.9,72289
452,300,-45.826,0,A,22,22,0.0,,226,3131.6,72589
453,1,-0.169,0,A,22,14,0.0,stuck,227,3131.6,72590
454,300,-52.974,0,A,14,14,0.0,,227,3144.6,72890
455,1,-0.162,0,A,14,22,0.0,stuck,228,3144.6,72891
456,300,-46.175,0,A,22,22,0.0,,228,3157.6,73191
457,1,-0.162,0,A,22,14,0.0,stuck,229,3157.6,73192
458,300,-58.514,0,A,14,14,0.0,,229,3171.1,73492
459,1,-0.198,0,A,14,23,0.0,stuck,230,3171.2,73493
460,300,-70.163,0,A,23,23,0.0,,230,3184.3,73793
461,1,-0.22,0,A,23,14,0.0,stuck,231,3184.4,73794
462,300,-50.63,0,A,14,14,0.0,,231,3197.8,74094
463,1,-0.177,0,A,14,14,0.0,stuck,232,3197.8,74095
464,300,-46.72,0,A,14,14,0.0,,232,3210.8,74395
465,1,-0.163,0,A,14,22,0.0,stuck,233,3210.9,74396
466,300,-51.278,0,A,22,22,0.0,,233,3223.8,74696
467,1,-0.199,0,A,22,14,0.0,stuck,234,3223.8,74697
468,300,-54.407,0,A,14,14,0.0,,234,3236.7,74997
469,1,-0.199,0,A,14,23,0.0,stuck,235,3236.7,74998
470,300,-52.082,0,A,23,23,0.0,,235,3303.3,75298
471,1,-0.202,0,A,23,22,0.0,stuck,236,3303.4,75299
472,300,-64.922,0,A,22,22,0.0,,236,3316.0,75599
473,1,-0.198,0,A,22,14,0.0,stuck,237,3316.0,75600
474,300,-48.175,0,A,14,14,0.0,,237,3328.8,75900
475,1,-0.189,0,A,14,22,0.0,stuck,238,3328.9,75901
476,300,-45.169,0,A,22,22,0.0,,238,3341.6,76201
477,1,-0.163,0,A,22,22,0.0,stuck,239,3341.7,76202
478,300,-56.568,0,A,22,22,0.0,,239,3354.4,76502
479,1,-0.185,0,A,22,14,0.0,stuck,240,3354.4,76503
480,300,-48.954,0,A,14,14,0.0,,240,3367.5,76803
481,1,-0.168,0,A,14,22,0.0,stuck,241,3367.5,76804
482,300,-51.436,0,A,22,22,0.0,,241,3380.4,77104
483,1,-0.172,0,A,22,14,0.0,stuck,242,3380.5,77105
484,300,-53.624,0,A,14,6,0.0,,242,3393.8,77405
485,1,-0.184,0,A,6,22,0.0,stuck,243,3393.9,77406
486,300,-62.239,0,A,22,22,0.0,,243,3406.7,77706
487,285,-49.483,0,A,22,14,0.0,stuck,244,3419.1,77991
488,300,-46.706,0,A,14,14,0.0,,244,3431.9,78291
489,1,-0.164,0,A,14,22,0.0,stuck,245,3431.9,78292
490,300,-62.605,0,A,22,23,0.0,,245,3445.2,78592
491,205,-41.474,0,A,23,14,0.0,stuck,246,3453.9,78797
492,300,-45.573,0,A,14,14,0.0,,246,3466.8,79097
493,1,-0.168,0,A,14,22,0.0,stuck,247,3466.8,79098
494,300,-46.086,0,A,22,22,0.0,,247,3479.8,79398
495,1,-0.167,0,A,22,15,0.0,stuck,248,3479.9,79399
496,300,-56.274,0,A,15,15,0.0,,248,3492.7,79699
497,1,-0.214,0,A,15,14,0.0,stuck,249,3492.7,79700
498,300,-52.914,0,A,14,14,0.0,,249,3505.7,80000
499,1,-0.201,0,A,14,14,0.0,stuck,250,3505.7,80001
500,300,-50.636,0,A,14,14,0.0,,250,3518.6,80301
501,1,-0.194,0,A,14,30,0.0,stuck,251,3518.6,80302
502,300,-48.624,0,A,30,30,0.0,,251,3531.6,80602
503,1,-0.188,0,A,30,22,0.0,stuck,252,3531.6,80603
504,300,-52.054,0,A,22,22,0.0,,252,3544.8,80903
505,1,-0.183,0,A,22,15,0.0,stuck,253,3544.8,80904
506,300,-56.746,0,A,15,15,0.0,,253,3557.9,81204
507,1,-0.202,0,A,15,15,0.0,stuck,254,3558.0,81205
508,300,-62.718,0,A,15,15,0.0,,254,3571.0,81505
509,1,-0.22,0,A,15,14,0.0,stuck,255,3571.0,81506
510,300,-52.983,0,A,14,15,0.0,,255,3583.9,81806
511,92,-17.272,0,A,15,14,0.0,stuck,256,3587.8,81898
512,300,-52.052,0,A,14,14,0.0,,256,3600.7,82198
513,1,-0.17,0,A,14,15,0.0,stuck,257,3600.8,82199
514,300,-81.936,0,A,15,15,0.0,,257,3613.8,82499
515,1,-0.204,0,A,15,14,0.0,stuck,258,3613.8,82500
516,300,-50.434,0,A,14,14,0.0,,258,3626.5,82800
517,1,-0.192,0,A,14,22,0.0,stuck,259,3626.5,82801
518,300,-72.467,0,A,22,22,0.0,,259,3639.6,83101
519,1,-0.199,0,A,22,14,0.0,stuck,260,3639.6,83102
520,300,-49.565,0,A,14,14,0.0,,260,3652.4,83402
521,1,-0.17,0,A,14,22,0.0,stuck,261,3652.4,83403
522,300,-81.637,0,A,22,22,0.0,,261,3665.4,83703
523,1,-0.201,0,A,22,14,0.0,stuck,262,3665.5,83704
524,300,-56.192,0,A,14,14,0.0,,262,3678.4,84004
525,1,-0.198,0,A,14,22,0.0,stuck,263,3678.4,84005
526,300,-55.966,0,A,22,21,0.0,,263,3691.4,84305
527,278,-39.74,0,A,21,21,0.0,stuck,264,3708.6,84583
528,276,-50.257,0,A,21,6,0.0,escape,265,3722.9,84859
529,300,-61.774,0,A,6,6,0.0,,265,3738.3,85159
530,1,-0.196,0,A,6,30,0.0,stuck,266,3738.3,85160
531,300,-59.963,0,A,30,30,0.0,,266,3752.9,85460
532,1,-0.188,0,A,30,22,0.0,stuck,267,3753.0,85461
533,300,-49.989,0,A,22,22,0.0,,267,3767.7,85761
534,1,-0.192,0,A,22,14,0.0,stuck,268,3767.8,85762
535,300,-53.246,0,A,14,14,0.0,,268,3782.7,86062
536,1,-0.162,0,A,14,14,0.0,stuck,269,3782.8,86063
537,300,-51.768,0,A,14,14,0.0,,269,3797.7,86363
538,1,-0.191,0,A,14,30,0.0,stuck,270,3797.8,86364
539,300,-56.534,0,A,30,30,0.0,,270,3812.5,86664
540,55,-8.578,0,A,30,14,0.0,stuck,271,3815.3,86719
541,300,-55.155,0,A,14,14,0.0,,271,3833.1,87019
542,1,-0.166,0,A,14,23,0.0,stuck,272,3833.1,87020
543,300,-63.813,0,A,23,23,0.0,,272,3848.0,87320
544,1,-0.206,0,A,23,14,0.0,stuck,273,3848.0,87321
545,300,-61.372,0,A,14,14,0.0,,273,3863.0,87621
546,1,-0.186,0,A,14,15,0.0,stuck,274,3863.1,87622
547,300,-58.767,0,A,15,15,0.0,,274,3877.8,87922
548,161,-32.459,0,A,15,22,0.0,stuck,275,3885.6,88083
549,300,-53.002,0,A,22,22,0.0,,275,3900.5,88383
550,1,-0.168,0,A,22,22,0.0,stuck,276,3900.5,88384
551,300,-54.812,0,A,22,22,0.0,,276,3915.4,88684
552,1,-0.19,0,A,22,30,0.0,stuck,277,3915.5,88685
553,300,-53.652,0,A,30,22,0.0,,277,3932.0,88985
554,1,-0.177,0,A,22,30,0.0,stuck,278,3932.0,88986
555,300,-48.123,0,A,30,30,0.0,,278,3948.7,89286
556,1,-0.186,0,A,30,14,0.0,stuck,279,3948.7,89287
557,300,-44.045,0,A,14,14,0.0,,279,3964.4,89587
558,1,-0.161,0,A,14,15,0.0,stuck,280,3964.4,89588
559,300,-29.131,0,A,15,15,0.0,,280,3979.5,89888
560,300,-62.382,0,A,15,15,0.0,,280,3995.4,90188
561,4,-0.876,0,A,15,22,0.0,stuck,281,3995.6,90192
562,300,-72.014,0,A,22,22,0.0,,281,4010.4,90492
563,1,-0.196,0,A,22,22,0.0,stuck,282,4010.4,90493
564,300,-55.845,0,A,22,22,0.0,,282,4027.4,90793
565,1,-0.198,0,A,22,22,0.0,stuck,283,4027.4,90794
566,300,-53.05,0,A,22,22,0.0,,283,4042.3,91094
567,1,-0.202,0,A,22,23,0.0,stuck,284,4042.4,91095
568,300,-77.498,0,A,23,23,0.0,,284,4059.3,91395
569,1,-0.219,0,A,23,22,0.0,stuck,285,4059.3,91396
570,300,-46.43,0,A,22,22,0.0,,285,4074.7,91696
571,1,-0.167,0,A,22,22,0.0,stuck,286,4074.7,91697
572,300,-46.915,0,A,22,22,0.0,,286,4089.8,91997
573,1,-0.177,0,A,22,22,0.0,stuck,287,4089.9,91998
574,300,-48.212,0,A,22,22,0.0,,287,4104.9,92298
575,1,-0.184,0,A,22,21,0.0,stuck,288,4105.0,92299
576,300,-46.585,0,A,21,21,0.0,,288,4120.2,92599
577,1,-0.158,0,A,21,14,0.0,stuck,289,4120.2,92600
578,300,-52.39,0,A,14,14,0.0,,289,4135.3,92900
579,1,-0.17,0,A,14,14,0.0,stuck,290,4135.4,92901
580,300,-51.279,0,A,14,14,0.0,,290,4152.0,93201
581,1,-0.175,0,A,14,14,0.0,stuck,291,4152.1,93202
582,300,-55.406,0,A,14,14,0.0,,291,4168.5,93502
583,1,-0.178,0,A,14,6,0.0,stuck,292,4168.6,93503
584,300,-56.646,0,A,6,6,0.0,,292,4183.6,93803
585,1,-0.198,0,A,6,23,0.0,stuck,293,4183.6,93804
586,300,-55.35,0,A,23,23,0.0,,293,4198.4,94104
587,1,-0.207,0,A,23,22,0.0,stuck,294,4198.5,94105
588,300,-62.051,0,A,22,22,0.0,,294,4213.2,94405
589,1,-0.181,0,A,22,21,0.0,stuck,295,4213.2,94406
590,300,-47.24,0,A,21,29,0.0,,295,4228.6,94706
591,299,-41.794,0,A,29,21,0.0,stuck,296,4243.7,95005
592,300,-59.993,0,A,21,21,0.0,,296,4258.8,95305
593,1,-0.154,0,A,21,21,0.0,stuck,297,4258.8,95306
594,300,-42.544,0,A,21,21,0.0,,297,4275.5,95606
595,1,-0.156,0,A,21,22,0.0,stuck,298,4275.6,95607
596,300,-49.406,0,A,22,22,0.0,,298,4290.7,95907
597,1,-0.177,0,A,22,30,0.0,stuck,299,4290.7,95908
598,300,-49.819,0,A,30,30,0.0,,299,4305.6,96208
599,1,-0.187,0,A,30,14,0.0,stuck,300,4305.7,96209
600,300,-47.956,0,A,14,14,0.0,,300,4320.6,96509
601,1,-0.186,0,A,14,14,0.0,stuck,301,4320.7,96510
602,300,-43.889,0,A,14,14,0.0,,301,4336.6,96810
603,1,-0.173,0,A,14,14,0.0,stuck,302,4336.7,96811
604,300,-51.13,0,A,14,14,0.0,,302,4352.7,97111
605,1,-0.162,0,A,14,14,0.0,stuck,303,4352.8,97112
606,300,-54.53,0,A,14,14,0.0,,303,4368.7,97412
607,1,-0.181,0,A,14,22,0.0,stuck,304,4368.7,97413
608,300,-56.43,0,A,22,14,0.0,,304,4386.2,97713
609,98,-15.198,0,A,14,22,0.0,stuck,305,4391.0,97811
610,300,-50.695,0,A,22,22,0.0,,305,4407.5,98111
611,1,-0.17,0,A,22,22,0.0,stuck,306,4407.6,98112
612,300,-54.575,0,A,22,21,0.0,,306,4422.7,98412
613,129,-17.267,0,A,21,22,0.0,stuck,307,4429.3,98541
614,300,-51.078,0,A,22,22,0.0,,307,4444.6,98841
615,1,-0.168,0,A,22,30,0.0,stuck,308,4444.7,98842
616,300,-49.101,0,A,30,30,0.0,,308,4460.4,99142
617,1,-0.193,0,A,30,14,0.0,stuck,309,4460.4,99143
618,300,-69.0,0,A,14,14,0.0,,309,4474.9,99443
619,1,-0.187,0,A,14,22,0.0,stuck,310,4474.9,99444
620,300,-54.708,0,A,22,21,0.0,,310,4489.3,99744
621,156,-23.194,0,A,21,14,0.0,stuck,311,4496.7,99900
622,300,-55.956,0,A,14,13,0.0,,311,4599.4,100200
623,169,-24.296,0,A,13,23,0.0,stuck,312,4608.0,100369
624,300,-55.581,0,A,23,23,0.0,,312,4623.7,100669
625,1,-0.205,0,A,23,22,0.0,stuck,313,4623.8,100670
626,300,-48.572,0,A,22,22,0.0,,313,4639.5,100970
627,1,-0.171,0,A,22,6,0.0,stuck,314,4639.6,100971
628,300,-52.493,0,A,6,6,0.0,,314,4655.2,101271
629,1,-0.191,0,A,6,15,0.0,stuck,315,4655.2,101272
630,300,-58.507,0,A,15,15,0.0,,315,4671.2,101572
631,1,-0.205,0,A,15,22,0.0,stuck,316,4671.3,101573
632,300,-50.376,0,A,22,22,0.0,,316,4688.4,101873
633,1,-0.189,0,A,22,14,0.0,stuck,317,4688.5,101874
634,300,-53.995,0,A,14,14,0.0,,317,4704.1,102174
635,1,-0.186,0,A,14,22,0.0,stuck,318,4704.1,102175
636,300,-42.479,0,A,22,22,0.0,,318,4720.1,102475
637,1,-0.162,0,A,22,14,0.0,stuck,319,4720.1,102476
638,300,-49.482,0,A,14,14,0.0,,319,4735.5,102776
639,1,-0.188,0,A,14,22,0.0,stuck,320,4735.6,102777
640,300,-46.895,0,A,22,22,0.0,,320,4753.1,103077
641,1,-0.188,0,A,22,21,0.0,stuck,321,4753.2,103078
642,300,-44.248,0,A,21,21,0.0,,321,4769.0,103378
643,1,-0.157,0,A,21,14,0.0,stuck,322,4769.0,103379
644,300,-48.04,0,A,14,14,0.0,,322,4785.0,103679
645,1,-0.161,0,A,14,30,0.0,stuck,323,4785.0,103680
646,300,-51.515,0,A,30,30,0.0,,323,4800.8,103980
647,1,-0.202,0,A,30,22,0.0,stuck,324,4800.8,103981
648,300,-54.257,0,A,22,22,0.0,,324,4816.7,104281
649,1,-0.173,0,A,22,22,0.0,stuck,325,4816.7,104282
650,300,-53.686,0,A,22,22,0.0,,325,4833.8,104582
651,132,-20.426,0,A,22,31,0.0,stuck,326,4842.1,104714
652,300,-55.976,0,A,31,31,0.0,,326,4858.4,105014
653,1,-0.205,0,A,31,15,0.0,stuck,327,4858.5,105015
654,300,-71.142,0,A,15,15,0.0,,327,4873.6,105315
655,274,-60.853,0,A,15,22,0.0,stuck,328,4888.5,105589
656,300,-58.912,0,A,22,22,0.0,,328,4904.6,105889
657,1,-0.197,0,A,22,22,0.0,stuck,329,4904.6,105890
658,300,-65.957,0,A,22,22,0.0,,329,4922.4,106190
659,1,-0.172,0,A,22,23,0.0,stuck,330,4922.5,106191
660,300,-64.256,0,A,23,23,0.0,,330,4940.6,106491
661,1,-0.223,0,A,23,21,0.0,stuck,331,4940.6,106492
662,300,-64.61,0,A,21,21,0.0,,331,4958.7,106792
663,1,-0.156,0,A,21,22,0.0,stuck,332,4958.7,106793
664,300,-57.573,0,A,22,22,0.0,,332,4973.5,107093
665,1,-0.179,0,A,22,22,0.0,stuck,333,4973.6,107094
666,300,-55.475,0,A,22,22,0.0,,333,4988.5,107394
667,1,-0.189,0,A,22,22,0.0,stuck,334,4988.5,107395
668,300,-57.793,0,A,22,22,0.0,,334,5006.6,107695
669,1,-0.17,0,A,22,21,0.0,stuck,335,5006.7,107696
670,300,-43.547,0,A,21,21,0.0,,335,5021.3,107996
671,222,-34.124,0,A,21,23,0.0,stuck,336,5035.0,108218
672,300,-66.025,0,A,23,23,0.0,,336,5051.0,108518
673,1,-0.222,0,A,23,22,0.0,stuck,337,5051.0,108519
674,300,-52.782,0,A,22,22,0.0,,337,5068.2,108819
675,1,-0.196,0,A,22,30,0.0,stuck,338,5068.4,108820
676,300,-54.689,0,A,30,30,0.0,,338,5085.5,109120
677,1,-0.198,0,A,30,14,0.0,stuck,339,5085.6,109121
678,300,-60.77,0,A,14,14,0.0,,339,5101.2,109421
679,1,-0.197,0,A,14,22,0.0,stuck,340,5101.2,109422
680,67,-11.963,0,A,22,21,0.0,escape,341,5104.7,109489
681,46,-7.714,0,A,21,22,0.0,escape,342,5107.2,109535
682,300,-67.645,0,A,22,30,0.0,,342,5122.8,109835
683,50,-8.902,0,A,30,15,0.0,stuck,343,5125.4,109885
684,300,-65.818,0,A,15,14,0.0,,343,8392.7,110185
685,63,-9.9,0,A,14,13,0.0,stuck,344,8395.3,110248
686,300,-46.7,0,A,13,13,0.0,,344,8406.7,110548
687,1,-0.153,0,A,13,22,0.0,stuck,345,8406.8,110549
688,300,-60.714,0,A,22,22,0.0,,345,8417.7,110849
689,1,-0.19,0,A,22,15,0.0,stuck,346,8417.8,110850
690,300,-75.919,0,A,15,15,0.0,,346,8428.5,111150
691,1,-0.202,0,A,15,30,0.0,stuck,347,8428.6,111151
692,300,-55.735,0,A,30,30,0.0,,347,8440.0,111451
693,1,-0.185,0,A,30,21,0.0,stuck,348,8440.0,111452
694,300,-55.521,0,A,21,21,0.0,,348,8451.3,111752
695,1,-0.159,0,A,21,21,0.0,stuck,349,8451.3,111753
696,300,-48.989,0,A,21,21,0.0,,349,8462.0,112053
697,1,-0.156,0,A,21,23,0.0,stuck,350,8462.1,112054
698,300,-72.763,0,A,23,23,0.0,,350,8473.5,112354
699,1,-0.22,0,A,23,22,0.0,stuck,351,8473.5,112355
700,300,-50.027,0,A,22,22,0.0,,351,8484.7,112655
701,1,-0.164,0,A,22,22,0.0,stuck,352,8484.7,112656
702,300,-59.253,0,A,22,22,0.0,,352,8495.8,112956
703,1,-0.197,0,A,22,30,0.0,stuck,353,8495.8,112957
704,300,-61.437,0,A,30,30,0.0,,353,8507.0,113257
705,1,-0.201,0,A,30,14,0.0,stuck,354,8507.1,113258
706,300,-53.59,0,A,14,14,0.0,,354,8518.5,113558
707,1,-0.166,0,A,14,21,0.0,stuck,355,8518.5,113559
708,300,-48.376,0,A,21,21,0.0,,355,8530.2,113859
709,1,-0.155,0,A,21,13,0.0,stuck,356,8530.2,113860
710,300,-49.303,0,A,13,13,0.0,,356,8542.0,114160
711,1,-0.155,0,A,13,6,0.0,stuck,357,8542.0,114161
712,300,-58.272,0,A,6,6,0.0,,357,8553.8,114461
713,1,-0.183,0,A,6,15,0.0,stuck,358,8553.8,114462
714,300,-64.784,0,A,15,15,0.0,,358,8565.0,114762
715,1,-0.219,0,A,15,23,0.0,stuck,359,8565.0,114763
716,300,-59.279,0,A,23,23,0.0,,359,8576.4,115063
717,1,-0.211,0,A,23,14,0.0,stuck,360,8576.5,115064
718,300,-55.107,0,A,14,14,0.0,,360,8587.9,115364
719,1,-0.178,0,A,14,22,0.0,stuck,361,8587.9,115365
720,300,-49.662,0,A,22,22,0.0,,361,8599.5,115665
721,1,-0.173,0,A,22,14,0.0,stuck,362,8599.5,115666
722,300,-47.972,0,A,14,14,0.0,,362,8610.9,115966
723,1,-0.189,0,A,14,23,0.0,stuck,363,8611.0,115967
724,300,-52.486,0,A,23,23,0.0,,363,8622.5,116267
725,1,-0.211,0,A,23,22,0.0,stuck,364,8622.5,116268
726,300,-45.051,0,A,22,22,0.0,,364,8634.2,116568
727,1,-0.167,0,A,22,21,0.0,stuck,365,8634.3,116569
728,300,-41.499,0,A,21,21,0.0,,365,8646.0,116869
729,1,-0.156,0,A,21,13,0.0,stuck,366,8646.0,116870
730,300,-42.123,0,A,13,13,0.0,,366,8657.8,117170
731,1,-0.159,0,A,13,21,0.0,stuck,367,8657.8,117171
732,300,-42.48,0,A,21,21,0.0,,367,8670.2,117471
733,1,-0.157,0,A,21,21,0.0,stuck,368,8670.2,117472
734,300,-42.758,0,A,21,21,0.0,,368,8682.1,117772
735,1,-0.157,0,A,21,14,0.0,stuck,369,8682.1,117773
736,300,-48.104,0,A,14,14,0.0,,369,8694.0,118073
737,1,-0.191,0,A,14,14,0.0,stuck,370,8694.0,118074
738,300,-42.536,0,A,14,14,0.0,,370,8705.8,118374
739,1,-0.17,0,A,14,22,0.0,stuck,371,8705.9,118375
740,300,-50.222,0,A,22,22,0.0,,371,8717.9,118675
741,1,-0.198,0,A,22,14,0.0,stuck,372,8717.9,118676
742,300,-48.602,0,A,14,14,0.0,,372,8730.5,118976
743,1,-0.194,0,A,14,23,0.0,stuck,373,8730.6,118977
744,300,-52.72,0,A,23,23,0.0,,373,8742.5,119277
745,1,-0.211,0,A,23,30,0.0,stuck,374,8742.6,119278
746,300,-48.589,0,A,30,30,0.0,,374,8754.6,119578
747,1,-0.189,0,A,30,14,0.0,stuck,375,8754.6,119579
748,300,-48.231,0,A,14,14,0.0,,375,8766.6,119879
749,1,-0.19,0,A,14,15,0.0,stuck,376,8766.6,119880
750,300,-53.816,0,A,15,15,0.0,,376,8778.8,120180
751,1,-0.207,0,A,15,14,0.0,stuck,377,8778.8,120181
752,300,-60.911,0,A,14,14,0.0,,377,8790.9,120481
753,1,-0.187,0,A,14,22,0.0,stuck,378,8791.0,120482
754,300,-45.451,0,A,22,22,0.0,,378,8803.0,120782
755,1,-0.177,0,A,22,15,0.0,stuck,379,8803.1,120783
756,300,-53.97,0,A,15,6,0.0,,379,8815.3,121083
757,252,-35.917,0,A,6,22,0.0,stuck,380,8825.5,121335
758,300,-50.851,0,A,22,22,0.0,,380,8837.6,121635
759,1,-0.199,0,A,22,15,0.0,stuck,381,8837.7,121636
760,300,-68.935,0,A,15,15,0.0,,381,8850.0,121936
761,1,-0.22,0,A,15,14,0.0,stuck,382,8850.0,121937
762,300,-49.405,0,A,14,14,0.0,,382,8862.4,122237
763,1,-0.195,0,A,14,14,0.0,stuck,383,8862.5,122238
764,300,-48.811,0,A,14,14,0.0,,383,8874.7,122538
765,1,-0.196,0,A,14,30,0.0,stuck,384,8874.7,122539
766,300,-50.131,0,A,30,30,0.0,,384,8887.1,122839
767,1,-0.2,0,A,30,14,0.0,stuck,385,8887.1,122840
768,300,-43.798,0,A,14,14,0.0,,385,8899.6,123140
769,1,-0.171,0,A,14,14,0.0,stuck,386,8899.6,123141
770,300,-46.905,0,A,14,14,0.0,,386,8911.9,123441
771,1,-0.186,0,A,14,22,0.0,stuck,387,8911.9,123442
772,300,-50.274,0,A,22,22,0.0,,387,8924.1,123742
773,1,-0.196,0,A,22,23,0.0,stuck,388,8924.1,123743
774,300,-73.445,0,A,23,23,0.0,,388,8936.3,124043
775,1,-0.215,0,A,23,22,0.0,stuck,389,8936.3,124044
776,300,-48.798,0,A,22,22,0.0,,389,8949.2,124344
777,1,-0.194,0,A,22,23,0.0,stuck,390,8949.2,124345
778,300,-70.771,0,A,23,23,0.0,,390,8962.7,124645
779,1,-0.209,0,A,23,30,0.0,stuck,391,8962.7,124646
780,300,-64.303,0,A,30,30,0.0,,391,8975.3,124946
781,1,-0.193,0,A,30,22,0.0,stuck,392,8975.4,124947
782,300,-48.509,0,A,22,21,0.0,,392,9057.3,125247
783,48,-6.854,0,A,21,22,0.0,stuck,393,9059.3,125295
784,300,-47.028,0,A,22,30,0.0,,393,9071.8,125595
785,1,-0.163,0,A,30,22,0.0,stuck,394,9071.8,125596
786,300,-50.097,0,A,22,21,0.0,,394,9084.2,125896
787,89,-11.958,0,A,21,22,0.0,stuck,395,9087.8,125985
788,300,-45.635,0,A,22,22,0.0,,395,9100.3,126285
789,1,-0.166,0,A,22,14,0.0,stuck,396,9100.3,126286
790,300,-51.552,0,A,14,14,0.0,,396,9112.5,126586
791,1,-0.181,0,A,14,22,0.0,stuck,397,9112.5,126587
792,300,-47.182,0,A,22,22,0.0,,397,9124.8,126887
793,1,-0.165,0,A,22,22,0.0,stuck,398,9124.8,126888
794,300,-47.715,0,A,22,14,0.0,,398,9137.1,127188
795,116,-17.459,0,A,14,15,0.0,stuck,399,9142.0,127304
796,300,-58.178,0,A,15,15,0.0,,399,9154.7,127604
797,1,-0.211,0,A,15,14,0.0,stuck,400,9154.7,127605
798,300,-44.505,0,A,14,14,0.0,,400,9167.4,127905
799,1,-0.165,0,A,14,14,0.0,stuck,401,9167.5,127906
800,300,-48.75,0,A,14,14,0.0,,401,9180.1,128206
801,1,-0.182,0,A,14,23,0.0,stuck,402,9180.2,128207
802,300,-56.664,0,A,23,23,0.0,,402,9192.9,128507
803,1,-0.215,0,A,23,22,0.0,stuck,403,9192.9,128508
804,300,-45.506,0,A,22,22,0.0,,403,9205.7,128808
805,1,-0.178,0,A,22,14,0.0,stuck,404,9205.7,128809
806,300,-47.517,0,A,14,14,0.0,,404,9218.4,129109
807,1,-0.173,0,A,14,22,0.0,stuck,405,9218.4,129110
808,300,-45.136,0,A,22,22,0.0,,405,9231.4,129410
809,1,-0.172,0,A,22,23,0.0,stuck,406,9231.4,129411
810,300,-57.541,0,A,23,23,0.0,,406,9244.2,129711
811,1,-0.223,0,A,23,22,0.0,stuck,407,9244.3,129712
812,300,-44.763,0,A,22,22,0.0,,407,9257.0,130012
813,1,-0.177,0,A,22,15,0.0,stuck,408,9257.0,130013
814,300,-40.386,0,A,15,31,0.0,,408,9269.9,130313
815,300,-39.522,0,A,31,23,0.0,,408,9282.8,130613
816,175,-37.768,0,A,23,15,0.0,stuck,409,9290.3,130788
817,300,-62.306,0,A,15,7,0.0,,409,9303.0,131088
818,142,-32.279,0,A,7,22,0.0,stuck,410,9309.1,131230
819,300,-53.535,0,A,22,22,0.0,,410,9322.0,131530
820,1,-0.17,0,A,22,14,0.0,stuck,411,9322.1,131531
821,300,-51.22,0,A,14,14,0.0,,411,9335.1,131831
822,1,-0.196,0,A,14,22,0.0,stuck,412,9335.2,131832
823,300,-51.305,0,A,22,22,0.0,,412,9348.1,132132
824,1,-0.196,0,A,22,22,0.0,stuck,413,9348.1,132133
825,300,-51.269,0,A,22,22,0.0,,413,9360.9,132433
826,1,-0.196,0,A,22,21,0.0,stuck,414,9360.9,132434
827,300,-46.994,0,A,21,21,0.0,,414,9373.9,132734
828,1,-0.16,0,A,21,15,0.0,stuck,415,9373.9,132735
829,300,-39.914,0,A,15,7,0.0,,415,9387.0,133035
830,300,-38.2,0,A,7,7,0.0,,415,9400.5,133335
831,158,-31.764,0,A,7,23,0.0,stuck,416,9407.6,133493
832,300,-40.263,0,A,23,15,0.0,,416,9421.4,133793
833,300,-38.259,0,A,15,15,0.0,,416,9434.6,134093
834,110,-25.023,0,A,15,14,0.0,stuck,417,9439.6,134203
835,186,-32.547,0,A,14,14,0.0,escape,418,9447.7,134389
836,300,-49.271,0,A,14,15,0.0,,418,9460.5,134689
837,300,-33.13,0,A,15,15,0.0,,418,9473.4,134989
838,300,-40.086,0,A,15,15,0.0,,418,9486.4,135289
839,130,-28.63,0,A,15,14,0.0,stuck,419,9492.0,135419
840,300,-39.214,0,A,14,7,0.0,,419,9504.9,135719
841,240,-33.396,0,A,7,14,0.0,escape,420,9515.3,135959
842,300,-46.088,0,A,14,14,0.0,,420,9528.5,136259
843,1,-0.163,0,A,14,22,0.0,stuck,421,9528.5,136260
844,300,-47.498,0,A,22,22,0.0,,421,9541.9,136560
845,1,-0.168,0,A,22,14,0.0,stuck,422,9542.0,136561
846,300,-28.414,0,A,14,15,0.0,,422,9555.3,136861
847,106,-22.274,0,A,15,6,0.0,stuck,423,9559.9,136967
848,114,-21.238,0,A,6,15,0.0,escape,424,9564.8,137081
849,137,-26.109,0,A,15,14,0.0,escape,425,9570.8,137218
850,300,-34.189,0,A,14,7,0.0,,425,9583.9,137518
851,135,-31.47,0,A,7,22,0.0,stuck,426,9590.1,137653
852,300,-46.02,0,A,22,22,0.0,,426,9604.1,137953
853,1,-0.175,0,A,22,23,0.0,stuck,427,9604.2,137954
854,300,-30.671,0,A,23,15,0.0,,427,9617.2,138254
855,106,-22.452,0,A,15,22,0.0,stuck,428,9621.8,138360
856,300,-47.709,0,A,22,22,0.0,,428,9635.1,138660
857,1,-0.18,0,A,22,30,0.0,stuck,429,9635.2,138661
858,300,-52.552,0,A,30,22,0.0,,429,9648.9,138961
859,1,-0.192,0,A,22,14,0.0,stuck,430,9648.9,138962
860,300,-47.566,0,A,14,14,0.0,,430,9661.9,139262
861,1,-0.176,0,A,14,22,0.0,stuck,431,9661.9,139263
862,300,-68.91,0,A,22,31,0.0,,431,9675.2,139563
863,24,-5.497,0,A,31,15,0.0,escape,432,9676.3,139587
864,300,-59.272,0,A,15,31,0.0,,432,9689.5,139887
865,30,-6.196,0,A,31,14,0.0,escape,433,9690.8,139917
866,300,-48.988,0,A,14,14,0.0,,433,9703.7,140217
867,1,-0.182,0,A,14,14,0.0,stuck,434,9703.7,140218
868,201,-37.241,0,A,14,6,0.0,escape,435,9712.5,140419
869,69,-12.471,0,A,6,23,0.0,escape,436,9715.5,140488
870,300,-76.468,0,A,23,15,0.0,,436,9728.8,140788
871,179,-42.875,0,A,15,22,0.0,escape,437,9736.6,140967
872,300,-46.179,0,A,22,22,0.0,,437,9749.8,141267
873,1,-0.163,0,A,22,15,0.0,stuck,438,9749.8,141268
874,300,-26.228,0,A,15,15,0.0,,438,9763.6,141568
875,90,-21.152,0,A,15,22,0.0,stuck,439,9767.7,141658
876,300,-51.769,0,A,22,22,0.0,,439,9781.4,141958
877,1,-0.169,0,A,22,6,0.0,stuck,440,9781.4,141959
878,300,-81.018,0,A,6,6,0.0,,440,9794.4,142259
879,1,-0.182,0,A,6,15,0.0,stuck,441,9794.4,142260
880,300,-76.334,0,A,15,15,0.0,,441,9807.7,142560
881,300,-25.606,0,A,15,15,0.0,,441,9821.2,142860
882,95,-19.795,0,A,15,14,0.0,stuck,442,9825.5,142955
883,300,-45.402,0,A,14,14,0.0,,442,9840.1,143255
884,1,-0.16,0,A,14,15,0.0,stuck,443,9840.1,143256
885,132,-24.187,0,A,15,14,0.0,escape,444,9846.0,143388
886,300,-57.189,0,A,14,22,0.0,,444,9859.9,143688
887,257,-41.985,0,A,22,23,0.0,stuck,445,9871.7,143945
888,300,-54.643,0,A,23,23,0.0,,445,9884.8,144245
889,1,-0.209,0,A,23,22,0.0,stuck,446,9884.8,144246
890,300,-49.19,0,A,22,22,0.0,,446,9897.9,144546
891,1,-0.183,0,A,22,15,0.0,stuck,447,9897.9,144547
892,300,-57.499,0,A,15,15,0.0,,447,9911.1,144847
893,1,-0.204,0,A,15,22,0.0,stuck,448,9911.1,144848
894,300,-46.151,0,A,22,22,0.0,,448,9924.3,145148
895,1,-0.172,0,A,22,14,0.0,stuck,449,9924.4,145149
896,300,-51.919,0,A,14,14,0.0,,449,9937.3,145449
897,1,-0.192,0,A,14,13,0.0,stuck,450,9937.4,145450
898,300,-42.223,0,A,13,13,0.0,,450,9950.3,145750
899,1,-0.154,0,A,13,30,0.0,stuck,451,9950.4,145751
900,300,-46.111,0,A,30,30,0.0,,451,9963.4,146051
901,1,-0.172,0,A,30,6,0.0,stuck,452,9963.5,146052
902,300,-49.659,0,A,6,23,0.0,,452,9976.4,146352
903,300,-54.641,0,A,23,15,0.0,,452,9989.6,146652
904,284,-69.684,0,A,15,22,0.0,stuck,453,10002.1,146936
905,300,-54.328,0,A,22,5,0.0,,453,10015.2,147236
906,1,-0.141,0,A,5,22,0.0,escape,454,10015.2,147237
907,300,-53.983,0,A,22,22,0.0,,454,10028.1,147537
908,154,-27.885,0,A,22,14,0.0,stuck,455,10034.7,147691
909,300,-57.387,0,A,14,6,0.0,,455,10047.6,147991
910,270,-49.034,0,A,6,30,0.0,stuck,456,10059.1,148261
911,300,-52.977,0,A,30,30,0.0,,456,10072.0,148561
912,1,-0.183,0,A,30,14,0.0,stuck,457,10072.1,148562
913,300,-49.224,0,A,14,14,0.0,,457,10084.8,148862
914,1,-0.166,0,A,14,22,0.0,stuck,458,10084.9,148863
915,300,-45.332,0,A,22,22,0.0,,458,10098.0,149163
916,1,-0.166,0,A,22,23,0.0,stuck,459,10098.0,149164
917,300,-56.608,0,A,23,23,0.0,,459,10111.2,149464
918,1,-0.214,0,A,23,23,0.0,stuck,460,10111.2,149465
919,300,-56.416,0,A,23,23,0.0,,460,10124.3,149765
920,1,-0.208,0,A,23,14,0.0,stuck,461,10124.3,149766
921,300,-44.569,0,A,14,14,0.0,,461,10213.2,150066
922,1,-0.168,0,A,14,22,0.0,stuck,462,10213.2,150067
923,300,-47.249,0,A,22,22,0.0,,462,10226.7,150367
924,1,-0.188,0,A,22,15,0.0,stuck,463,10226.7,150368
925,300,-52.66,0,A,15,15,0.0,,463,10240.9,150668
926,1,-0.206,0,A,15,14,0.0,stuck,464,10241.0,150669
927,300,-50.241,0,A,14,14,0.0,,464,10253.8,150969
928,1,-0.197,0,A,14,14,0.0,stuck,465,10253.9,150970
929,300,-46.28,0,A,14,14,0.0,,465,10266.5,151270
930,1,-0.183,0,A,14,22,0.0,stuck,466,10266.5,151271
931,300,-42.422,0,A,22,22,0.0,,466,10279.4,151571
932,1,-0.163,0,A,22,23,0.0,stuck,467,10279.4,151572
933,300,-58.267,0,A,23,15,0.0,,467,10292.1,151872
934,214,-47.303,0,A,15,22,0.0,stuck,468,10301.1,152086
935,300,-48.878,0,A,22,13,0.0,,468,10313.8,152386
936,120,-16.185,0,A,13,6,0.0,stuck,469,10318.9,152506
937,300,-46.943,0,A,6,6,0.0,,469,10331.8,152806
938,1,-0.181,0,A,6,6,0.0,stuck,470,10331.8,152807
939,300,-48.624,0,A,6,6,0.0,,470,10344.9,153107
940,1,-0.193,0,A,6,22,0.0,stuck,471,10345.0,153108
941,300,-57.691,0,A,22,15,0.0,,471,10358.1,153408
942,253,-43.112,0,A,15,22,0.0,stuck,472,10369.2,153661
943,300,-45.724,0,A,22,22,0.0,,472,10382.3,153961
944,1,-0.168,0,A,22,14,0.0,stuck,473,10382.4,153962
945,300,-43.688,0,A,14,14,0.0,,473,10395.4,154262
946,1,-0.16,0,A,14,23,0.0,stuck,474,10395.5,154263
947,300,-85.653,0,A,23,31,0.0,,474,10408.7,154563
948,45,-9.079,0,A,31,23,0.0,stuck,475,10410.6,154608
949,300,-56.714,0,A,23,30,0.0,,475,10423.7,154908
950,212,-40.406,0,A,30,22,0.0,stuck,476,10433.0,155120
951,300,-44.527,0,A,22,22,0.0,,476,10446.0,155420
952,1,-0.164,0,A,22,14,0.0,stuck,477,10446.1,155421
953,300,-45.981,0,A,14,14,0.0,,477,10459.1,155721
954,1,-0.177,0,A,14,23,0.0,stuck,478,10459.1,155722
955,300,-52.691,0,A,23,23,0.0,,478,10472.2,156022
956,1,-0.208,0,A,23,13,0.0,stuck,479,10472.2,156023
957,300,-41.671,0,A,13,13,0.0,,479,10485.4,156323
958,1,-0.152,0,A,13,13,0.0,stuck,480,10485.4,156324
959,300,-42.16,0,A,13,13,0.0,,480,10498.4,156624
960,1,-0.157,0,A,13,13,0.0,stuck,481,10498.5,156625
961,300,-41.605,0,A,13,13,0.0,,481,10511.8,156925
962,1,-0.158,0,A,13,14,0.0,stuck,482,10511.8,156926
963,300,-46.18,0,A,14,14,0.0,,482,10525.7,157226
964,1,-0.179,0,A,14,14,0.0,stuck,483,10525.7,157227
965,300,-51.187,0,A,14,14,0.0,,483,10538.8,157527
966,1,-0.194,0,A,14,15,0.0,stuck,484,10538.8,157528
967,300,-50.522,0,A,15,15,0.0,,484,10552.0,157828
968,75,-15.937,0,A,15,30,0.0,stuck,485,10555.3,157903
969,300,-50.532,0,A,30,30,0.0,,485,10568.5,158203
970,1,-0.194,0,A,30,14,0.0,stuck,486,10568.5,158204
971,300,-51.335,0,A,14,14,0.0,,486,10581.8,158504
972,1,-0.193,0,A,14,22,0.0,stuck,487,10581.9,158505
973,300,-45.962,0,A,22,22,0.0,,487,10595.0,158805
974,1,-0.173,0,A,22,15,0.0,stuck,488,10595.1,158806
975,300,-24.942,0,A,15,15,0.0,,488,10608.4,159106
976,55,-12.532,0,A,15,22,0.0,stuck,489,10610.8,159161
977,300,-44.779,0,A,22,22,0.0,,489,10623.9,159461
978,1,-0.169,0,A,22,7,0.0,stuck,490,10623.9,159462
979,300,-60.683,0,A,7,7,0.0,,490,10637.1,159762
980,49,-9.928,0,A,7,23,0.0,escape,491,10639.2,159811
981,184,-40.7,0,A,23,14,0.0,escape,492,10647.3,159995
982,300,-50.96,0,A,14,14,0.0,,492,10660.4,160295
983,1,-0.193,0,A,14,23,0.0,stuck,493,10660.4,160296
984,300,-54.409,0,A,23,15,0.0,,493,10673.4,160596
985,161,-30.876,0,A,15,6,0.0,stuck,494,10680.5,160757
986,300,-57.094,0,A,6,15,0.0,,494,10693.8,161057
987,50,-10.816,0,A,15,22,0.0,stuck,495,10696.0,161107
988,300,-46.261,0,A,22,22,0.0,,495,10709.1,161407
989,1,-0.173,0,A,22,23,0.0,stuck,496,10709.1,161408
990,300,-19.806,0,A,23,7,0.0,,496,10722.4,161708
991,81,-14.864,0,A,7,15,0.0,escape,497,10726.0,161789
992,91,-13.86,0,A,15,22,0.0,escape,498,10730.0,161880
993,300,-48.916,0,A,22,22,0.0,,498,10743.2,162180
994,1,-0.18,0,A,22,22,0.0,stuck,499,10743.2,162181
995,300,-46.495,0,A,22,22,0.0,,499,10756.4,162481
996,1,-0.177,0,A,22,14,0.0,stuck,500,10756.5,162482
997,300,-49.392,0,A,14,14,0.0,,500,10769.6,162782
998,1,-0.189,0,A,14,22,0.0,stuck,501,10769.6,162783
999,300,-44.423,0,A,22,22,0.0,,501,10782.7,163083
1000,1,-0.164,0,A,22,15,0.0,stuck,502,10782.8,163084
1001,300,-26.122,0,A,15,15,0.0,,502,10796.0,163384
1002,44,-9.661,0,A,15,22,0.0,stuck,503,10797.9,163428
1003,300,-49.135,0,A,22,22,0.0,,503,10811.0,163728
1004,1,-0.186,0,A,22,22,0.0,stuck,504,10811.0,163729
1005,300,-49.179,0,A,22,22,0.0,,504,10824.1,164029
1006,1,-0.186,0,A,22,22,0.0,stuck,505,10824.1,164030
1007,248,-45.56,0,A,22,22,0.0,escape,506,10834.9,164278
1008,300,-51.284,0,A,22,22,0.0,,506,10848.0,164578
1009,1,-0.199,0,A,22,14,0.0,stuck,507,10848.0,164579
1010,300,-70.997,0,A,14,23,0.0,,507,10861.2,164879
1011,107,-20.463,0,A,23,22,0.0,stuck,508,10865.9,164986
1012,109,-22.087,0,A,22,6,0.0,escape,509,10870.7,165095
1013,300,-44.999,0,A,6,6,0.0,,509,10883.6,165395
1014,1,-0.172,0,A,6,13,0.0,stuck,510,10883.7,165396
1015,300,-42.026,0,A,13,13,0.0,,510,10896.9,165696
1016,1,-0.159,0,A,13,14,0.0,stuck,511,10897.0,165697
1017,300,-65.277,0,A,14,30,0.0,,511,10910.3,165997
1018,226,-35.99,0,A,30,22,0.0,stuck,512,10920.2,166223
1019,300,-44.33,0,A,22,22,0.0,,512,10933.4,166523
1020,1,-0.17,0,A,22,22,0.0,stuck,513,10933.5,166524
1021,73,-16.796,0,A,22,14,0.0,escape,514,10936.7,166597
1022,300,-41.932,0,A,14,14,0.0,,514,10949.7,166897
1023,1,-0.164,0,A,14,14,0.0,stuck,515,10949.8,166898
1024,300,-43.555,0,A,14,14,0.0,,515,10962.8,167198
1025,1,-0.168,0,A,14,13,0.0,stuck,516,10962.8,167199
1026,300,-41.772,0,A,13,13,0.0,,516,10976.0,167499
1027,1,-0.153,0,A,13,22,0.0,stuck,517,10976.0,167500
1028,300,-48.111,0,A,22,22,0.0,,517,10989.2,167800
1029,1,-0.188,0,A,22,14,0.0,stuck,518,10989.2,167801
1030,300,-43.871,0,A,14,14,0.0,,518,11002.2,168101
1031,1,-0.169,0,A,14,21,0.0,stuck,519,11002.2,168102
1032,300,-43.987,0,A,21,21,0.0,,519,11015.4,168402
1033,1,-0.158,0,A,21,22,0.0,stuck,520,11015.4,168403
1034,300,-47.518,0,A,22,22,0.0,,520,11028.6,168703
1035,1,-0.19,0,A,22,22,0.0,stuck,521,11028.7,168704
1036,300,-47.337,0,A,22,22,0.0,,521,11041.9,169004
1037,1,-0.182,0,A,22,14,0.0,stuck,522,11041.9,169005
1038,300,-43.561,0,A,14,13,0.0,,522,11055.0,169305
1039,1,-0.159,0,A,13,22,0.0,stuck,523,11055.1,169306
1040,300,-43.489,0,A,22,22,0.0,,523,11068.2,169606
1041,1,-0.159,0,A,22,22,0.0,stuck,524,11068.2,169607
1042,300,-46.825,0,A,22,22,0.0,,524,11081.2,169907
1043,1,-0.184,0,A,22,22,0.0,stuck,525,11081.3,169908
1044,300,-43.276,0,A,22,22,0.0,,525,11094.3,170208
1045,1,-0.161,0,A,22,14,0.0,stuck,526,11094.4,170209
1046,183,-45.66,0,A,14,14,0.0,escape,527,11102.4,170392
1047,300,-62.242,0,A,14,15,0.0,,527,11115.8,170692
1048,49,-12.516,0,A,15,15,0.0,stuck,528,11118.0,170741
1049,268,-76.497,0,A,15,14,0.0,escape,529,11129.8,171009
1050,300,-48.326,0,A,14,14,0.0,,529,11143.0,171309
1051,1,-0.19,0,A,14,22,0.0,stuck,530,11143.1,171310
1052,300,-78.077,0,A,22,23,0.0,,530,11156.0,171610
1053,42,-8.883,0,A,23,22,0.0,stuck,531,11157.8,171652
1054,300,-45.677,0,A,22,22,0.0,,531,11170.6,171952
1055,1,-0.17,0,A,22,15,0.0,stuck,532,11170.6,171953
1056,300,-32.332,0,A,15,15,0.0,,532,11183.6,172253
1057,92,-11.263,0,A,15,22,0.0,stuck,533,11187.6,172345
1058,300,-44.142,0,A,22,22,0.0,,533,11200.3,172645
1059,1,-0.163,0,A,22,21,0.0,stuck,534,11200.4,172646
1060,300,-42.636,0,A,21,21,0.0,,534,11213.3,172946
1061,1,-0.155,0,A,21,14,0.0,stuck,535,11213.3,172947
1062,300,-34.576,0,A,14,15,0.0,,535,11226.6,173247
1063,63,-13.918,0,A,15,23,0.0,stuck,536,11229.4,173310
1064,300,-54.715,0,A,23,30,0.0,,536,11242.6,173610
1065,17,-2.962,0,A,30,13,0.0,stuck,537,11243.4,173627
1066,300,-42.336,0,A,13,13,0.0,,537,11256.5,173927
1067,1,-0.154,0,A,13,30,0.0,stuck,538,11256.5,173928
1068,300,-48.338,0,A,30,30,0.0,,538,11269.6,174228
1069,1,-0.186,0,A,30,14,0.0,stuck,539,11269.7,174229
1070,300,-71.346,0,A,14,15,0.0,,539,11283.0,174529
1071,224,-38.894,0,A,15,23,0.0,escape,540,11292.9,174753
1072,300,-58.544,0,A,23,31,0.0,,540,11379.6,175053
1073,41,-8.859,0,A,31,14,0.0,stuck,541,11381.4,175094
1074,300,-19.426,0,A,14,15,0.0,,541,11394.8,175394
1075,300,-67.206,0,A,15,15,0.0,,541,11408.0,175694
1076,3,-0.704,0,A,15,22,0.0,stuck,542,11408.1,175697
1077,300,-37.891,0,A,22,3,0.0,,542,11421.1,175997
1078,130,-3.218,1,B,3,2,0.0,,542,11426.8,176127
1079,300,-49.463,0,B,2,1,0.0,,542,11439.3,176427
1080,3,-0.54,0,B,1,9,0.0,stuck,543,11439.5,176430
1081,300,-48.796,0,B,9,9,0.0,,543,11452.4,176730
1082,1,-0.178,0,B,9,9,0.0,stuck,544,11452.4,176731
1083,300,-45.875,0,B,9,9,0.0,,544,11465.3,177031
1084,1,-0.164,0,B,9,9,0.0,stuck,545,11465.4,177032
1085,300,-48.536,0,B,9,9,0.0,,545,11478.0,177332
1086,1,-0.187,0,B,9,9,0.0,stuck,546,11478.0,177333
1087,300,-48.641,0,B,9,9,0.0,,546,11490.6,177633
1088,1,-0.186,0,B,9,17,0.0,stuck,547,11490.7,177634
1089,300,-48.021,0,B,17,17,0.0,,547,11503.3,177934
1090,1,-0.183,0,B,17,9,0.0,stuck,548,11503.3,177935
1091,300,-47.884,0,B,9,9,0.0,,548,11516.2,178235
1092,1,-0.175,0,B,9,16,0.0,stuck,549,11516.3,178236
1093,300,-55.799,0,B,16,16,0.0,,549,11529.3,178536
1094,1,-0.207,0,B,16,9,0.0,stuck,550,11529.4,178537
1095,300,-55.229,0,B,9,9,0.0,,550,11543.4,178837
1096,1,-0.198,0,B,9,17,0.0,stuck,551,11543.4,178838
1097,300,-48.75,0,B,17,17,0.0,,551,11556.8,179138
1098,1,-0.18,0,B,17,25,0.0,stuck,552,11556.8,179139
1099,300,-49.867,0,B,25,25,0.0,,552,11570.2,179439
1100,1,-0.189,0,B,25,9,0.0,stuck,553,11570.2,179440
1101,300,-62.547,0,B,9,24,0.0,,553,11583.6,179740
1102,227,-43.059,0,B,24,17,0.0,stuck,554,11593.4,179967
1103,300,-53.08,0,B,17,8,0.0,,554,11606.5,180267
1104,227,-39.408,0,B,8,16,0.0,stuck,555,11616.5,180494
1105,300,-53.182,0,B,16,16,0.0,,555,11629.5,180794
1106,1,-0.214,0,B,16,1,0.0,stuck,556,11629.6,180795
1107,300,-48.334,0,B,1,1,0.0,,556,11642.8,181095
1108,1,-0.191,0,B,1,17,0.0,stuck,557,11642.9,181096
1109,300,-44.602,0,B,17,17,0.0,,557,11655.8,181396
1110,1,-0.173,0,B,17,16,0.0,stuck,558,11655.9,181397
1111,300,-50.659,0,B,16,16,0.0,,558,11668.9,181697
1112,1,-0.202,0,B,16,9,0.0,stuck,559,11669.0,181698
1113,300,-45.593,0,B,9,9,0.0,,559,11682.1,181998
1114,1,-0.177,0,B,9,8,0.0,stuck,560,11682.1,181999
1115,300,-52.468,0,B,8,8,0.0,,560,11695.2,182299
1116,1,-0.21,0,B,8,9,0.0,stuck,561,11695.2,182300
1117,300,-47.517,0,B,9,9,0.0,,561,11708.2,182600
1118,1,-0.187,0,B,9,9,0.0,stuck,562,11708.2,182601
1119,300,-50.263,0,B,9,9,0.0,,562,11721.2,182901
1120,1,-0.2,0,B,9,16,0.0,stuck,563,11721.3,182902
1121,300,-54.9,0,B,16,16,0.0,,563,11734.3,183202
1122,1,-0.213,0,B,16,9,0.0,stuck,564,11734.4,183203
1123,300,-46.717,0,B,9,9,0.0,,564,11747.5,183503
1124,1,-0.182,0,B,9,9,0.0,stuck,565,11747.5,183504
1125,300,-49.293,0,B,9,9,0.0,,565,11760.6,183804
1126,1,-0.196,0,B,9,1,0.0,stuck,566,11760.7,183805
1127,300,-51.843,0,B,1,1,0.0,,566,11774.0,184105
1128,1,-0.201,0,B,1,18,0.0,stuck,567,11774.0,184106
1129,300,-41.334,0,B,18,18,0.0075,,567,11786.9,184406
1130,1,-0.153,0,B,18,17,0.0,stuck,568,11786.9,184407
1131,300,-43.918,0,B,17,17,0.0,,568,11799.9,184707
1132,1,-0.165,0,B,17,10,0.0,stuck,569,11799.9,184708
1133,300,-40.364,0,B,10,10,0.0,,569,11812.9,185008
1134,1,-0.154,0,B,10,17,0.0,stuck,570,11813.0,185009
1135,300,-46.609,0,B,17,17,0.0,,570,11826.0,185309
1136,1,-0.182,0,B,17,1,0.0,stuck,571,11826.1,185310
1137,300,-51.441,0,B,1,1,0.0,,571,11839.1,185610
1138,1,-0.202,0,B,1,1,0.0,stuck,572,11839.2,185611
1139,300,-48.255,0,B,1,1,0.0,,572,11852.1,185911
1140,1,-0.189,0,B,1,8,0.0,stuck,573,11852.2,185912
1141,300,-53.621,0,B,8,8,0.0,,573,11865.1,186212
1142,1,-0.214,0,B,8,9,0.0,stuck,574,11865.2,186213
1143,300,-48.462,0,B,9,9,0.0,,574,11878.1,186513
1144,1,-0.186,0,B,9,17,0.0,stuck,575,11878.2,186514
1145,300,-43.981,0,B,17,17,0.0,,575,11891.2,186814
1146,1,-0.17,0,B,17,16,0.0,stuck,576,11891.2,186815
1147,300,-52.262,0,B,16,16,0.0,,576,11904.3,187115
1148,1,-0.206,0,B,16,17,0.0,stuck,577,11904.3,187116
1149,300,-41.546,0,B,17,17,0.0,,577,11917.3,187416
1150,1,-0.159,0,B,17,8,0.0,stuck,578,11917.4,187417
1151,300,-52.476,0,B,8,8,0.0,,578,11930.4,187717
1152,1,-0.201,0,B,8,17,0.0,stuck,579,11930.4,187718
1153,300,-43.632,0,B,17,17,0.0,,579,11943.3,188018
1154,1,-0.163,0,B,17,9,0.0,stuck,580,11943.4,188019
1155,300,-47.319,0,B,9,9,0.0,,580,11956.4,188319
1156,1,-0.173,0,B,9,8,0.0,stuck,581,11956.5,188320
1157,300,-53.516,0,B,8,8,0.0,,581,11969.8,188620
1158,1,-0.206,0,B,8,1,0.0,stuck,582,11969.8,188621
1159,300,-55.294,0,B,1,1,0.0,,582,11983.9,188921
1160,1,-0.2,0,B,1,9,0.0,stuck,583,11983.9,188922
1161,300,-47.723,0,B,9,9,0.0,,583,11998.3,189222
1162,1,-0.171,0,B,9,9,0.0,stuck,584,11998.3,189223
1163,300,-49.386,0,B,9,9,0.0,,584,12011.3,189523
1164,1,-0.178,0,B,9,9,0.0,stuck,585,12011.4,189524
1165,300,-54.347,0,B,9,9,0.0,,585,12024.4,189824
1166,1,-0.182,0,B,9,10,0.0,stuck,586,12024.5,189825
1167,300,-48.621,0,B,10,10,0.0,,586,12037.9,190125
1168,1,-0.16,0,B,10,24,0.0,stuck,587,12037.9,190126
1169,300,-52.627,0,B,24,24,0.0,,587,12051.0,190426
1170,1,-0.203,0,B,24,25,0.0,stuck,588,12051.0,190427
1171,300,-47.148,0,B,25,25,0.0,,588,12063.9,190727
1172,1,-0.17,0,B,25,9,0.0,stuck,589,12064.0,190728
1173,300,-52.4,0,B,9,9,0.0,,589,12077.1,191028
1174,1,-0.198,0,B,9,18,0.0,stuck,590,12077.1,191029
1175,300,-50.527,0,B,18,18,0.0214,,590,12090.0,191329
1176,1,-0.157,0,B,18,17,0.0,stuck,591,12090.1,191330
1177,300,-52.155,0,B,17,17,0.0,,591,12103.2,191630
1178,1,-0.2,0,B,17,18,0.0,stuck,592,12103.2,191631
1179,300,-41.429,0,B,18,18,0.0339,,592,12116.2,191931
1180,1,-0.154,0,B,18,24,0.0,stuck,593,12116.3,191932
1181,300,-52.709,0,B,24,24,0.0,,593,12129.4,192232
1182,1,-0.206,0,B,24,9,0.0,stuck,594,12129.4,192233
1183,300,-44.15,0,B,9,9,0.0,,594,12142.3,192533
1184,1,-0.161,0,B,9,9,0.0,stuck,595,12142.3,192534
1185,300,-51.495,0,B,9,9,0.0,,595,12155.3,192834
1186,1,-0.195,0,B,9,9,0.0,stuck,596,12155.3,192835
1187,300,-53.829,0,B,9,9,0.0,,596,12168.4,193135
1188,1,-0.192,0,B,9,25,0.0,stuck,597,12168.5,193136
1189,300,-48.533,0,B,25,25,0.0,,597,12181.3,193436
1190,1,-0.189,0,B,25,25,0.0,stuck,598,12181.3,193437
1191,300,-44.424,0,B,25,25,0.0,,598,12194.3,193737
1192,1,-0.175,0,B,25,17,0.0,stuck,599,12194.4,193738
1193,300,-43.518,0,B,17,17,0.0,,599,12207.5,194038
1194,1,-0.171,0,B,17,17,0.0,stuck,600,12207.5,194039
1195,300,-51.703,0,B,17,17,0.0,,600,12220.7,194339
1196,1,-0.201,0,B,17,17,0.0,stuck,601,12220.7,194340
1197,300,-58.213,0,B,17,17,0.0,,601,12233.8,194640
1198,1,-0.201,0,B,17,8,0.0,stuck,602,12233.8,194641
1199,300,-58.455,0,B,8,8,0.0,,602,12246.9,194941
1200,1,-0.203,0,B,8,25,0.0,stuck,603,12246.9,194942
1201,300,-53.926,0,B,25,25,0.0,,603,12259.8,195242
1202,1,-0.198,0,B,25,17,0.0,stuck,604,12259.9,195243
1203,300,-50.746,0,B,17,17,0.0,,604,12272.5,195543
1204,1,-0.186,0,B,17,9,0.0,stuck,605,12272.5,195544
1205,300,-49.184,0,B,9,9,0.0,,605,12285.2,195844
1206,1,-0.169,0,B,9,8,0.0,stuck,606,12285.2,195845
1207,300,-59.481,0,B,8,8,0.0,,606,12298.5,196145
1208,1,-0.21,0,B,8,17,0.0,stuck,607,12298.6,196146
1209,300,-54.871,0,B,17,17,0.0,,607,12311.7,196446
1210,1,-0.193,0,B,17,17,0.0,stuck,608,12311.8,196447
1211,300,-57.964,0,B,17,17,0.0,,608,12324.6,196747
1212,1,-0.199,0,B,17,25,0.0,stuck,609,12324.6,196748
1213,300,-53.235,0,B,25,25,0.0,,609,12337.6,197048
1214,1,-0.172,0,B,25,17,0.0,stuck,610,12337.6,197049
1215,300,-60.299,0,B,17,17,0.0,,610,12350.8,197349
1216,1,-0.191,0,B,17,25,0.0,stuck,611,12350.8,197350
1217,300,-55.992,0,B,25,25,0.0,,611,12364.0,197650
1218,1,-0.193,0,B,25,1,0.0,stuck,612,12364.0,197651
1219,300,-57.015,0,B,1,1,0.0,,612,12377.1,197951
1220,1,-0.2,0,B,1,9,0.0,stuck,613,12377.1,197952
1221,300,-58.427,0,B,9,8,0.0,,613,12390.3,198252
1222,37,-8.265,0,B,8,8,0.0,stuck,614,12391.9,198289
1223,300,-55.392,0,B,8,8,0.0,,614,12405.0,198589
1224,1,-0.202,0,B,8,17,0.0,stuck,615,12405.0,198590
1225,300,-49.144,0,B,17,17,0.0,,615,12418.1,198890
1226,1,-0.164,0,B,17,8,0.0,stuck,616,12418.1,198891
1227,300,-56.042,0,B,8,8,0.0,,616,12431.1,199191
1228,1,-0.206,0,B,8,1,0.0,stuck,617,12431.2,199192
1229,300,-50.014,0,B,1,1,0.0,,617,12444.2,199492
1230,1,-0.183,0,B,1,17,0.0,stuck,618,12444.3,199493
1231,300,-55.122,0,B,17,17,0.0,,618,12457.3,199793
1232,1,-0.181,0,B,17,17,0.0,stuck,619,12457.3,199794
1233,300,-51.619,0,B,17,17,0.0,,619,12544.7,200094
1234,1,-0.169,0,B,17,16,0.0,stuck,620,12544.7,200095
1235,300,-58.874,0,B,16,16,0.0,,620,12557.7,200395
1236,1,-0.212,0,B,16,8,0.0,stuck,621,12557.8,200396
1237,300,-58.513,0,B,8,8,0.0,,621,12570.8,200696
1238,1,-0.215,0,B,8,17,0.0,stuck,622,12570.8,200697
1239,300,-57.567,0,B,17,17,0.0,,622,12584.0,200997
1240,1,-0.202,0,B,17,9,0.0,stuck,623,12584.0,200998
1241,300,-50.879,0,B,9,9,0.0,,623,12597.0,201298
1242,1,-0.179,0,B,9,17,0.0,stuck,624,12597.1,201299
1243,300,-50.078,0,B,17,17,0.0,,624,12610.2,201599
1244,1,-0.177,0,B,17,17,0.0,stuck,625,12610.2,201600
1245,300,-47.379,0,B,17,17,0.0,,625,12622.9,201900
1246,1,-0.176,0,B,17,17,0.0,stuck,626,12623.0,201901
1247,300,-49.245,0,B,17,17,0.0,,626,12635.5,202201
1248,1,-0.171,0,B,17,17,0.0,stuck,627,12635.5,202202
1249,300,-46.724,0,B,17,17,0.0,,627,12648.1,202502
1250,1,-0.166,0,B,17,24,0.0,stuck,628,12648.2,202503
1251,300,-53.368,0,B,24,24,0.0,,628,12660.8,202803
1252,1,-0.204,0,B,24,10,0.0,stuck,629,12660.8,202804
1253,300,-43.833,0,B,10,10,0.0,,629,12673.4,203104
1254,1,-0.155,0,B,10,25,0.0,stuck,630,12673.5,203105
1255,300,-50.591,0,B,25,25,0.0,,630,12686.2,203405
1256,1,-0.192,0,B,25,9,0.0,stuck,631,12686.3,203406
1257,300,-48.472,0,B,9,9,0.0,,631,12699.3,203706
1258,1,-0.183,0,B,9,9,0.0,stuck,632,12699.3,203707
1259,204,-31.902,0,B,9,8,0.0,escape,633,12708.2,203911
1260,300,-53.335,0,B,8,8,0.0,,633,12721.2,204211
1261,1,-0.203,0,B,8,17,0.0,stuck,634,12721.2,204212
1262,300,-47.653,0,B,17,17,0.0,,634,12734.3,204512
1263,1,-0.18,0,B,17,18,0.0,stuck,635,12734.3,204513
1264,300,-47.766,0,B,18,18,0.0055,,635,12747.5,204813
1265,1,-0.157,0,B,18,18,0.0,stuck,636,12747.5,204814
1266,300,-44.945,0,B,18,10,0.0,,636,12760.5,205114
1267,1,-0.143,0,B,10,8,0.0,stuck,637,12760.6,205115
1268,300,-66.181,0,B,8,8,0.0,,637,12773.6,205415
1269,1,-0.21,0,B,8,9,0.0,stuck,638,12773.7,205416
1270,300,-51.894,0,B,9,1,0.0,,638,12786.8,205716
1271,47,-8.447,0,B,1,8,0.0,stuck,639,12788.9,205763
1272,300,-61.801,0,B,8,8,0.0,,639,12802.0,206063
1273,1,-0.217,0,B,8,1,0.0,stuck,640,12802.0,206064
1274,300,-67.093,0,B,1,1,0.0,,640,12815.1,206364
1275,1,-0.197,0,B,1,9,0.0,stuck,641,12815.1,206365
1276,300,-62.295,0,B,9,1,0.0,,641,12828.2,206665
1277,300,-63.398,0,B,1,1,0.0,,641,12841.3,206965
1278,27,-4.949,0,B,1,8,0.0,stuck,642,12842.5,206992
1279,300,-65.096,0,B,8,8,0.0,,642,12855.6,207292
1280,39,-8.332,0,B,8,9,0.0,stuck,643,12857.3,207331
1281,300,-55.991,0,B,9,9,0.0,,643,12870.5,207631
1282,1,-0.175,0,B,9,16,0.0,stuck,644,12870.5,207632
1283,300,-62.151,0,B,16,16,0.0,,644,12883.8,207932
1284,1,-0.215,0,B,16,17,0.0,stuck,645,12883.8,207933
1285,300,-51.791,0,B,17,18,0.0157,,645,12897.0,208233
1286,1,-0.153,0,B,18,9,0.0,stuck,646,12897.0,208234
1287,300,-50.785,0,B,9,9,0.0,,646,12910.2,208534
1288,1,-0.169,0,B,9,17,0.0,stuck,647,12910.2,208535
1289,300,-55.806,0,B,17,12,0.0,,647,12923.4,208835
1290,270,-29.146,0,B,12,9,0.0,stuck,648,12935.1,209105
1291,300,-54.755,0,B,9,9,0.0,,648,12948.2,209405
1292,1,-0.185,0,B,9,9,0.0,stuck,649,12948.2,209406
1293,300,-53.094,0,B,9,9,0.0,,649,12961.1,209706
1294,1,-0.167,0,B,9,16,0.0,stuck,650,12961.1,209707
1295,300,-60.978,0,B,16,16,0.0,,650,12974.2,210007
1296,1,-0.207,0,B,16,9,0.0,stuck,651,12974.3,210008
1297,300,-56.621,0,B,9,9,0.0,,651,12987.4,210308
1298,1,-0.178,0,B,9,17,0.0,stuck,652,12987.4,210309
1299,300,-59.002,0,B,17,17,0.0,,652,13000.4,210609
1300,1,-0.175,0,B,17,17,0.0,stuck,653,13000.5,210610
1301,300,-61.945,0,B,17,17,0.0,,653,13013.5,210910
1302,1,-0.197,0,B,17,9,0.0,stuck,654,13013.5,210911
1303,300,-58.875,0,B,9,9,0.0,,654,13026.6,211211
1304,1,-0.189,0,B,9,9,0.0,stuck,655,13026.6,211212
1305,300,-53.511,0,B,9,9,0.0,,655,13039.5,211512
1306,1,-0.171,0,B,9,9,0.0,stuck,656,13039.5,211513
1307,300,-59.354,0,B,9,9,0.0,,656,13052.5,211813
1308,1,-0.198,0,B,9,17,0.0,stuck,657,13052.6,211814
1309,300,-60.245,0,B,17,17,0.0,,657,13065.5,212114
1310,1,-0.197,0,B,17,16,0.0,stuck,658,13065.5,212115
1311,300,-69.061,0,B,16,16,0.0,,658,13078.5,212415
1312,1,-0.204,0,B,16,17,0.0,stuck,659,13078.6,212416
1313,300,-57.026,0,B,17,17,0.0,,659,13091.5,212716
1314,1,-0.172,0,B,17,17,0.0,stuck,660,13091.6,212717
1315,300,-63.053,0,B,17,17,0.0,,660,13104.5,213017
1316,1,-0.186,0,B,17,17,0.0,stuck,661,13104.6,213018
1317,300,-60.488,0,B,17,17,0.0,,661,13117.5,213318
1318,1,-0.181,0,B,17,17,0.0,stuck,662,13117.5,213319
1319,300,-62.378,0,B,17,17,0.0,,662,13130.5,213619
1320,1,-0.196,0,B,17,17,0.0,stuck,663,13130.5,213620
1321,300,-57.087,0,B,17,17,0.0,,663,13143.5,213920
1322,1,-0.169,0,B,17,9,0.0,stuck,664,13143.5,213921
1323,300,-54.309,0,B,9,9,0.0,,664,13156.6,214221
1324,1,-0.18,0,B,9,17,0.0,stuck,665,13156.6,214222
1325,300,-48.806,0,B,17,17,0.0,,665,13169.6,214522
1326,1,-0.17,0,B,17,8,0.0,stuck,666,13169.7,214523
1327,300,-58.498,0,B,8,8,0.0,,666,13183.2,214823
1328,1,-0.214,0,B,8,9,0.0,stuck,667,13183.2,214824
1329,300,-52.111,0,B,9,9,0.0,,667,13196.2,215124
1330,1,-0.19,0,B,9,16,0.0,stuck,668,13196.3,215125
1331,300,-56.526,0,B,16,16,0.0,,668,13209.3,215425
1332,1,-0.216,0,B,16,8,0.0,stuck,669,13209.4,215426
1333,300,-53.459,0,B,8,8,0.0,,669,13222.4,215726
1334,1,-0.209,0,B,8,17,0.0,stuck,670,13222.5,215727
1335,300,-46.235,0,B,17,17,0.0,,670,13235.4,216027
1336,1,-0.18,0,B,17,9,0.0,stuck,671,13235.4,216028
1337,300,-49.908,0,B,9,9,0.0,,671,13248.4,216328
1338,1,-0.198,0,B,9,17,0.0,stuck,672,13248.5,216329
1339,300,-46.528,0,B,17,17,0.0,,672,13261.6,216629
1340,1,-0.184,0,B,17,24,0.0,stuck,673,13261.6,216630
1341,300,-51.289,0,B,24,24,0.0,,673,13274.7,216930
1342,1,-0.205,0,B,24,17,0.0,stuck,674,13274.7,216931
1343,300,-44.258,0,B,17,17,0.0,,674,13287.9,217231
1344,1,-0.162,0,B,17,17,0.0,stuck,675,13287.9,217232
1345,300,-43.171,0,B,17,17,0.0,,675,13300.9,217532
1346,1,-0.16,0,B,17,16,0.0,stuck,676,13301.0,217533
1347,300,-52.49,0,B,16,16,0.0,,676,13314.0,217833
1348,1,-0.202,0,B,16,17,0.0,stuck,677,13314.1,217834
1349,300,-45.2,0,B,17,17,0.0,,677,13327.3,218134
1350,1,-0.17,0,B,17,9,0.0,stuck,678,13327.4,218135
1351,300,-49.08,0,B,9,9,0.0,,678,13340.3,218435
1352,1,-0.184,0,B,9,16,0.0,stuck,679,13340.3,218436
1353,300,-53.212,0,B,16,16,0.0,,679,13353.3,218736
1354,1,-0.209,0,B,16,9,0.0,stuck,680,13353.4,218737
1355,300,-46.659,0,B,9,9,0.0,,680,13366.4,219037
1356,1,-0.181,0,B,9,17,0.0,stuck,681,13366.4,219038
1357,300,-45.945,0,B,17,17,0.0,,681,13379.4,219338
1358,1,-0.176,0,B,17,9,0.0,stuck,682,13379.5,219339
1359,300,-44.355,0,B,9,9,0.0,,682,13392.3,219639
1360,1,-0.164,0,B,9,16,0.0,stuck,683,13392.3,219640
1361,300,-56.809,0,B,16,16,0.0,,683,13405.1,219940
1362,1,-0.22,0,B,16,9,0.0,stuck,684,13405.1,219941
1363,300,-49.027,0,B,9,9,0.0,,684,13417.7,220241
1364,1,-0.187,0,B,9,10,0.0,stuck,685,13417.7,220242
1365,300,-43.635,0,B,10,10,0.0,,685,13430.4,220542
1366,1,-0.156,0,B,10,9,0.0,stuck,686,13430.4,220543
1367,300,-48.311,0,B,9,9,0.0,,686,13443.0,220843
1368,1,-0.184,0,B,9,9,0.0,stuck,687,13443.1,220844
1369,300,-51.466,0,B,9,9,0.0,,687,13456.0,221144
1370,1,-0.198,0,B,9,25,0.0,stuck,688,13456.0,221145
1371,300,-49.465,0,B,25,25,0.0,,688,13468.9,221445
1372,1,-0.191,0,B,25,18,0.0,stuck,689,13469.0,221446
1373,300,-42.656,0,B,18,18,0.0249,,689,13482.1,221746
1374,1,-0.152,0,B,18,17,0.0,stuck,690,13482.1,221747
1375,300,-52.681,0,B,17,17,0.0,,690,13495.1,222047
1376,1,-0.199,0,B,17,9,0.0,stuck,691,13495.1,222048
1377,300,-46.983,0,B,9,9,0.0,,691,13508.1,222348
1378,1,-0.16,0,B,9,10,0.0,stuck,692,13508.2,222349
1379,300,-47.269,0,B,10,10,0.0,,692,13521.2,222649
1380,1,-0.154,0,B,10,16,0.0,stuck,693,13521.2,222650
1381,300,-57.231,0,B,16,16,0.0,,693,13534.2,222950
1382,1,-0.207,0,B,16,9,0.0,stuck,694,13534.3,222951
1383,300,-54.518,0,B,9,9,0.0,,694,13547.2,223251
1384,1,-0.198,0,B,9,8,0.0,stuck,695,13547.2,223252
1385,300,-56.806,0,B,8,8,0.0,,695,13560.2,223552
1386,1,-0.216,0,B,8,16,0.0,stuck,696,13560.2,223553
1387,300,-56.968,0,B,16,16,0.0,,696,13573.2,223853
1388,1,-0.217,0,B,16,10,0.0,stuck,697,13573.2,223854
1389,300,-43.707,0,B,10,10,0.0,,697,13586.2,224154
1390,1,-0.155,0,B,10,9,0.0,stuck,698,13586.2,224155
1391,300,-52.406,0,B,9,9,0.0,,698,13599.2,224455
1392,1,-0.19,0,B,9,9,0.0,stuck,699,13599.2,224456
1393,300,-45.261,0,B,9,9,0.0,,699,13612.2,224756
1394,1,-0.161,0,B,9,25,0.0,stuck,700,13612.3,224757
1395,300,-53.13,0,B,25,25,0.0,,700,13697.8,225057
1396,1,-0.196,0,B,25,8,0.0,stuck,701,13697.8,225058
1397,300,-55.835,0,B,8,8,0.0,,701,13710.8,225358
1398,1,-0.21,0,B,8,25,0.0,stuck,702,13710.9,225359
1399,300,-51.446,0,B,25,25,0.0,,702,13723.8,225659
1400,1,-0.194,0,B,25,1,0.0,stuck,703,13723.9,225660
1401,300,-51.945,0,B,1,1,0.0,,703,13736.8,225960
1402,1,-0.187,0,B,1,9,0.0,stuck,704,13736.9,225961
1403,300,-46.846,0,B,9,9,0.0,,704,13749.9,226261
1404,1,-0.178,0,B,9,9,0.0,stuck,705,13749.9,226262
1405,300,-47.585,0,B,9,9,0.0,,705,13762.9,226562
1406,1,-0.162,0,B,9,10,0.0,stuck,706,13762.9,226563
1407,65,-9.884,0,B,10,9,0.0,escape,707,13765.8,226628
1408,300,-53.542,0,B,9,28,0.0,,707,13778.9,226928
1409,94,-9.492,0,B,28,10,0.0,escape,708,13783.1,227022
1410,300,-52.378,0,B,10,11,0.0,,708,13795.8,227322
1411,165,-21.019,0,B,11,16,0.0,stuck,709,13802.8,227487
1412,300,-64.281,0,B,16,16,0.0,,709,13815.4,227787
1413,1,-0.208,0,B,16,17,0.0,stuck,710,13815.5,227788
1414,300,-52.235,0,B,17,17,0.0,,710,13828.2,228088
1415,1,-0.174,0,B,17,1,0.0,stuck,711,13828.3,228089
1416,300,-61.267,0,B,1,1,0.0,,711,13841.3,228389
1417,1,-0.196,0,B,1,9,0.0,stuck,712,13841.4,228390
1418,300,-51.119,0,B,9,9,0.0,,712,13854.0,228690
1419,1,-0.169,0,B,9,16,0.0,stuck,713,13854.1,228691
1420,300,-57.011,0,B,16,17,0.0,,713,13867.5,228991
1421,29,-5.095,0,B,17,24,0.0,stuck,714,13868.8,229020
1422,300,-62.417,0,B,24,20,0.0,,714,13882.0,229320
1423,241,-27.42,0,B,20,17,0.0,stuck,715,13892.6,229561
1424,177,-17.763,1,A,17,13,0.0,,715,13900.3,229738
1425,300,-52.086,0,A,13,14,0.0,,715,13913.4,230038
1426,3,-0.547,0,A,14,23,0.0,stuck,716,13913.5,230041
1427,300,-61.648,0,A,23,23,0.0,,716,13926.6,230341
1428,1,-0.211,0,A,23,14,0.0,stuck,717,13926.7,230342
1429,300,-53.985,0,A,14,14,0.0,,717,13939.9,230642
1430,1,-0.183,0,A,14,23,0.0,stuck,718,13939.9,230643
1431,300,-66.241,0,A,23,23,0.0,,718,13953.0,230943
1432,1,-0.22,0,A,23,30,0.0,stuck,719,13953.1,230944
1433,300,-57.114,0,A,30,30,0.0,,719,13966.1,231244
1434,1,-0.194,0,A,30,23,0.0,stuck,720,13966.1,231245
1435,300,-64.56,0,A,23,23,0.0,,720,13979.2,231545
1436,1,-0.22,0,A,23,15,0.0,stuck,721,13979.3,231546
1437,300,-51.831,0,A,15,15,0.0,,721,13992.4,231846
1438,1,-0.203,0,A,15,23,0.0,stuck,722,13992.4,231847
1439,300,-58.869,0,A,23,23,0.0,,722,14005.5,232147
1440,1,-0.207,0,A,23,22,0.0,stuck,723,14005.5,232148
1441,300,-47.904,0,A,22,5,0.0,,723,14018.5,232448
1442,129,-18.415,0,A,5,14,0.0,stuck,724,14024.2,232577
1443,83,-13.637,0,A,14,23,0.0,escape,725,14027.7,232660
1444,300,-69.762,0,A,23,6,0.0,,725,14040.9,232960
1445,299,-54.104,0,A,6,23,0.0,stuck,726,14053.9,233259
1446,300,-60.725,0,A,23,23,0.0,,726,14066.9,233559
1447,1,-0.207,0,A,23,21,0.0,stuck,727,14066.9,233560
1448,300,-49.465,0,A,21,13,0.0,,727,14079.9,233860
1449,114,-20.453,0,A,13,30,0.0,escape,728,14085.0,233974
1450,300,-50.416,0,A,30,30,0.0,,728,14098.0,234274
1451,1,-0.183,0,A,30,22,0.0,stuck,729,14098.0,234275
1452,300,-56.492,0,A,22,22,0.0,,729,14111.6,234575
1453,1,-0.192,0,A,22,14,0.0,stuck,730,14111.7,234576
1454,300,-52.329,0,A,14,14,0.0,,730,14124.8,234876
1455,1,-0.185,0,A,14,23,0.0,stuck,731,14124.8,234877
1456,300,-60.8,0,A,23,23,0.0,,731,14137.9,235177
1457,1,-0.218,0,A,23,14,0.0,stuck,732,14138.0,235178
1458,300,-59.529,0,A,14,14,0.0,,732,14151.0,235478
1459,1,-0.192,0,A,14,15,0.0,stuck,733,14151.0,235479
1460,300,-71.491,0,A,15,15,0.0,,733,14164.2,235779
1461,1,-0.214,0,A,15,22,0.0,stuck,734,14164.3,235780
1462,300,-47.773,0,A,22,22,0.0,,734,14177.3,236080
1463,1,-0.168,0,A,22,14,0.0,stuck,735,14177.4,236081
1464,300,-56.665,0,A,14,14,0.0,,735,14190.4,236381
1465,1,-0.194,0,A,14,22,0.0,stuck,736,14190.5,236382
1466,300,-68.522,0,A,22,22,0.0,,736,14203.7,236682
1467,1,-0.176,0,A,22,15,0.0,stuck,737,14203.7,236683
1468,300,-68.319,0,A,15,15,0.0,,737,14216.9,236983
1469,1,-0.213,0,A,15,23,0.0,stuck,738,14217.0,236984
1470,300,-65.591,0,A,23,23,0.0,,738,14230.1,237284
1471,1,-0.216,0,A,23,6,0.0,stuck,739,14230.1,237285
1472,300,-62.007,0,A,6,6,0.0,,739,14243.1,237585
1473,1,-0.198,0,A,6,14,0.0,stuck,740,14243.2,237586
1474,300,-47.903,0,A,14,14,0.0,,740,14256.2,237886
1475,1,-0.164,0,A,14,23,0.0,stuck,741,14256.3,237887
1476,300,-64.251,0,A,23,23,0.0,,741,14269.4,238187
1477,1,-0.21,0,A,23,15,0.0,stuck,742,14269.4,238188
1478,300,-59.585,0,A,15,15,0.0,,742,14282.5,238488
1479,1,-0.205,0,A,15,23,0.0,stuck,743,14282.6,238489
1480,300,-60.377,0,A,23,23,0.0,,743,14295.6,238789
1481,1,-0.21,0,A,23,14,0.0,stuck,744,14295.7,238790
1482,300,-48.513,0,A,14,14,0.0,,744,14308.8,239090
1483,1,-0.168,0,A,14,13,0.0,stuck,745,14308.8,239091
1484,300,-41.925,0,A,13,13,0.0,,745,14321.9,239391
1485,1,-0.16,0,A,13,15,0.0,stuck,746,14322.0,239392
1486,300,-55.955,0,A,15,15,0.0,,746,14335.0,239692
1487,1,-0.203,0,A,15,14,0.0,stuck,747,14335.0,239693
1488,300,-49.187,0,A,14,14,0.0,,747,14348.1,239993
1489,1,-0.185,0,A,14,15,0.0,stuck,748,14348.2,239994
1490,300,-58.181,0,A,15,15,0.0,,748,14361.3,240294
1491,1,-0.214,0,A,15,22,0.0,stuck,749,14361.3,240295
1492,300,-43.672,0,A,22,22,0.0,,749,14374.5,240595
1493,1,-0.165,0,A,22,14,0.0,stuck,750,14374.6,240596
1494,300,-46.201,0,A,14,14,0.0,,750,14387.6,240896
1495,1,-0.183,0,A,14,22,0.0,stuck,751,14387.6,240897
1496,300,-48.419,0,A,22,22,0.0,,751,14400.6,241197
1497,1,-0.191,0,A,22,14,0.0,stuck,752,14400.6,241198
1498,300,-45.533,0,A,14,14,0.0,,752,14413.8,241498
1499,1,-0.182,0,A,14,23,0.0,stuck,753,14413.9,241499
1500,300,-56.031,0,A,23,23,0.0,,753,14426.9,241799
1501,1,-0.216,0,A,23,22,0.0,stuck,754,14427.0,241800
1502,300,-46.062,0,A,22,22,0.0,,754,14440.1,242100
1503,1,-0.173,0,A,22,14,0.0,stuck,755,14440.1,242101
1504,300,-44.931,0,A,14,14,0.0,,755,14453.1,242401
1505,1,-0.169,0,A,14,15,0.0,stuck,756,14453.1,242402
1506,300,-51.617,0,A,15,15,0.0,,756,14466.2,242702
1507,1,-0.207,0,A,15,14,0.0,stuck,757,14466.2,242703
1508,300,-46.222,0,A,14,14,0.0,,757,14479.2,243003
1509,1,-0.175,0,A,14,13,0.0,stuck,758,14479.3,243004
1510,300,-43.616,0,A,13,13,0.0,,758,14492.2,243304
1511,1,-0.158,0,A,13,15,0.0,stuck,759,14492.3,243305
1512,300,-57.126,0,A,15,15,0.0,,759,14505.0,243605
1513,1,-0.211,0,A,15,22,0.0,stuck,760,14505.1,243606
1514,300,-44.764,0,A,22,22,0.0,,760,14517.8,243906
1515,1,-0.165,0,A,22,22,0.0,stuck,761,14517.9,243907
1516,300,-48.408,0,A,22,22,0.0,,761,14530.6,244207
1517,1,-0.191,0,A,22,15,0.0,stuck,762,14530.7,244208
1518,249,-24.032,0,A,15,22,0.0,escape,763,14541.4,244457
1519,300,-47.414,0,A,22,22,0.0,,763,14554.0,244757
1520,1,-0.189,0,A,22,30,0.0,stuck,764,14554.0,244758
1521,300,-51.534,0,A,30,30,0.0,,764,14566.9,245058
1522,1,-0.195,0,A,30,30,0.0,stuck,765,14567.0,245059
1523,300,-51.59,0,A,30,30,0.0,,765,14580.0,245359
1524,1,-0.197,0,A,30,22,0.0,stuck,766,14580.0,245360
1525,300,-46.743,0,A,22,22,0.0,,766,14593.1,245660
1526,1,-0.178,0,A,22,14,0.0,stuck,767,14593.1,245661
1527,300,-47.787,0,A,14,14,0.0,,767,14606.2,245961
1528,1,-0.191,0,A,14,15,0.0,stuck,768,14606.2,245962
1529,300,-51.926,0,A,15,15,0.0,,768,14619.8,246262
1530,1,-0.204,0,A,15,14,0.0,stuck,769,14619.8,246263
1531,300,-49.877,0,A,14,14,0.0,,769,14632.9,246563
1532,1,-0.2,0,A,14,22,0.0,stuck,770,14632.9,246564
1533,300,-47.444,0,A,22,22,0.0,,770,14646.0,246864
1534,1,-0.184,0,A,22,23,0.0,stuck,771,14646.0,246865
1535,300,-56.515,0,A,23,23,0.0,,771,14659.1,247165
1536,300,-58.61,0,A,23,31,0.0,,771,14672.3,247465
1537,1,-0.218,0,A,31,31,0.0,stuck,772,14672.4,247466
1538,300,-52.109,0,A,31,31,0.0,,772,14685.4,247766
1539,1,-0.206,0,A,31,15,0.0,stuck,773,14685.5,247767
1540,300,-53.537,0,A,15,15,0.0,,773,14698.5,248067
1541,1,-0.212,0,A,15,22,0.0,stuck,774,14698.6,248068
1542,300,-47.078,0,A,22,22,0.0,,774,14711.5,248368
1543,1,-0.178,0,A,22,14,0.0,stuck,775,14711.6,248369
1544,300,-46.665,0,A,14,14,0.0,,775,14724.6,248669
1545,1,-0.174,0,A,14,22,0.0,stuck,776,14724.7,248670
1546,300,-51.07,0,A,22,22,0.0,,776,14737.8,248970
1547,1,-0.188,0,A,22,23,0.0,stuck,777,14737.8,248971
1548,300,-58.786,0,A,23,23,0.0,,777,14750.8,249271
1549,1,-0.221,0,A,23,31,0.0,stuck,778,14750.8,249272
1550,300,-55.087,0,A,31,31,0.0,,778,14764.0,249572
1551,1,-0.21,0,A,31,14,0.0,stuck,779,14764.0,249573
1552,300,-48.556,0,A,14,14,0.0,,779,14777.0,249873
1553,1,-0.186,0,A,14,13,0.0,stuck,780,14777.0,249874
1554,300,-40.723,0,A,13,13,0.0,,780,14863.2,250174
1555,1,-0.156,0,A,13,22,0.0,stuck,781,14863.2,250175
1556,300,-47.714,0,A,22,22,0.0,,781,14876.4,250475
1557,1,-0.188,0,A,22,14,0.0,stuck,782,14876.5,250476
1558,300,-51.99,0,A,14,14,0.0,,782,14889.9,250776
1559,1,-0.2,0,A,14,14,0.0,stuck,783,14889.9,250777
1560,300,-49.636,0,A,14,14,0.0,,783,14903.0,251077
1561,1,-0.191,0,A,14,22,0.0,stuck,784,14903.0,251078
1562,300,-44.549,0,A,22,22,0.0,,784,14916.1,251378
1563,1,-0.162,0,A,22,6,0.0,stuck,785,14916.1,251379
1564,300,-44.706,0,A,6,6,0.0,,785,14929.1,251679
1565,1,-0.175,0,A,6,22,0.0,stuck,786,14929.1,251680
1566,300,-45.608,0,A,22,22,0.0,,786,14942.1,251980
1567,1,-0.161,0,A,22,22,0.0,stuck,787,14942.2,251981
1568,300,-49.099,0,A,22,22,0.0,,787,14955.2,252281
1569,1,-0.178,0,A,22,22,0.0,stuck,788,14955.2,252282
1570,300,-47.409,0,A,22,22,0.0,,788,14967.9,252582
1571,1,-0.168,0,A,22,22,0.0,stuck,789,14967.9,252583
1572,300,-54.574,0,A,22,22,0.0,,789,14980.6,252883
1573,1,-0.187,0,A,22,14,0.0,stuck,790,14980.6,252884
1574,300,-56.913,0,A,14,14,0.0,,790,14993.2,253184
1575,1,-0.197,0,A,14,22,0.0,stuck,791,14993.3,253185
1576,300,-51.397,0,A,22,22,0.0,,791,15005.9,253485
1577,1,-0.175,0,A,22,21,0.0,stuck,792,15005.9,253486
1578,300,-44.412,0,A,21,21,0.0,,792,15018.5,253786
1579,1,-0.154,0,A,21,31,0.0,stuck,793,15018.6,253787
1580,300,-57.613,0,A,31,31,0.0,,793,15031.4,254087
1581,1,-0.206,0,A,31,22,0.0,stuck,794,15031.4,254088
1582,300,-53.388,0,A,22,22,0.0,,794,15044.3,254388
1583,1,-0.189,0,A,22,6,0.0,stuck,795,15044.4,254389
1584,300,-51.552,0,A,6,6,0.0,,795,15057.5,254689
1585,1,-0.193,0,A,6,15,0.0,stuck,796,15057.5,254690
1586,300,-56.215,0,A,15,15,0.0,,796,15070.9,254990
1587,1,-0.206,0,A,15,22,0.0,stuck,797,15071.0,254991
1588,300,-46.327,0,A,22,22,0.0,,797,15084.0,255291
1589,1,-0.163,0,A,22,15,0.0,stuck,798,15084.0,255292
1590,300,-56.225,0,A,15,15,0.0,,798,15096.8,255592
1591,1,-0.215,0,A,15,30,0.0,stuck,799,15096.9,255593
1592,300,-53.489,0,A,30,30,0.0,,799,15110.0,255893
1593,1,-0.199,0,A,30,15,0.0,stuck,800,15110.0,255894
1594,300,-53.068,0,A,15,15,0.0,,800,15123.0,256194
1595,1,-0.209,0,A,15,22,0.0,stuck,801,15123.0,256195
1596,300,-44.714,0,A,22,22,0.0,,801,15136.1,256495
1597,1,-0.161,0,A,22,21,0.0,stuck,802,15136.1,256496
1598,300,-43.338,0,A,21,21,0.0,,802,15149.1,256796
1599,1,-0.157,0,A,21,23,0.0,stuck,803,15149.2,256797
1600,300,-57.654,0,A,23,23,0.0,,803,15162.1,257097
1601,1,-0.216,0,A,23,15,0.0,stuck,804,15162.2,257098
1602,300,-57.687,0,A,15,15,0.0,,804,15175.2,257398
1603,1,-0.218,0,A,15,6,0.0,stuck,805,15175.2,257399
1604,300,-52.325,0,A,6,6,0.0,,805,15188.5,257699
1605,1,-0.203,0,A,6,14,0.0,stuck,806,15188.5,257700
1606,300,-48.194,0,A,14,14,0.0,,806,15201.5,258000
1607,1,-0.186,0,A,14,23,0.0,stuck,807,15201.6,258001
1608,300,-55.799,0,A,23,23,0.0,,807,15214.7,258301
1609,1,-0.207,0,A,23,22,0.0,stuck,808,15214.7,258302
1610,300,-48.543,0,A,22,22,0.0,,808,15227.7,258602
1611,1,-0.183,0,A,22,21,0.0,stuck,809,15227.7,258603
1612,300,-42.035,0,A,21,21,0.0,,809,15240.7,258903
1613,1,-0.155,0,A,21,22,0.0,stuck,810,15240.7,258904
1614,300,-52.083,0,A,22,22,0.0,,810,15253.7,259204
1615,1,-0.199,0,A,22,22,0.0,stuck,811,15253.8,259205
1616,300,-50.287,0,A,22,22,0.0,,811,15266.7,259505
1617,1,-0.189,0,A,22,22,0.0,stuck,812,15266.8,259506
1618,300,-48.729,0,A,22,22,0.0,,812,15279.9,259806
1619,1,-0.181,0,A,22,23,0.0,stuck,813,15279.9,259807
1620,300,-51.702,0,A,23,23,0.0,,813,15293.0,260107
1621,1,-0.203,0,A,23,14,0.0,stuck,814,15293.0,260108
1622,300,-43.194,0,A,14,14,0.0,,814,15306.2,260408
1623,1,-0.166,0,A,14,23,0.0,stuck,815,15306.3,260409
1624,300,-53.08,0,A,23,23,0.0,,815,15319.3,260709
1625,1,-0.209,0,A,23,6,0.0,stuck,816,15319.3,260710
1626,300,-45.666,0,A,6,6,0.0,,816,15332.5,261010
1627,1,-0.183,0,A,6,22,0.0,stuck,817,15332.6,261011
1628,300,-49.902,0,A,22,22,0.0,,817,15345.6,261311
1629,1,-0.198,0,A,22,22,0.0,stuck,818,15345.7,261312
1630,300,-44.791,0,A,22,22,0.0,,818,15358.7,261612
1631,1,-0.175,0,A,22,22,0.0,stuck,819,15358.8,261613
1632,300,-49.027,0,A,22,22,0.0,,819,15371.7,261913
1633,1,-0.19,0,A,22,23,0.0,stuck,820,15371.7,261914
1634,300,-51.94,0,A,23,23,0.0,,820,15384.7,262214
1635,1,-0.209,0,A,23,15,0.0,stuck,821,15384.7,262215
1636,300,-49.484,0,A,15,15,0.0,,821,15397.8,262515
1637,1,-0.201,0,A,15,22,0.0,stuck,822,15397.8,262516
1638,300,-47.918,0,A,22,22,0.0,,822,15410.9,262816
1639,1,-0.19,0,A,22,6,0.0,stuck,823,15410.9,262817
1640,300,-71.682,0,A,6,6,0.0,,823,15424.1,263117
1641,1,-0.197,0,A,6,15,0.0,stuck,824,15424.2,263118
1642,163,-25.518,0,A,15,14,0.0,escape,825,15431.6,263281
1643,300,-43.534,0,A,14,14,0.0,,825,15444.7,263581
1644,1,-0.17,0,A,14,22,0.0,stuck,826,15444.7,263582
1645,300,-44.169,0,A,22,22,0.0,,826,15457.8,263882
1646,1,-0.171,0,A,22,14,0.0,stuck,827,15457.9,263883
1647,300,-46.042,0,A,14,14,0.0,,827,15474.3,264183
1648,1,-0.185,0,A,14,14,0.0,stuck,828,15474.3,264184
1649,73,-8.397,0,A,14,6,0.0,escape,829,15477.6,264257
1650,84,-17.14,0,A,6,30,0.0,escape,830,15481.4,264341
1651,300,-45.816,0,A,30,30,0.0,,830,15498.7,264641
1652,1,-0.179,0,A,30,14,0.0,stuck,831,15498.8,264642
1653,300,-58.624,0,A,14,15,0.0,,831,15514.0,264942
1654,276,-60.85,0,A,15,23,0.0,stuck,832,15526.8,265218
1655,223,-20.526,0,A,23,30,0.0,escape,833,15536.9,265441
1656,300,-46.259,0,A,30,30,0.0,,833,15549.2,265741
1657,255,-40.683,0,A,30,15,0.0,stuck,834,15559.3,265996
1658,142,-12.371,0,A,15,15,0.0,escape,835,15565.0,266138
1659,70,-13.674,0,A,15,22,0.0,escape,836,15567.7,266208
1660,300,-46.455,0,A,22,22,0.0,,836,15579.5,266508
1661,1,-0.185,0,A,22,13,0.0,stuck,837,15579.6,266509
1662,300,-41.279,0,A,13,13,0.0,,837,15591.1,266809
1663,1,-0.159,0,A,13,22,0.0,stuck,838,15591.1,266810
1664,300,-47.263,0,A,22,22,0.0,,838,15602.6,267110
1665,1,-0.184,0,A,22,22,0.0,stuck,839,15602.6,267111
1666,300,-50.035,0,A,22,22,0.0,,839,15614.0,267411
1667,1,-0.186,0,A,22,22,0.0,stuck,840,15614.0,267412
1668,300,-44.837,0,A,22,22,0.0,,840,15625.2,267712
1669,1,-0.172,0,A,22,23,0.0,stuck,841,15625.2,267713
1670,119,-22.428,0,A,23,30,0.0,escape,842,15629.7,267832
1671,300,-53.677,0,A,30,30,0.0,,842,15641.1,268132
1672,1,-0.188,0,A,30,14,0.0,stuck,843,15641.1,268133
1673,300,-45.017,0,A,14,14,0.0,,843,15652.4,268433
1674,1,-0.179,0,A,14,22,0.0,stuck,844,15652.4,268434
1675,300,-46.02,0,A,22,22,0.0,,844,15663.5,268734
1676,1,-0.176,0,A,22,31,0.0,stuck,845,15663.5,268735
1677,300,-58.389,0,A,31,31,0.0,,845,15674.9,269035
1678,1,-0.209,0,A,31,14,0.0,stuck,846,15675.0,269036
1679,300,-51.739,0,A,14,14,0.0,,846,15686.2,269336
1680,1,-0.191,0,A,14,14,0.0,stuck,847,15686.2,269337
1681,300,-42.374,0,A,14,14,0.0,,847,15697.5,269637
1682,1,-0.165,0,A,14,21,0.0,stuck,848,15697.5,269638
1683,300,-40.872,0,A,21,21,0.0,,848,15708.7,269938
1684,1,-0.156,0,A,21,30,0.0,stuck,849,15708.8,269939
1685,300,-49.456,0,A,30,30,0.0,,849,15720.0,270239
1686,1,-0.196,0,A,30,22,0.0,stuck,850,15720.0,270240
1687,300,-62.74,0,A,22,22,0.0,,850,15731.3,270540
1688,1,-0.2,0,A,22,14,0.0,stuck,851,15731.3,270541
1689,300,-45.334,0,A,14,14,0.0,,851,15742.5,270841
1690,1,-0.174,0,A,14,22,0.0,stuck,852,15742.5,270842
1691,300,-50.299,0,A,22,22,0.0,,852,15753.7,271142
1692,1,-0.176,0,A,22,22,0.0,stuck,853,15753.7,271143
1693,300,-46.476,0,A,22,22,0.0,,853,15764.8,271443
1694,1,-0.184,0,A,22,15,0.0,stuck,854,15764.8,271444
1695,300,-52.45,0,A,15,15,0.0,,854,15776.0,271744
1696,1,-0.206,0,A,15,15,0.0,stuck,855,15776.0,271745
1697,300,-53.821,0,A,15,15,0.0,,855,15787.3,272045
1698,285,-84.955,0,A,15,23,0.0,stuck,856,15798.0,272330
1699,294,-61.015,0,A,23,15,0.0,escape,857,15808.9,272624
1700,300,-41.356,0,A,15,15,0.0,,857,15820.0,272924
1701,300,-38.79,0,A,15,15,0.0,,857,15831.4,273224
1702,199,-19.277,0,A,15,23,0.0,stuck,858,15838.8,273423
1703,300,-59.087,0,A,23,23,0.0,,858,15849.9,273723
1704,1,-0.205,0,A,23,6,0.0,stuck,859,15849.9,273724
1705,18,-3.261,0,A,6,14,0.0,escape,860,15850.6,273742
1706,300,-52.265,0,A,14,6,0.0,,860,15861.8,274042
1707,21,-3.334,0,A,6,21,0.0,stuck,861,15862.6,274063
1708,300,-51.027,0,A,21,22,0.0,,861,15873.7,274363
1709,28,-4.501,0,A,22,15,0.0,stuck,862,15874.7,274391
1710,300,-58.344,0,A,15,15,0.0,,862,15885.7,274691
1711,1,-0.204,0,A,15,14,0.0,stuck,863,15885.8,274692
1712,300,-60.021,0,A,14,14,0.0,,863,15896.9,274992
1713,1,-0.197,0,A,14,22,0.0,stuck,864,15896.9,274993
1714,300,-55.274,0,A,22,22,0.0,,864,15967.4,275293
1715,1,-0.18,0,A,22,23,0.0,stuck,865,15967.5,275294
1716,300,-59.221,0,A,23,23,0.0,,865,15978.5,275594
1717,1,-0.211,0,A,23,14,0.0,stuck,866,15978.5,275595
1718,300,-54.176,0,A,14,14,0.0,,866,15989.6,275895
1719,1,-0.175,0,A,14,14,0.0,stuck,867,15989.7,275896
1720,300,-56.643,0,A,14,14,0.0,,867,16000.6,276196
1721,1,-0.199,0,A,14,14,0.0,stuck,868,16000.6,276197
1722,300,-49.035,0,A,14,14,0.0,,868,16011.5,276497
1723,1,-0.171,0,A,14,23,0.0,stuck,869,16011.5,276498
1724,300,-55.989,0,A,23,23,0.0,,869,16022.5,276798
1725,1,-0.204,0,A,23,14,0.0,stuck,870,16022.5,276799
1726,300,-56.095,0,A,14,14,0.0,,870,16033.5,277099
1727,1,-0.197,0,A,14,22,0.0,stuck,871,16033.5,277100
1728,300,-42.056,0,A,22,4,0.0,,871,16044.4,277400
1729,113,-13.229,0,A,4,15,0.0,stuck,872,16048.5,277513
1730,300,-56.863,0,A,15,15,0.0,,872,16059.3,277813
1731,1,-0.217,0,A,15,23,0.0,stuck,873,16059.3,277814
1732,300,-54.891,0,A,23,23,0.0,,873,16070.1,278114
1733,1,-0.209,0,A,23,14,0.0,stuck,874,16070.1,278115
1734,300,-51.629,0,A,14,14,0.0,,874,16080.8,278415
1735,1,-0.193,0,A,14,15,0.0,stuck,875,16080.8,278416
1736,300,-53.807,0,A,15,15,0.0,,875,16091.7,278716
1737,1,-0.207,0,A,15,15,0.0,stuck,876,16091.7,278717
1738,300,-54.039,0,A,15,15,0.0,,876,16102.4,279017
1739,1,-0.209,0,A,15,30,0.0,stuck,877,16102.4,279018
1740,300,-48.275,0,A,30,30,0.0,,877,16113.0,279318
1741,1,-0.184,0,A,30,14,0.0,stuck,878,16113.1,279319
1742,300,-51.9,0,A,14,14,0.0,,878,16124.0,279619
1743,1,-0.197,0,A,14,22,0.0,stuck,879,16124.0,279620
1744,300,-48.016,0,A,22,22,0.0,,879,16134.9,279920
1745,1,-0.183,0,A,22,22,0.0,stuck,880,16135.0,279921
1746,300,-46.742,0,A,22,22,0.0,,880,16146.0,280221
1747,1,-0.173,0,A,22,14,0.0,stuck,881,16146.0,280222
1748,300,-45.417,0,A,14,14,0.0,,881,16156.9,280522
1749,1,-0.169,0,A,14,15,0.0,stuck,882,16156.9,280523
1750,300,-53.938,0,A,15,15,0.0,,882,16167.9,280823
1751,1,-0.213,0,A,15,14,0.0,stuck,883,16167.9,280824
1752,300,-46.784,0,A,14,14,0.0,,883,16178.9,281124
1753,1,-0.179,0,A,14,14,0.0,stuck,884,16179.0,281125
1754,300,-51.874,0,A,14,14,0.0,,884,16189.9,281425
1755,1,-0.195,0,A,14,22,0.0,stuck,885,16189.9,281426
1756,300,-44.995,0,A,22,22,0.0,,885,16200.8,281726
1757,1,-0.167,0,A,22,22,0.0,stuck,886,16200.9,281727
1758,300,-48.46,0,A,22,22,0.0,,886,16211.8,282027
1759,1,-0.191,0,A,22,6,0.0,stuck,887,16211.8,282028
1760,300,-47.608,0,A,6,6,0.0,,887,16222.9,282328
1761,1,-0.175,0,A,6,14,0.0,stuck,888,16222.9,282329
1762,300,-47.264,0,A,14,14,0.0,,888,16233.8,282629
1763,1,-0.187,0,A,14,15,0.0,stuck,889,16233.9,282630
1764,76,-11.181,0,A,15,21,0.0,escape,890,16236.6,282706
1765,300,-43.604,0,A,21,21,0.0,,890,16247.5,283006
1766,1,-0.157,0,A,21,22,0.0,stuck,891,16247.5,283007
1767,300,-46.044,0,A,22,22,0.0,,891,16258.4,283307
1768,1,-0.177,0,A,22,14,0.0,stuck,892,16258.5,283308
1769,300,-44.325,0,A,14,14,0.0,,892,16269.4,283608
1770,1,-0.164,0,A,14,22,0.0,stuck,893,16269.4,283609
1771,300,-46.654,0,A,22,22,0.0,,893,16280.2,283909
1772,1,-0.179,0,A,22,14,0.0,stuck,894,16280.3,283910
1773,300,-49.364,0,A,14,14,0.0,,894,16291.2,284210
1774,1,-0.187,0,A,14,14,0.0,stuck,895,16291.2,284211
1775,300,-48.127,0,A,14,14,0.0,,895,16302.1,284511
1776,1,-0.18,0,A,14,14,0.0,stuck,896,16302.1,284512
1777,177,-31.834,0,A,14,22,0.0,escape,897,16308.4,284689
1778,300,-52.565,0,A,22,22,0.0,,897,16319.2,284989
1779,1,-0.2,0,A,22,30,0.0,stuck,898,16319.2,284990
1780,300,-49.472,0,A,30,30,0.0,,898,16330.1,285290
1781,1,-0.194,0,A,30,14,0.0,stuck,899,16330.1,285291
1782,300,-45.853,0,A,14,14,0.0,,899,16341.1,285591
1783,1,-0.174,0,A,14,14,0.0,stuck,900,16341.2,285592
1784,300,-46.096,0,A,14,14,0.0,,900,16352.0,285892
1785,1,-0.179,0,A,14,22,0.0,stuck,901,16352.1,285893
1786,300,-48.47,0,A,22,22,0.0,,901,16363.1,286193
1787,1,-0.183,0,A,22,23,0.0,stuck,902,16363.1,286194
1788,288,-32.381,0,A,23,14,0.0,escape,903,16373.7,286482
1789,46,-8.477,0,A,14,14,0.0,escape,904,16375.3,286528
1790,300,-48.027,0,A,14,14,0.0,,904,16386.2,286828
1791,1,-0.187,0,A,14,22,0.0,stuck,905,16386.3,286829
1792,300,-49.629,0,A,22,22,0.0,,905,16397.1,287129
1793,1,-0.187,0,A,22,23,0.0,stuck,906,16397.1,287130
1794,300,-13.654,0,A,23,15,0.0,,906,16408.2,287430
1795,32,-7.02,0,A,15,23,0.0,stuck,907,16409.3,287462
1796,300,-30.578,0,A,23,15,0.0,,907,16420.2,287762
1797,57,-9.9,0,A,15,22,0.0,stuck,908,16422.4,287819
1798,300,-46.311,0,A,22,22,0.0,,908,16433.3,288119
1799,1,-0.18,0,A,22,14,0.0,stuck,909,16433.3,288120
1800,61,-11.332,0,A,14,23,0.0,escape,910,16435.5,288181
1801,52,-11.659,0,A,23,23,0.0,escape,911,16437.3,288233
1802,47,-9.602,0,A,23,23,0.0,escape,912,16439.1,288280
1803,90,-15.337,0,A,23,22,0.0,escape,913,16442.3,288370
1804,138,-21.976,0,A,22,6,0.0,escape,914,16447.3,288508
1805,300,-45.611,0,A,6,6,0.0,,914,16458.1,288808
1806,1,-0.175,0,A,6,22,0.0,stuck,915,16458.2,288809
1807,300,-59.169,0,A,22,22,0.0,,915,16469.0,289109
1808,1,-0.196,0,A,22,22,0.0,stuck,916,16469.0,289110
1809,300,-60.133,0,A,22,22,0.0,,916,16479.9,289410
1810,1,-0.173,0,A,22,22,0.0,stuck,917,16479.9,289411
1811,94,-17.666,0,A,22,22,0.0,escape,918,16483.3,289505
1812,300,-52.986,0,A,22,30,0.0,,918,16494.1,289805
1813,1,-0.196,0,A,30,23,0.0,stuck,919,16494.2,289806
1814,300,-58.435,0,A,23,15,0.0,,919,16505.1,290106
1815,1,-0.202,0,A,15,7,0.0,stuck,920,16505.1,290107
1816,278,-22.938,0,A,7,14,0.0,escape,921,16515.4,290385
1817,300,-56.237,0,A,14,14,0.0,,921,16526.3,290685
1818,1,-0.183,0,A,14,14,0.0,stuck,922,16526.3,290686
1819,300,-74.205,0,A,14,14,0.0,,922,16537.0,290986
1820,1,-0.194,0,A,14,22,0.0,stuck,923,16537.1,290987
1821,300,-61.075,0,A,22,22,0.0,,923,16547.7,291287
1822,1,-0.197,0,A,22,30,0.0,stuck,924,16547.8,291288
1823,300,-59.964,0,A,30,30,0.0,,924,16558.4,291588
1824,1,-0.199,0,A,30,22,0.0,stuck,925,16558.5,291589
1825,300,-61.746,0,A,22,22,0.0,,925,16569.1,291889
1826,1,-0.2,0,A,22,22,0.0,stuck,926,16569.1,291890
1827,300,-54.892,0,A,22,22,0.0,,926,16579.8,292190
1828,1,-0.184,0,A,22,14,0.0,stuck,927,16579.8,292191
1829,300,-49.754,0,A,14,14,0.0,,927,16590.5,292491
1830,1,-0.159,0,A,14,6,0.0,stuck,928,16590.5,292492
1831,300,-55.207,0,A,6,6,0.0,,928,16601.3,292792
1832,1,-0.198,0,A,6,30,0.0,stuck,929,16601.3,292793
1833,300,-48.923,0,A,30,30,0.0,,929,16612.3,293093
1834,1,-0.176,0,A,30,22,0.0,stuck,930,16612.3,293094
1835,300,-49.468,0,A,22,22,0.0,,930,16623.1,293394
1836,20,-3.302,0,A,22,22,0.0,stuck,931,16623.8,293414
1837,300,-53.279,0,A,22,22,0.0,,931,16634.6,293714
1838,1,-0.198,0,A,22,22,0.0,stuck,932,16634.7,293715
1839,300,-48.325,0,A,22,22,0.0,,932,16645.4,294015
1840,1,-0.179,0,A,22,15,0.0,stuck,933,16645.5,294016
1841,300,-53.608,0,A,15,14,0.0,,933,16656.4,294316
1842,1,-0.198,0,A,14,15,0.0,stuck,934,16656.4,294317
1843,300,-53.602,0,A,15,15,0.0,,934,16667.3,294617
1844,1,-0.207,0,A,15,22,0.0,stuck,935,16667.3,294618
1845,300,-55.401,0,A,22,23,0.0,,935,16678.3,294918
1846,46,-8.072,0,A,23,21,0.0,stuck,936,16680.0,294964
1847,300,-44.738,0,A,21,21,0.0,,936,16691.0,295264
1848,1,-0.157,0,A,21,22,0.0,stuck,937,16691.0,295265
1849,300,-48.342,0,A,22,22,0.0,,937,16702.1,295565
1850,1,-0.185,0,A,22,23,0.0,stuck,938,16702.1,295566
1851,300,-51.682,0,A,23,23,0.0,,938,16712.9,295866
1852,1,-0.204,0,A,23,13,0.0,stuck,939,16713.0,295867
1853,300,-45.334,0,A,13,13,0.0,,939,16723.9,296167
1854,1,-0.153,0,A,13,14,0.0,stuck,940,16723.9,296168
1855,300,-51.66,0,A,14,14,0.0,,940,16734.8,296468
1856,1,-0.194,0,A,14,14,0.0,stuck,941,16734.8,296469
1857,300,-47.917,0,A,14,14,0.0,,941,16745.6,296769
1858,1,-0.172,0,A,14,22,0.0,stuck,942,16745.7,296770
1859,300,-48.16,0,A,22,22,0.0,,942,16756.5,297070
1860,1,-0.176,0,A,22,22,0.0,stuck,943,16756.5,297071
1861,300,-44.029,0,A,22,22,0.0,,943,16767.4,297371
1862,1,-0.162,0,A,22,21,0.0,stuck,944,16767.4,297372
1863,300,-41.689,0,A,21,21,0.0,,944,16778.4,297672
1864,1,-0.154,0,A,21,22,0.0,stuck,945,16778.4,297673
1865,300,-50.601,0,A,22,22,0.0,,945,16789.3,297973
1866,1,-0.186,0,A,22,22,0.0,stuck,946,16789.4,297974
1867,300,-44.324,0,A,22,22,0.0,,946,16800.2,298274
1868,1,-0.167,0,A,22,23,0.0,stuck,947,16800.3,298275
1869,300,-51.861,0,A,23,23,0.0,,947,16811.2,298575
1870,1,-0.205,0,A,23,14,0.0,stuck,948,16811.3,298576
1871,300,-45.358,0,A,14,14,0.0,,948,16822.2,298876
1872,1,-0.173,0,A,14,22,0.0,stuck,949,16822.2,298877
1873,300,-45.67,0,A,22,22,0.0,,949,16833.1,299177
1874,1,-0.179,0,A,22,23,0.0,stuck,950,16833.1,299178
1875,300,-50.492,0,A,23,23,0.0,,950,16844.0,299478
1876,1,-0.202,0,A,23,22,0.0,stuck,951,16844.0,299479
1877,300,-47.423,0,A,22,22,0.0,,951,16854.9,299779
1878,1,-0.187,0,A,22,30,0.0,stuck,952,16855.0,299780
1879,300,-48.591,0,A,30,30,0.0,,952,16919.2,300080
1880,1,-0.196,0,A,30,6,0.0,stuck,953,16919.2,300081
1881,300,-47.909,0,A,6,6,0.0,,953,16930.2,300381
1882,1,-0.189,0,A,6,6,0.0,stuck,954,16930.2,300382
1883,300,-47.162,0,A,6,6,0.0,,954,16941.1,300682
1884,1,-0.191,0,A,6,14,0.0,stuck,955,16941.1,300683
1885,300,-49.292,0,A,14,14,0.0,,955,16952.2,300983
1886,1,-0.198,0,A,14,21,0.0,stuck,956,16952.2,300984
1887,300,-43.164,0,A,21,21,0.0,,956,16963.1,301284
1888,1,-0.157,0,A,21,23,0.0,stuck,957,16963.2,301285
1889,59,-10.394,0,A,23,14,0.0,escape,958,16965.3,301344
1890,300,-47.53,0,A,14,14,0.0,,958,16976.3,301644
1891,1,-0.184,0,A,14,14,0.0,stuck,959,16976.3,301645
1892,300,-50.149,0,A,14,14,0.0,,959,16987.3,301945
1893,1,-0.199,0,A,14,14,0.0,stuck,960,16987.4,301946
1894,300,-49.933,0,A,14,14,0.0,,960,16998.1,302246
1895,1,-0.192,0,A,14,22,0.0,stuck,961,16998.2,302247
1896,300,-44.269,0,A,22,22,0.0,,961,17009.1,302547
1897,1,-0.168,0,A,22,22,0.0,stuck,962,17009.1,302548
1898,300,-47.339,0,A,22,22,0.0,,962,17020.0,302848
1899,1,-0.183,0,A,22,23,0.0,stuck,963,17020.1,302849
1900,300,-50.347,0,A,23,23,0.0,,963,17030.8,303149
1901,1,-0.203,0,A,23,15,0.0,stuck,964,17030.8,303150
1902,56,-13.419,0,A,15,14,0.0,escape,965,17032.8,303206
1903,300,-20.961,0,A,14,23,0.0,,965,17043.6,303506
1904,81,-19.169,0,A,23,6,0.0,escape,966,17046.5,303587
1905,130,-22.575,0,A,6,23,0.0,escape,967,17051.1,303717
1906,83,-16.349,0,A,23,15,0.0,escape,968,17054.0,303800
1907,300,-36.423,0,A,15,15,0.0,,968,17064.7,304100
1908,94,-16.923,0,A,15,30,0.0,stuck,969,17068.1,304194
1909,300,-50.374,0,A,30,30,0.0,,969,17078.7,304494
1910,1,-0.192,0,A,30,23,0.0,stuck,970,17078.7,304495
1911,35,-7.345,0,A,23,14,0.0,escape,971,17079.9,304530
1912,300,-44.753,0,A,14,14,0.0,,971,17090.8,304830
1913,1,-0.175,0,A,14,23,0.0,stuck,972,17090.8,304831
1914,300,-23.668,0,A,23,15,0.0,,972,17101.8,305131
1915,300,-36.225,0,A,15,15,0.0,,972,17112.9,305431
1916,300,-19.552,0,A,15,15,0.0,,972,17124.0,305731
1917,217,-25.551,0,A,15,14,0.0,escape,973,17131.9,305948
1918,300,-45.413,0,A,14,14,0.0,,973,17142.9,306248
1919,1,-0.183,0,A,14,14,0.0,stuck,974,17142.9,306249
1920,300,-41.538,0,A,14,14,0.0,,974,17153.9,306549
1921,1,-0.161,0,A,14,14,0.0,stuck,975,17153.9,306550
1922,300,-44.291,0,A,14,14,0.0,,975,17164.9,306850
1923,1,-0.179,0,A,14,14,0.0,stuck,976,17164.9,306851
1924,300,-45.219,0,A,14,14,0.0,,976,17175.8,307151
1925,1,-0.179,0,A,14,22,0.0,stuck,977,17175.8,307152
1926,300,-46.316,0,A,22,22,0.0,,977,17186.7,307452
1927,1,-0.172,0,A,22,14,0.0,stuck,978,17186.7,307453
1928,300,-34.005,0,A,14,23,0.0,,978,17197.7,307753
1929,126,-31.069,0,A,23,22,0.0,escape,979,17202.4,307879
1930,300,-49.795,0,A,22,22,0.0,,979,17213.3,308179
1931,1,-0.196,0,A,22,14,0.0,stuck,980,17213.3,308180
1932,300,-43.346,0,A,14,14,0.0,,980,17224.3,308480
1933,1,-0.174,0,A,14,22,0.0,stuck,981,17224.3,308481
1934,300,-47.896,0,A,22,22,0.0,,981,17235.3,308781
1935,1,-0.186,0,A,22,14,0.0,stuck,982,17235.3,308782
1936,300,-51.425,0,A,14,23,0.0,,982,17246.4,309082
1937,300,-83.072,0,A,23,15,0.0,,982,17257.4,309382
1938,61,-13.073,0,A,15,22,0.0,stuck,983,17259.6,309443
1939,300,-46.036,0,A,22,22,0.0,,983,17270.4,309743
1940,1,-0.185,0,A,22,22,0.0,stuck,984,17270.4,309744
1941,300,-43.777,0,A,22,22,0.0,,984,17281.4,310044
1942,1,-0.173,0,A,22,6,0.0,stuck,985,17281.4,310045
1943,300,-54.767,0,A,6,13,0.0,,985,17292.4,310345
1944,279,-35.407,0,A,13,22,0.0,stuck,986,17302.4,310624
1945,300,-23.201,0,A,22,15,0.0,,986,17313.5,310924
1946,300,-24.456,0,A,15,15,0.0,,986,17324.5,311224
1947,49,-8.865,0,A,15,13,0.0,stuck,987,17326.3,311273
1948,300,-43.578,0,A,13,13,0.0,,987,17337.1,311573
1949,1,-0.158,0,A,13,23,0.0,stuck,988,17337.1,311574
1950,300,-22.03,0,A,23,15,0.0,,988,17348.2,311874
1951,300,-18.335,0,A,15,7,0.0,,988,17359.3,312174
1952,90,-20.3,0,A,7,22,0.0,stuck,989,17362.7,312264
1953,300,-45.434,0,A,22,22,0.0,,989,17373.7,312564
1954,1,-0.181,0,A,22,14,0.0,stuck,990,17373.8,312565
1955,300,-46.992,0,A,14,14,0.0,,990,17384.7,312865
1956,1,-0.165,0,A,14,14,0.0,stuck,991,17384.8,312866
1957,300,-48.193,0,A,14,14,0.0,,991,17395.7,313166
1958,1,-0.161,0,A,14,22,0.0,stuck,992,17395.7,313167
1959,300,-54.677,0,A,22,22,0.0,,992,17406.6,313467
1960,1,-0.164,0,A,22,14,0.0,stuck,993,17406.7,313468
1961,300,-65.481,0,A,14,14,0.0,,993,17417.5,313768
1962,1,-0.168,0,A,14,14,0.0,stuck,994,17417.6,313769
1963,300,-24.817,0,A,14,7,0.0,,994,17428.8,314069
1964,82,-19.367,0,A,7,23,0.0,stuck,995,17432.0,314151
1965,300,-54.091,0,A,23,23,0.0,,995,17443.0,314451
1966,300,-18.733,0,A,23,23,0.0,,995,17454.0,314751
1967,42,-8.819,0,A,23,30,0.0,stuck,996,17455.4,314793
1968,40,-6.752,0,A,30,23,0.0,escape,997,17456.8,314833
1969,300,-45.783,0,A,23,12,0.0,,997,17467.5,315133
1970,135,-22.281,0,A,12,13,0.0,stuck,998,17472.4,315268
1971,300,-67.719,0,A,13,13,0.0,,998,17483.1,315568
1972,1,-0.155,0,A,13,22,0.0,stuck,999,17483.1,315569
1973,300,-48.775,0,A,22,22,0.0,,999,17493.7,315869
1974,1,-0.183,0,A,22,23,0.0,stuck,1000,17493.8,315870
1975,300,-24.009,0,A,23,23,0.0,,1000,17504.6,316170
1976,107,-11.759,0,A,23,30,0.0,stuck,1001,17508.5,316277
1977,300,-53.246,0,A,30,30,0.0,,1001,17519.4,316577
1978,1,-0.184,0,A,30,14,0.0,stuck,1002,17519.5,316578
1979,300,-28.746,0,A,14,15,0.0,,1002,17530.5,316878
1980,300,-30.971,0,A,15,12,0.0,,1002,17541.4,317178
1981,228,-24.603,0,A,12,22,0.0,stuck,1003,17549.7,317406
1982,300,-49.291,0,A,22,22,0.0,,1003,17560.4,317706
1983,1,-0.167,0,A,22,22,0.0,stuck,1004,17560.4,317707
1984,300,-54.677,0,A,22,22,0.0,,1004,17571.3,318007
1985,1,-0.187,0,A,22,23,0.0,stuck,1005,17571.3,318008
1986,160,-28.173,0,A,23,22,0.0,escape,1006,17577.2,318168
1987,300,-54.014,0,A,22,22,0.0,,1006,17588.1,318468
1988,1,-0.181,0,A,22,14,0.0,stuck,1007,17588.2,318469
1989,276,-50.573,0,A,14,6,0.0,escape,1008,17598.3,318745
1990,215,-42.747,0,A,6,14,0.0,escape,1009,17606.1,318960
1991,300,-36.836,0,A,14,15,0.0,,1009,17617.1,319260
1992,125,-17.077,0,A,15,15,0.0,stuck,1010,17621.7,319385
1993,300,-22.638,0,A,15,15,0.0,,1010,17632.7,319685
1994,54,-11.253,0,A,15,14,0.0,stuck,1011,17634.7,319739
1995,300,-22.334,0,A,14,23,0.0,,1011,17645.8,320039
1996,300,-43.458,0,A,23,31,0.0,,1011,17656.7,320339
1997,270,-51.983,0,A,31,14,0.0,escape,1012,17666.5,320609
1998,58,-10.368,0,A,14,6,0.0,escape,1013,17668.6,320667
1999,104,-20.982,0,A,6,14,0.0,escape,1014,17672.4,320771
2000,42,-7.603,0,A,14,23,0.0,escape,1015,17674.0,320813
2001,300,-53.101,0,A,23,22,0.0,,1015,17684.9,321113
2002,47,-8.504,0,A,22,22,0.0,escape,1016,17686.6,321160
2003,300,-50.91,0,A,22,22,0.0,,1016,17697.6,321460
2004,1,-0.186,0,A,22,21,0.0,stuck,1017,17697.7,321461
2005,300,-52.61,0,A,21,12,0.0,,1017,17708.7,321761
2006,61,-9.548,0,A,12,14,0.0,escape,1018,17710.9,321822
2007,300,-35.876,0,A,14,4,0.0,,1018,17721.7,322122
2008,28,-3.11,0,A,4,22,0.0,escape,1019,17722.8,322150
2009,300,-56.057,0,A,22,22,0.0,,1019,17733.7,322450
2010,1,-0.173,0,A,22,22,0.0,stuck,1020,17733.8,322451
2011,300,-51.64,0,A,22,22,0.0,,1020,17744.8,322751
2012,1,-0.174,0,A,22,14,0.0,stuck,1021,17744.9,322752
2013,42,-7.479,0,A,14,23,0.0,escape,1022,17746.4,322794
2014,165,-24.883,0,A,23,22,0.0,escape,1023,17752.4,322959
2015,65,-10.998,0,A,22,14,0.0,escape,1024,17754.7,323024
2016,300,-25.772,0,A,14,15,0.0,,1024,17765.9,323324
2017,87,-11.793,0,A,15,14,0.0,stuck,1025,17769.1,323411
2018,300,-46.39,0,A,14,14,0.0,,1025,17780.0,323711
2019,1,-0.182,0,A,14,15,0.0,stuck,1026,17780.0,323712
2020,300,-47.982,0,A,15,7,0.0,,1026,17791.0,324012
2021,48,-10.805,0,A,7,22,0.0,stuck,1027,17792.7,324060
2022,300,-45.55,0,A,22,22,0.0,,1027,17803.6,324360
2023,1,-0.167,0,A,22,22,0.0,stuck,1028,17803.6,324361
2024,300,-45.309,0,A,22,22,0.0,,1028,17814.4,324661
2025,1,-0.18,0,A,22,22,0.0,stuck,1029,17814.5,324662
2026,300,-45.895,0,A,22,22,0.0,,1029,17825.2,324962
2027,1,-0.174,0,A,22,22,0.0,stuck,1030,17825.3,324963
2028,300,-44.343,0,A,22,22,0.0,,1030,17894.8,325263
2029,1,-0.173,0,A,22,14,0.0,stuck,1031,17894.8,325264
2030,300,-44.43,0,A,14,14,0.0,,1031,17905.8,325564
2031,1,-0.173,0,A,14,15,0.0,stuck,1032,17905.8,325565
2032,207,-47.181,0,A,15,14,0.0,escape,1033,17913.4,325772
2033,300,-44.725,0,A,14,14,0.0,,1033,17924.3,326072
2034,1,-0.178,0,A,14,22,0.0,stuck,1034,17924.3,326073
2035,300,-45.131,0,A,22,22,0.0,,1034,17935.2,326373
2036,1,-0.173,0,A,22,21,0.0,stuck,1035,17935.2,326374
2037,300,-42.207,0,A,21,21,0.0,,1035,17946.0,326674
2038,1,-0.156,0,A,21,15,0.0,stuck,1036,17946.0,326675
2039,300,-31.055,0,A,15,15,0.0,,1036,17956.9,326975
2040,178,-13.058,0,A,15,22,0.0,stuck,1037,17963.5,327153
2041,300,-44.776,0,A,22,22,0.0,,1037,17974.5,327453
2042,1,-0.164,0,A,22,22,0.0,stuck,1038,17974.5,327454
2043,300,-46.499,0,A,22,22,0.0,,1038,17985.3,327754
2044,1,-0.181,0,A,22,14,0.0,stuck,1039,17985.3,327755
2045,300,-46.46,0,A,14,14,0.0,,1039,17996.2,328055
2046,1,-0.187,0,A,14,13,0.0,stuck,1040,17996.3,328056
2047,300,-41.768,0,A,13,13,0.0,,1040,18007.0,328356
2048,1,-0.158,0,A,13,14,0.0,stuck,1041,18007.0,328357
2049,300,-47.5,0,A,14,14,0.0,,1041,18017.7,328657
2050,1,-0.191,0,A,14,14,0.0,stuck,1042,18017.7,328658
2051,300,-46.233,0,A,14,14,0.0,,1042,18028.3,328958
2052,1,-0.183,0,A,14,22,0.0,stuck,1043,18028.4,328959
2053,300,-48.443,0,A,22,22,0.0,,1043,18038.9,329259
2054,1,-0.187,0,A,22,30,0.0,stuck,1044,18038.9,329260
2055,300,-46.137,0,A,30,30,0.0,,1044,18049.5,329560
2056,1,-0.171,0,A,30,23,0.0,stuck,1045,18049.5,329561
2057,300,-26.422,0,A,23,23,0.0,,1045,18060.6,329861
2058,300,-21.508,0,A,23,23,0.0,,1045,18071.7,330161
2059,43,-9.481,0,A,23,14,0.0,stuck,1046,18073.3,330204
2060,300,-47.868,0,A,14,14,0.0,,1046,18084.2,330504
2061,1,-0.192,0,A,14,22,0.0,stuck,1047,18084.2,330505
2062,300,-48.676,0,A,22,22,0.0,,1047,18095.1,330805
2063,1,-0.196,0,A,22,30,0.0,stuck,1048,18095.2,330806
2064,300,-50.142,0,A,30,30,0.0,,1048,18106.1,331106
2065,1,-0.196,0,A,30,23,0.0,stuck,1049,18106.2,331107
2066,195,-14.238,0,A,23,22,0.0,escape,1050,18113.3,331302
2067,300,-46.623,0,A,22,22,0.0,,1050,18124.1,331602
2068,1,-0.182,0,A,22,23,0.0,stuck,1051,18124.2,331603
2069,300,-57.491,0,A,23,22,0.0,,1051,18135.2,331903
2070,118,-18.727,0,A,22,22,0.0,stuck,1052,18139.5,332021
2071,300,-46.678,0,A,22,22,0.0,,1052,18150.3,332321
2072,1,-0.184,0,A,22,22,0.0,stuck,1053,18150.3,332322
2073,300,-43.975,0,A,22,22,0.0,,1053,18161.2,332622
2074,1,-0.165,0,A,22,14,0.0,stuck,1054,18161.2,332623
2075,300,-45.08,0,A,14,14,0.0,,1054,18172.1,332923
2076,1,-0.184,0,A,14,21,0.0,stuck,1055,18172.1,332924
2077,300,-41.933,0,A,21,21,0.0,,1055,18183.2,333224
2078,1,-0.156,0,A,21,6,0.0,stuck,1056,18183.3,333225
2079,300,-49.268,0,A,6,6,0.0,,1056,18194.1,333525
2080,1,-0.183,0,A,6,14,0.0,stuck,1057,18194.1,333526
2081,300,-44.15,0,A,14,5,0.0,,1057,18205.4,333826
2082,69,-8.853,0,A,5,14,0.0,stuck,1058,18208.0,333895
2083,300,-43.714,0,A,14,14,0.0,,1058,18219.3,334195
2084,1,-0.172,0,A,14,14,0.0,stuck,1059,18219.4,334196
2085,300,-44.226,0,A,14,14,0.0,,1059,18230.9,334496
2086,1,-0.172,0,A,14,14,0.0,stuck,1060,18231.0,334497
2087,300,-44.924,0,A,14,14,0.0,,1060,18242.6,334797
2088,1,-0.178,0,A,14,15,0.0,stuck,1061,18242.6,334798
2089,300,-18.363,0,A,15,15,0.0,,1061,18254.5,335098
2090,59,-10.217,0,A,15,14,0.0,stuck,1062,18256.8,335157
2091,300,-44.447,0,A,14,14,0.0,,1062,18268.6,335457
2092,1,-0.176,0,A,14,22,0.0,stuck,1063,18268.7,335458
2093,300,-48.002,0,A,22,30,0.0,,1063,18280.5,335758
2094,191,-31.784,0,A,30,13,0.0,stuck,1064,18288.0,335949
2095,300,-40.456,0,A,13,13,0.0,,1064,18299.9,336249
2096,1,-0.154,0,A,13,14,0.0,stuck,1065,18299.9,336250
2097,300,-20.137,0,A,14,31,0.0,,1065,18312.0,336550
2098,300,-32.244,0,A,31,23,0.0,,1065,18324.4,336850
2099,300,-32.527,0,A,23,23,0.0,,1065,18336.9,337150
2100,300,-35.803,0,A,23,23,0.0,,1065,18349.1,337450
2101,180,-18.935,0,A,23,23,0.0,escape,1066,18356.3,337630
2102,300,-20.454,0,A,23,7,0.0,,1066,18368.7,337930
2103,94,-21.623,0,A,7,22,0.0,stuck,1067,18372.5,338024
2104,300,-42.704,0,A,22,22,0.0,,1067,18384.3,338324
2105,1,-0.164,0,A,22,22,0.0,stuck,1068,18384.4,338325
2106,300,-42.439,0,A,22,22,0.0,,1068,18396.1,338625
2107,1,-0.162,0,A,22,14,0.0,stuck,1069,18396.2,338626
2108,300,-44.357,0,A,14,7,0.0,,1069,18408.5,338926
2109,213,-13.492,0,A,7,13,0.0,stuck,1070,18417.0,339139
2110,300,-40.185,0,A,13,13,0.0,,1070,18428.9,339439
2111,1,-0.154,0,A,13,14,0.0,stuck,1071,18428.9,339440
2112,295,-56.153,0,A,14,23,0.0,escape,1072,18440.7,339735
2113,300,-20.296,0,A,23,23,0.0,,1072,18453.0,340035
2114,32,-6.135,0,A,23,14,0.0,stuck,1073,18454.3,340067
2115,300,-17.36,0,A,14,23,0.0,,1073,18466.6,340367
2116,250,-14.227,0,A,23,23,0.0,stuck,1074,18476.8,340617
2117,300,-49.215,0,A,23,22,0.0,,1074,18488.9,340917
2118,59,-8.763,0,A,22,23,0.0,stuck,1075,18491.3,340976
2119,300,-25.711,0,A,23,15,0.0,,1075,18503.7,341276
2120,111,-10.296,1,B,15,18,0.0,,1075,18508.2,341387
2121,300,-38.85,0,B,18,4,0.0,,1075,18520.4,341687
2122,42,-4.974,0,B,4,17,0.0,stuck,1076,18522.1,341729
2123,300,-66.761,0,B,17,17,0.0075,,1076,18534.4,342029
2124,1,-0.196,0,B,17,9,0.0,stuck,1077,18534.4,342030
2125,300,-67.885,0,B,9,9,0.0,,1077,18546.8,342330
2126,1,-0.179,0,B,9,16,0.0,stuck,1078,18546.8,342331
2127,300,-60.077,0,B,16,17,0.0146,,1078,18559.1,342631
2128,32,-5.729,0,B,17,17,0.0,stuck,1079,18560.4,342663
2129,300,-50.361,0,B,17,17,0.0278,,1079,18572.6,342963
2130,1,-0.167,0,B,17,25,0.0,stuck,1080,18572.7,342964
2131,300,-33.55,0,B,25,19,0.0,,1080,18585.0,343264
2132,59,-7.224,0,B,19,16,0.0,stuck,1081,18587.4,343323
2133,300,-64.929,0,B,16,16,0.0,,1081,18599.6,343623
2134,1,-0.217,0,B,16,17,0.0,stuck,1082,18599.7,343624
2135,300,-57.957,0,B,17,17,0.0397,,1082,18612.0,343924
2136,1,-0.181,0,B,17,17,0.0,stuck,1083,18612.0,343925
2137,300,-46.631,0,B,17,17,0.0505,,1083,18624.4,344225
2138,1,-0.171,0,B,17,16,0.0,stuck,1084,18624.4,344226
2139,300,-64.81,0,B,16,16,0.0,,1084,18636.8,344526
2140,1,-0.216,0,B,16,8,0.0,stuck,1085,18636.8,344527
2141,300,-59.242,0,B,8,8,0.0,,1085,18649.1,344827
2142,1,-0.203,0,B,8,17,0.0,stuck,1086,18649.1,344828
2143,300,-56.75,0,B,17,17,0.0602,,1086,18661.5,345128
2144,1,-0.194,0,B,17,9,0.0,stuck,1087,18661.5,345129
2145,300,-54.795,0,B,9,9,0.0,,1087,18673.9,345429
2146,1,-0.163,0,B,9,16,0.0,stuck,1088,18674.0,345430
2147,300,-56.612,0,B,16,16,0.0,,1088,18686.1,345730
2148,1,-0.214,0,B,16,9,0.0,stuck,1089,18686.2,345731
2149,300,-48.187,0,B,9,9,0.0,,1089,18698.4,346031
2150,1,-0.162,0,B,9,9,0.0,stuck,1090,18698.4,346032
2151,300,-55.509,0,B,9,9,0.0,,1090,18710.6,346332
2152,1,-0.179,0,B,9,9,0.0,stuck,1091,18710.6,346333
2153,300,-49.038,0,B,9,9,0.0,,1091,18722.7,346633
2154,1,-0.174,0,B,9,9,0.0,stuck,1092,18722.8,346634
2155,300,-48.235,0,B,9,9,0.0,,1092,18735.0,346934
2156,1,-0.173,0,B,9,8,0.0,stuck,1093,18735.0,346935
2157,300,-53.399,0,B,8,8,0.0,,1093,18747.2,347235
2158,1,-0.207,0,B,8,17,0.0,stuck,1094,18747.3,347236
2159,300,-56.632,0,B,17,17,0.0689,,1094,18759.6,347536
2160,1,-0.201,0,B,17,16,0.0,stuck,1095,18759.6,347537
2161,300,-55.053,0,B,16,16,0.0,,1095,18772.0,347837
2162,1,-0.21,0,B,16,8,0.0,stuck,1096,18772.0,347838
2163,300,-59.983,0,B,8,8,0.0,,1096,18784.4,348138
2164,1,-0.219,0,B,8,9,0.0,stuck,1097,18784.4,348139
2165,300,-49.123,0,B,9,9,0.0,,1097,18796.8,348439
2166,1,-0.179,0,B,9,17,0.0,stuck,1098,18796.8,348440
2167,300,-49.464,0,B,17,17,0.0768,,1098,18809.2,348740
2168,1,-0.178,0,B,17,9,0.0,stuck,1099,18809.2,348741
2169,300,-45.818,0,B,9,9,0.0,,1099,18821.4,349041
2170,1,-0.179,0,B,9,16,0.0,stuck,1100,18821.5,349042
2171,300,-51.528,0,B,16,16,0.0,,1100,18833.8,349342
2172,1,-0.206,0,B,16,16,0.0,stuck,1101,18833.8,349343
2173,300,-54.952,0,B,16,16,0.0,,1101,18846.2,349643
2174,1,-0.22,0,B,16,8,0.0,stuck,1102,18846.2,349644
2175,300,-53.692,0,B,8,8,0.0,,1102,18858.3,349944
2176,1,-0.208,0,B,8,8,0.0,stuck,1103,18858.4,349945
2177,300,-50.756,0,B,8,8,0.0,,1103,18939.7,350245
2178,1,-0.207,0,B,8,9,0.0,stuck,1104,18939.8,350246
2179,300,-49.469,0,B,9,9,0.0,,1104,18952.1,350546
2180,1,-0.181,0,B,9,9,0.0,stuck,1105,18952.2,350547
2181,300,-51.28,0,B,9,9,0.0,,1105,18964.3,350847
2182,1,-0.195,0,B,9,17,0.0,stuck,1106,18964.4,350848
2183,300,-50.876,0,B,17,17,0.084,,1106,18976.7,351148
2184,1,-0.174,0,B,17,1,0.0,stuck,1107,18976.8,351149
2185,300,-47.105,0,B,1,1,0.0,,1107,18989.1,351449
2186,1,-0.182,0,B,1,25,0.0,stuck,1108,18989.1,351450
2187,300,-54.243,0,B,25,25,0.0,,1108,19001.3,351750
2188,1,-0.193,0,B,25,17,0.0,stuck,1109,19001.3,351751
2189,300,-47.241,0,B,17,17,0.0904,,1109,19013.8,352051
2190,1,-0.174,0,B,17,17,0.0,stuck,1110,19013.8,352052
2191,300,-49.918,0,B,17,17,0.0962,,1110,19026.1,352352
2192,1,-0.182,0,B,17,9,0.0,stuck,1111,19026.2,352353
2193,300,-48.656,0,B,9,9,0.0,,1111,19038.7,352653
2194,1,-0.187,0,B,9,17,0.0,stuck,1112,19038.7,352654
2195,300,-52.525,0,B,17,17,0.1015,,1112,19051.1,352954
2196,1,-0.2,0,B,17,17,0.0,stuck,1113,19051.2,352955
2197,300,-49.919,0,B,17,17,0.1062,,1113,19063.4,353255
2198,1,-0.191,0,B,17,8,0.0,stuck,1114,19063.4,353256
2199,300,-50.813,0,B,8,8,0.0,,1114,19076.5,353556
2200,1,-0.202,0,B,8,16,0.0,stuck,1115,19076.6,353557
2201,300,-51.006,0,B,16,16,0.0,,1115,19089.7,353857
2202,1,-0.202,0,B,16,16,0.0,stuck,1116,19089.7,353858
2203,300,-51.196,0,B,16,16,0.0,,1116,19101.7,354158
2204,1,-0.206,0,B,16,17,0.0,stuck,1117,19101.7,354159
2205,300,-50.54,0,B,17,17,0.0021,,1117,19113.5,354459
2206,1,-0.199,0,B,17,8,0.0,stuck,1118,19113.6,354460
2207,300,-54.787,0,B,8,8,0.0,,1118,19125.6,354760
2208,1,-0.218,0,B,8,17,0.0,stuck,1119,19125.7,354761
2209,300,-50.146,0,B,17,17,0.0059,,1119,19137.7,355061
2210,1,-0.19,0,B,17,8,0.0,stuck,1120,19137.7,355062
2211,300,-53.065,0,B,8,8,0.0,,1120,19150.0,355362
2212,1,-0.201,0,B,8,1,0.0,stuck,1121,19150.1,355363
2213,300,-52.432,0,B,1,1,0.0,,1121,19162.4,355663
2214,1,-0.191,0,B,1,9,0.0,stuck,1122,19162.5,355664
2215,300,-50.131,0,B,9,9,0.0,,1122,19175.0,355964
2216,1,-0.199,0,B,9,16,0.0,stuck,1123,19175.0,355965
2217,300,-51.715,0,B,16,16,0.0,,1123,19187.3,356265
2218,1,-0.21,0,B,16,9,0.0,stuck,1124,19187.3,356266
2219,300,-50.194,0,B,9,9,0.0,,1124,19199.6,356566
2220,1,-0.196,0,B,9,17,0.0,stuck,1125,19199.6,356567
2221,300,-45.045,0,B,17,17,0.0094,,1125,19211.9,356867
2222,1,-0.175,0,B,17,17,0.0,stuck,1126,19211.9,356868
2223,300,-46.502,0,B,17,17,0.0126,,1126,19224.2,357168
2224,1,-0.18,0,B,17,9,0.0,stuck,1127,19224.3,357169
2225,300,-43.76,0,B,9,9,0.0,,1127,19236.7,357469
2226,1,-0.168,0,B,9,9,0.0,stuck,1128,19236.7,357470
2227,300,-45.801,0,B,9,9,0.0,,1128,19249.0,357770
2228,1,-0.179,0,B,9,17,0.0,stuck,1129,19249.1,357771
2229,300,-47.536,0,B,17,17,0.0154,,1129,19261.5,358071
2230,1,-0.18,0,B,17,8,0.0,stuck,1130,19261.6,358072
2231,300,-52.724,0,B,8,8,0.0,,1130,19274.0,358372
2232,1,-0.216,0,B,8,9,0.0,stuck,1131,19274.0,358373
2233,300,-47.145,0,B,9,9,0.0,,1131,19286.4,358673
2234,1,-0.186,0,B,9,8,0.0,stuck,1132,19286.4,358674
2235,300,-51.993,0,B,8,8,0.0,,1132,19298.7,358974
2236,1,-0.208,0,B,8,17,0.0,stuck,1133,19298.8,358975
2237,300,-47.557,0,B,17,17,0.0179,,1133,19311.1,359275
2238,1,-0.177,0,B,17,1,0.0,stuck,1134,19311.1,359276
2239,300,-49.664,0,B,1,1,0.0,,1134,19323.5,359576
2240,1,-0.198,0,B,1,8,0.0,stuck,1135,19323.5,359577
2241,300,-53.105,0,B,8,8,0.0,,1135,19336.0,359877
2242,1,-0.205,0,B,8,9,0.0,stuck,1136,19336.0,359878
2243,300,-47.302,0,B,9,9,0.0,,1136,19348.4,360178
2244,1,-0.184,0,B,9,17,0.0,stuck,1137,19348.4,360179
2245,300,-50.573,0,B,17,17,0.0202,,1137,19360.6,360479
2246,1,-0.193,0,B,17,25,0.0,stuck,1138,19360.7,360480
2247,300,-48.436,0,B,25,25,0.0,,1138,19373.0,360780
2248,1,-0.179,0,B,25,17,0.0,stuck,1139,19373.0,360781
2249,300,-43.071,0,B,17,17,0.0223,,1139,19385.3,361081
2250,1,-0.159,0,B,17,9,0.0,stuck,1140,19385.3,361082
2251,300,-47.327,0,B,9,9,0.0,,1140,19397.7,361382
2252,1,-0.185,0,B,9,9,0.0,stuck,1141,19397.8,361383
2253,300,-42.467,0,B,9,9,0.0,,1141,19410.0,361683
2254,1,-0.16,0,B,9,16,0.0,stuck,1142,19410.1,361684
2255,300,-52.802,0,B,16,16,0.0,,1142,19422.1,361984
2256,1,-0.211,0,B,16,9,0.0,stuck,1143,19422.1,361985
2257,300,-49.932,0,B,9,9,0.0,,1143,19434.5,362285
2258,1,-0.2,0,B,9,16,0.0,stuck,1144,19434.6,362286
2259,300,-53.182,0,B,16,16,0.0,,1144,19446.7,362586
2260,1,-0.213,0,B,16,1,0.0,stuck,1145,19446.8,362587
2261,300,-51.51,0,B,1,1,0.0,,1145,19458.8,362887
2262,1,-0.203,0,B,1,17,0.0,stuck,1146,19458.8,362888
2263,300,-50.16,0,B,17,17,0.0242,,1146,19470.8,363188
2264,1,-0.196,0,B,17,25,0.0,stuck,1147,19470.9,363189
2265,300,-50.127,0,B,25,25,0.0,,1147,19483.2,363489
2266,1,-0.189,0,B,25,16,0.0,stuck,1148,19483.3,363490
2267,300,-53.457,0,B,16,16,0.0,,1148,19495.7,363790
2268,1,-0.211,0,B,16,16,0.0,stuck,1149,19495.7,363791
2269,300,-51.28,0,B,16,16,0.0,,1149,19508.1,364091
2270,1,-0.203,0,B,16,9,0.0,stuck,1150,19508.1,364092
2271,300,-46.431,0,B,9,9,0.0,,1150,19520.6,364392
2272,1,-0.177,0,B,9,17,0.0,stuck,1151,19520.6,364393
2273,300,-46.811,0,B,17,17,0.0259,,1151,19533.0,364693
2274,1,-0.174,0,B,17,9,0.0,stuck,1152,19533.1,364694
2275,300,-45.076,0,B,9,9,0.0,,1152,19545.3,364994
2276,1,-0.163,0,B,9,8,0.0,stuck,1153,19545.4,364995
2277,300,-53.966,0,B,8,8,0.0,,1153,19557.8,365295
2278,1,-0.21,0,B,8,9,0.0,stuck,1154,19557.8,365296
2279,300,-47.194,0,B,9,9,0.0,,1154,19570.3,365596
2280,1,-0.181,0,B,9,9,0.0,stuck,1155,19570.3,365597
2281,300,-51.136,0,B,9,9,0.0,,1155,19582.6,365897
2282,1,-0.194,0,B,9,16,0.0,stuck,1156,19582.7,365898
2283,300,-54.092,0,B,16,16,0.0,,1156,19594.9,366198
2284,1,-0.209,0,B,16,17,0.0,stuck,1157,19595.0,366199
2285,300,-50.257,0,B,17,17,0.0274,,1157,19607.3,366499
2286,1,-0.196,0,B,17,9,0.0,stuck,1158,19607.3,366500
2287,300,-50.291,0,B,9,9,0.0,,1158,19619.6,366800
2288,1,-0.201,0,B,9,17,0.0,stuck,1159,19619.6,366801
2289,300,-46.953,0,B,17,17,0.0288,,1159,19632.0,367101
2290,1,-0.186,0,B,17,17,0.0,stuck,1160,19632.0,367102
2291,300,-47.315,0,B,17,17,0.0301,,1160,19644.3,367402
2292,1,-0.181,0,B,17,16,0.0,stuck,1161,19644.4,367403
2293,300,-51.524,0,B,16,16,0.0,,1161,19656.6,367703
2294,1,-0.203,0,B,16,9,0.0,stuck,1162,19656.7,367704
2295,300,-48.469,0,B,9,9,0.0,,1162,19669.1,368004
2296,1,-0.19,0,B,9,9,0.0,stuck,1163,19669.2,368005
2297,300,-47.388,0,B,9,9,0.0,,1163,19681.5,368305
2298,1,-0.176,0,B,9,8,0.0,stuck,1164,19681.5,368306
2299,300,-55.061,0,B,8,8,0.0,,1164,19694.0,368606
2300,1,-0.216,0,B,8,17,0.0,stuck,1165,19694.0,368607
2301,300,-58.377,0,B,17,16,0.0,,1165,19706.4,368907
2302,204,-40.283,0,B,16,9,0.0,stuck,1166,19714.7,369111
2303,300,-45.737,0,B,9,9,0.0,,1166,19727.0,369411
2304,1,-0.178,0,B,9,9,0.0,stuck,1167,19727.1,369412
2305,300,-44.954,0,B,9,9,0.0,,1167,19739.4,369712
2306,1,-0.177,0,B,9,17,0.0,stuck,1168,19739.4,369713
2307,300,-49.529,0,B,17,17,0.0317,,1168,19751.8,370013
2308,1,-0.199,0,B,17,9,0.0,stuck,1169,19751.8,370014
2309,300,-48.826,0,B,9,9,0.0,,1169,19764.1,370314
2310,1,-0.196,0,B,9,17,0.0,stuck,1170,19764.2,370315
2311,300,-45.654,0,B,17,17,0.0327,,1170,19776.6,370615
2312,1,-0.171,0,B,17,17,0.0,stuck,1171,19776.6,370616
2313,300,-48.898,0,B,17,17,0.0335,,1171,19789.0,370916
2314,1,-0.197,0,B,17,17,0.0,stuck,1172,19789.0,370917
2315,300,-47.832,0,B,17,17,0.0343,,1172,19801.4,371217
2316,1,-0.189,0,B,17,1,0.0,stuck,1173,19801.4,371218
2317,300,-49.739,0,B,1,1,0.0,,1173,19813.8,371518
2318,1,-0.199,0,B,1,10,0.0,stuck,1174,19813.8,371519
2319,300,-42.226,0,B,10,10,0.0,,1174,19826.2,371819
2320,1,-0.156,0,B,10,9,0.0,stuck,1175,19826.2,371820
2321,300,-45.428,0,B,9,9,0.0,,1175,19838.5,372120
2322,1,-0.174,0,B,9,9,0.0,stuck,1176,19838.5,372121
2323,300,-48.319,0,B,9,9,0.0,,1176,19850.9,372421
2324,1,-0.191,0,B,9,9,0.0,stuck,1177,19850.9,372422
2325,300,-44.529,0,B,9,9,0.0,,1177,19863.3,372722
2326,1,-0.177,0,B,9,8,0.0,stuck,1178,19863.4,372723
2327,300,-58.862,0,B,8,8,0.0,,1178,19875.6,373023
2328,1,-0.221,0,B,8,17,0.0,stuck,1179,19875.7,373024
2329,300,-50.875,0,B,17,17,0.035,,1179,19888.0,373324
2330,1,-0.202,0,B,17,9,0.0,stuck,1180,19888.0,373325
2331,300,-43.622,0,B,9,9,0.0,,1180,19900.5,373625
2332,1,-0.167,0,B,9,0,0.0,stuck,1181,19900.5,373626
2333,300,-52.012,0,B,0,0,0.0,,1181,19912.8,373926
2334,1,-0.204,0,B,0,17,0.0,stuck,1182,19912.9,373927
2335,300,-49.224,0,B,17,17,0.0357,,1182,19925.3,374227
2336,1,-0.191,0,B,17,18,0.0,stuck,1183,19925.3,374228
2337,300,-42.724,0,B,18,18,0.0039,,1183,19937.7,374528
2338,1,-0.159,0,B,18,9,0.0,stuck,1184,19937.8,374529
2339,300,-44.027,0,B,9,9,0.0,,1184,19950.1,374829
2340,1,-0.169,0,B,9,9,0.0,stuck,1185,19950.1,374830
2341,300,-59.261,0,B,9,9,0.0,,1185,20029.7,375130
2342,1,-0.184,0,B,9,16,0.0,stuck,1186,20029.7,375131
2343,300,-55.953,0,B,16,17,0.036,,1186,20042.1,375431
2344,74,-13.987,0,B,17,9,0.0,stuck,1187,20045.2,375505
2345,300,-52.987,0,B,9,9,0.0,,1187,20057.6,375805
2346,1,-0.176,0,B,9,8,0.0,stuck,1188,20057.6,375806
2347,300,-60.532,0,B,8,8,0.0,,1188,20070.1,376106
2348,1,-0.21,0,B,8,16,0.0,stuck,1189,20070.1,376107
2349,300,-52.739,0,B,16,16,0.0,,1189,20082.6,376407
2350,1,-0.211,0,B,16,1,0.0,stuck,1190,20082.6,376408
2351,300,-52.119,0,B,1,1,0.0,,1190,20095.1,376708
2352,1,-0.171,0,B,1,17,0.0,stuck,1191,20095.1,376709
2353,300,-51.042,0,B,17,17,0.0365,,1191,20107.5,377009
2354,1,-0.16,0,B,17,1,0.0,stuck,1192,20107.5,377010
2355,300,-49.585,0,B,1,1,0.0,,1192,20119.8,377310
2356,1,-0.172,0,B,1,16,0.0,stuck,1193,20119.8,377311
2357,300,-60.978,0,B,16,16,0.0,,1193,20132.2,377611
2358,1,-0.208,0,B,16,17,0.0,stuck,1194,20132.2,377612
2359,300,-56.047,0,B,17,17,0.037,,1194,20144.5,377912
2360,1,-0.19,0,B,17,16,0.0,stuck,1195,20144.6,377913
2361,300,-63.008,0,B,16,16,0.0,,1195,20156.9,378213
2362,1,-0.204,0,B,16,9,0.0,stuck,1196,20156.9,378214
2363,300,-52.581,0,B,9,9,0.0,,1196,20169.2,378514
2364,1,-0.163,0,B,9,17,0.0,stuck,1197,20169.2,378515
2365,300,-54.65,0,B,17,17,0.0375,,1197,20181.6,378815
2366,1,-0.176,0,B,17,17,0.0,stuck,1198,20181.6,378816
2367,300,-55.018,0,B,17,17,0.0379,,1198,20193.6,379116
2368,1,-0.168,0,B,17,8,0.0,stuck,1199,20193.6,379117
2369,300,-60.612,0,B,8,8,0.0,,1199,20205.7,379417
2370,1,-0.215,0,B,8,17,0.0,stuck,1200,20205.7,379418
2371,300,-55.043,0,B,17,17,0.0382,,1200,20217.8,379718
2372,1,-0.174,0,B,17,9,0.0,stuck,1201,20217.8,379719
2373,300,-49.261,0,B,9,9,0.0,,1201,20229.8,380019
2374,1,-0.162,0,B,9,9,0.0,stuck,1202,20229.9,380020
2375,300,-52.091,0,B,9,9,0.0,,1202,20241.7,380320
2376,1,-0.17,0,B,9,9,0.0,stuck,1203,20241.8,380321
2377,300,-54.794,0,B,9,9,0.0,,1203,20254.0,380621
2378,1,-0.195,0,B,9,17,0.0,stuck,1204,20254.0,380622
2379,300,-53.209,0,B,17,17,0.0386,,1204,20266.3,380922
2380,1,-0.175,0,B,17,17,0.0,stuck,1205,20266.4,380923
2381,300,-51.566,0,B,17,17,0.0389,,1205,20278.6,381223
2382,1,-0.177,0,B,17,17,0.0,stuck,1206,20278.7,381224
2383,300,-54.66,0,B,17,17,0.0391,,1206,20291.0,381524
2384,1,-0.194,0,B,17,9,0.0,stuck,1207,20291.1,381525
2385,300,-52.797,0,B,9,9,0.0,,1207,20303.4,381825
2386,1,-0.193,0,B,9,16,0.0,stuck,1208,20303.4,381826
2387,300,-57.659,0,B,16,16,0.0,,1208,20315.8,382126
2388,1,-0.209,0,B,16,9,0.0,stuck,1209,20315.8,382127
2389,300,-51.347,0,B,9,9,0.0,,1209,20328.1,382427
2390,1,-0.19,0,B,9,9,0.0,stuck,1210,20328.1,382428
2391,300,-50.739,0,B,9,9,0.0,,1210,20340.5,382728
2392,1,-0.186,0,B,9,8,0.0,stuck,1211,20340.5,382729
2393,300,-57.224,0,B,8,8,0.0,,1211,20352.8,383029
2394,1,-0.207,0,B,8,9,0.0,stuck,1212,20352.9,383030
2395,300,-51.411,0,B,9,9,0.0,,1212,20365.3,383330
2396,1,-0.185,0,B,9,8,0.0,stuck,1213,20365.3,383331
2397,300,-57.959,0,B,8,8,0.0,,1213,20377.8,383631
2398,1,-0.21,0,B,8,25,0.0,stuck,1214,20377.8,383632
2399,300,-49.059,0,B,25,25,0.0,,1214,20390.1,383932
2400,1,-0.182,0,B,25,9,0.0,stuck,1215,20390.1,383933
2401,300,-44.2,0,B,9,9,0.0,,1215,20402.5,384233
2402,1,-0.159,0,B,9,10,0.0,stuck,1216,20402.6,384234
2403,300,-43.71,0,B,10,10,0.0,,1216,20415.1,384534
2404,1,-0.159,0,B,10,17,0.0,stuck,1217,20415.1,384535
2405,300,-47.382,0,B,17,17,0.0001,,1217,20427.7,384835
2406,1,-0.164,0,B,17,9,0.0,stuck,1218,20427.7,384836
2407,300,-49.933,0,B,9,9,0.0,,1218,20440.0,385136
2408,1,-0.175,0,B,9,16,0.0,stuck,1219,20440.0,385137
2409,300,-53.046,0,B,16,16,0.0,,1219,20452.2,385437
2410,1,-0.205,0,B,16,17,0.0,stuck,1220,20452.3,385438
2411,300,-47.921,0,B,17,17,0.0003,,1220,20464.2,385738
2412,1,-0.18,0,B,17,0,0.0,stuck,1221,20464.2,385739
2413,300,-53.098,0,B,0,0,0.0,,1221,20476.3,386039
2414,1,-0.203,0,B,0,9,0.0,stuck,1222,20476.3,386040
2415,300,-46.256,0,B,9,9,0.0,,1222,20488.4,386340
2416,1,-0.176,0,B,9,9,0.0,stuck,1223,20488.4,386341
2417,300,-50.378,0,B,9,9,0.0,,1223,20501.1,386641
2418,1,-0.196,0,B,9,1,0.0,stuck,1224,20501.1,386642
2419,300,-45.893,0,B,1,1,0.0,,1224,20513.5,386942
2420,1,-0.178,0,B,1,9,0.0,stuck,1225,20513.5,386943
2421,300,-44.052,0,B,9,9,0.0,,1225,20525.9,387243
2422,1,-0.17,0,B,9,17,0.0,stuck,1226,20525.9,387244
2423,300,-50.057,0,B,17,17,0.0005,,1226,20538.4,387544
2424,1,-0.201,0,B,17,9,0.0,stuck,1227,20538.4,387545
2425,300,-47.131,0,B,9,9,0.0,,1227,20550.7,387845
2426,1,-0.188,0,B,9,16,0.0,stuck,1228,20550.7,387846
2427,300,-52.809,0,B,16,16,0.0,,1228,20563.1,388146
2428,1,-0.217,0,B,16,1,0.0,stuck,1229,20563.2,388147
2429,300,-44.626,0,B,1,1,0.0,,1229,20575.6,388447
2430,1,-0.174,0,B,1,16,0.0,stuck,1230,20575.6,388448
2431,300,-51.009,0,B,16,16,0.0,,1230,20588.0,388748
2432,1,-0.209,0,B,16,8,0.0,stuck,1231,20588.0,388749
2433,300,-51.987,0,B,8,8,0.0,,1231,20600.4,389049
2434,1,-0.212,0,B,8,17,0.0,stuck,1232,20600.4,389050
2435,300,-44.375,0,B,17,17,0.0007,,1232,20612.8,389350
2436,1,-0.168,0,B,17,16,0.0,stuck,1233,20612.8,389351
2437,300,-53.338,0,B,16,16,0.0,,1233,20625.1,389651
2438,1,-0.217,0,B,16,17,0.0,stuck,1234,20625.2,389652
2439,300,-43.572,0,B,17,17,0.0009,,1234,20637.4,389952
2440,1,-0.169,0,B,17,18,0.0,stuck,1235,20637.5,389953
2441,300,-41.193,0,B,18,18,0.0035,,1235,20649.8,390253
2442,1,-0.154,0,B,18,16,0.0,stuck,1236,20649.8,390254
2443,300,-52.219,0,B,16,16,0.0,,1236,20662.2,390554
2444,1,-0.213,0,B,16,25,0.0,stuck,1237,20662.3,390555
2445,300,-50.202,0,B,25,25,0.0,,1237,20674.8,390855
2446,1,-0.203,0,B,25,16,0.0,stuck,1238,20674.9,390856
2447,300,-51.705,0,B,16,16,0.0,,1238,20687.2,391156
2448,1,-0.207,0,B,16,9,0.0,stuck,1239,20687.3,391157
2449,300,-49.538,0,B,9,9,0.0,,1239,20699.7,391457
2450,1,-0.2,0,B,9,17,0.0,stuck,1240,20699.8,391458
2451,300,-44.828,0,B,17,17,0.001,,1240,20712.1,391758
2452,1,-0.17,0,B,17,17,0.0,stuck,1241,20712.2,391759
2453,300,-47.29,0,B,17,17,0.0011,,1241,20724.6,392059
2454,1,-0.186,0,B,17,17,0.0,stuck,1242,20724.6,392060
2455,300,-47.717,0,B,17,17,0.0013,,1242,20737.1,392360
2456,1,-0.187,0,B,17,10,0.0,stuck,1243,20737.1,392361
2457,300,-41.466,0,B,10,10,0.0,,1243,20749.5,392661
2458,1,-0.159,0,B,10,9,0.0,stuck,1244,20749.5,392662
2459,300,-43.156,0,B,9,9,0.0,,1244,20762.0,392962
2460,1,-0.164,0,B,9,17,0.0,stuck,1245,20762.0,392963
2461,300,-43.978,0,B,17,17,0.0014,,1245,20774.4,393263
2462,1,-0.171,0,B,17,9,0.0,stuck,1246,20774.4,393264
2463,300,-43.817,0,B,9,9,0.0,,1246,20786.8,393564
2464,1,-0.172,0,B,9,9,0.0,stuck,1247,20786.8,393565
2465,300,-46.859,0,B,9,9,0.0,,1247,20799.1,393865
2466,1,-0.182,0,B,9,9,0.0,stuck,1248,20799.1,393866
2467,300,-51.759,0,B,9,1,0.0,,1248,20811.6,394166
2468,138,-22.049,0,B,1,17,0.0,stuck,1249,20817.3,394304
2469,300,-43.248,0,B,17,17,0.0015,,1249,20829.7,394604
2470,1,-0.166,0,B,17,17,0.0,stuck,1250,20829.8,394605
2471,300,-42.837,0,B,17,17,0.0016,,1250,20842.1,394905
2472,1,-0.167,0,B,17,8,0.0,stuck,1251,20842.2,394906
2473,300,-56.339,0,B,8,8,0.0,,1251,20856.2,395206
2474,1,-0.222,0,B,8,18,0.0,stuck,1252,20856.3,395207
2475,300,-42.473,0,B,18,18,0.0099,,1252,20869.8,395507
2476,1,-0.158,0,B,18,9,0.0,stuck,1253,20869.8,395508
2477,300,-45.777,0,B,9,9,0.0,,1253,20882.2,395808
2478,1,-0.182,0,B,9,17,0.0,stuck,1254,20882.3,395809
2479,300,-45.32,0,B,17,17,0.0016,,1254,20894.6,396109
2480,1,-0.178,0,B,17,17,0.0,stuck,1255,20894.7,396110
2481,300,-46.183,0,B,17,17,0.0017,,1255,20907.3,396410
2482,1,-0.182,0,B,17,8,0.0,stuck,1256,20907.3,396411
2483,300,-50.252,0,B,8,8,0.0,,1256,20919.7,396711
2484,1,-0.204,0,B,8,1,0.0,stuck,1257,20919.7,396712
2485,300,-46.64,0,B,1,1,0.0,,1257,20932.1,397012
2486,1,-0.187,0,B,1,17,0.0,stuck,1258,20932.1,397013
2487,300,-47.129,0,B,17,17,0.0018,,1258,20944.4,397313
2488,1,-0.187,0,B,17,8,0.0,stuck,1259,20944.4,397314
2489,300,-56.444,0,B,8,8,0.0,,1259,20956.8,397614
2490,1,-0.221,0,B,8,10,0.0,stuck,1260,20956.8,397615
2491,300,-42.231,0,B,10,10,0.0,,1260,20969.4,397915
2492,1,-0.157,0,B,10,10,0.0,stuck,1261,20969.5,397916
2493,300,-48.679,0,B,10,10,0.0,,1261,20981.8,398216
2494,1,-0.156,0,B,10,8,0.0,stuck,1262,20981.9,398217
2495,300,-56.966,0,B,8,8,0.0,,1262,20994.3,398517
2496,1,-0.209,0,B,8,17,0.0,stuck,1263,20994.3,398518
2497,300,-69.504,0,B,17,16,0.0,,1263,21006.8,398818
2498,266,-50.175,0,B,16,17,0.0,stuck,1264,21017.9,399084
2499,115,-7.434,1,A,17,13,0.0,,1264,21022.7,399199
2500,3,-0.555,0,A,13,22,0.0,escape,1265,21022.9,399202
2501,300,-48.845,0,A,22,22,0.0,,1265,21035.9,399502
2502,1,-0.188,0,A,22,15,0.0,stuck,1266,21036.0,399503
2503,300,-65.93,0,A,15,15,0.0075,,1266,21048.6,399803
2504,29,-6.02,0,A,15,23,0.0,stuck,1267,21049.8,399832
2505,300,-66.052,0,A,23,23,0.0,,1267,21128.4,400132
2506,38,-8.228,0,A,23,14,0.0,stuck,1268,21129.9,400170
2507,300,-42.71,0,A,14,14,0.0,,1268,21142.2,400470
2508,1,-0.167,0,A,14,14,0.0,stuck,1269,21142.3,400471
2509,300,-42.996,0,A,14,14,0.0,,1269,21155.0,400771
2510,1,-0.165,0,A,14,22,0.0,stuck,1270,21155.0,400772
2511,300,-46.261,0,A,22,22,0.0,,1270,21167.5,401072
2512,1,-0.183,0,A,22,22,0.0,stuck,1271,21167.6,401073
2513,300,-49.552,0,A,22,7,0.0,,1271,21179.9,401373
2514,45,-4.437,0,A,7,23,0.0,escape,1272,21181.7,401418
2515,300,-65.172,0,A,23,15,0.0146,,1272,21194.1,401718
2516,32,-7.083,0,A,15,14,0.0,stuck,1273,21195.4,401750
2517,300,-45.756,0,A,14,14,0.0,,1273,21207.7,402050
2518,1,-0.175,0,A,14,30,0.0,stuck,1274,21207.7,402051
2519,300,-57.577,0,A,30,30,0.0,,1274,21220.0,402351
2520,1,-0.195,0,A,30,22,0.0,stuck,1275,21220.0,402352
2521,300,-46.128,0,A,22,22,0.0,,1275,21232.4,402652
2522,1,-0.185,0,A,22,15,0.0,stuck,1276,21232.4,402653
2523,161,-10.004,0,A,15,14,0.0,escape,1277,21239.0,402814
2524,300,-19.086,0,A,14,15,0.0278,,1277,21251.5,403114
2525,39,-8.611,0,A,15,22,0.0,stuck,1278,21253.1,403153
2526,56,-9.324,0,A,22,14,0.0,escape,1279,21255.4,403209
2527,62,-9.829,0,A,14,22,0.0,escape,1280,21258.0,403271
2528,61,-11.323,0,A,22,15,0.0,escape,1281,21260.5,403332
2529,131,-11.288,0,A,15,23,0.0,escape,1282,21265.9,403463
2530,300,-22.138,0,A,23,15,0.0397,,1282,21278.5,403763
2531,70,-8.136,0,A,15,22,0.0,stuck,1283,21281.4,403833
2532,300,-16.363,0,A,22,7,0.0,,1283,21293.8,404133
2533,300,-56.509,0,A,7,7,0.0,,1283,21305.8,404433
2534,24,-4.805,0,A,7,6,0.0,escape,1284,21306.8,404457
2535,40,-6.792,0,A,6,23,0.0,escape,1285,21308.4,404497
2536,300,-58.975,0,A,23,7,0.0,,1285,21320.4,404797
2537,31,-5.538,0,A,7,14,0.0,escape,1286,21321.6,404828
2538,39,-6.644,0,A,14,22,0.0,escape,1287,21323.2,404867
2539,165,-35.404,0,A,22,21,0.0,escape,1288,21329.9,405032
2540,65,-10.888,0,A,21,22,0.0,escape,1289,21332.6,405097
2541,67,-12.762,0,A,22,30,0.0,escape,1290,21335.3,405164
2542,300,-23.264,0,A,30,31,0.0,,1290,21347.5,405464
2543,142,-30.418,0,A,31,15,0.0,stuck,1291,21353.3,405606
2544,300,-15.65,0,A,15,15,0.0505,,1291,21365.8,405906
2545,193,-11.592,0,A,15,22,0.0,stuck,1292,21373.7,406099
2546,96,-17.408,0,A,22,22,0.0,escape,1293,21377.8,406195
2547,57,-9.479,0,A,22,14,0.0,escape,1294,21380.1,406252
2548,300,-49.614,0,A,14,14,0.0,,1294,21392.5,406552
2549,1,-0.178,0,A,14,23,0.0,stuck,1295,21392.5,406553
2550,300,-16.444,0,A,23,23,0.0,,1295,21405.2,406853
2551,300,-22.583,0,A,23,15,0.0555,,1295,21417.7,407153
2552,79,-9.023,0,A,15,23,0.0,stuck,1296,21420.9,407232
2553,300,-52.255,0,A,23,23,0.0,,1296,21433.1,407532
2554,1,-0.208,0,A,23,15,0.0,stuck,1297,21433.1,407533
2555,300,-51.583,0,A,15,15,0.0647,,1297,21445.8,407833
2556,1,-0.205,0,A,15,22,0.0,stuck,1298,21445.8,407834
2557,300,-47.406,0,A,22,22,0.0,,1298,21458.0,408134
2558,1,-0.178,0,A,22,7,0.0,stuck,1299,21458.0,408135
2559,300,-51.315,0,A,7,7,0.0,,1299,21470.1,408435
2560,1,-0.206,0,A,7,6,0.0,stuck,1300,21470.2,408436
2561,300,-45.435,0,A,6,6,0.0,,1300,21482.5,408736
2562,1,-0.182,0,A,6,22,0.0,stuck,1301,21482.5,408737
2563,300,-47.947,0,A,22,22,0.0,,1301,21494.6,409037
2564,1,-0.184,0,A,22,6,0.0,stuck,1302,21494.6,409038
2565,300,-45.627,0,A,6,6,0.0,,1302,21506.6,409338
2566,1,-0.184,0,A,6,14,0.0,stuck,1303,21506.6,409339
2567,300,-43.913,0,A,14,14,0.0,,1303,21518.7,409639
2568,1,-0.167,0,A,14,15,0.0,stuck,1304,21518.7,409640
2569,300,-50.677,0,A,15,15,0.073,,1304,21530.7,409940
2570,1,-0.207,0,A,15,15,0.0,stuck,1305,21530.8,409941
2571,300,-50.032,0,A,15,15,0.0805,,1305,21543.1,410241
2572,1,-0.204,0,A,15,15,0.0,stuck,1306,21543.1,410242
2573,300,-16.025,0,A,15,15,0.0873,,1306,21555.6,410542
2574,300,-14.51,0,A,15,7,0.0,,1306,21568.0,410842
2575,93,-11.796,0,A,7,14,0.0,stuck,1307,21571.9,410935
2576,300,-43.901,0,A,14,14,0.0,,1307,21584.8,411235
2577,1,-0.166,0,A,14,23,0.0,stuck,1308,21584.8,411236
2578,300,-16.268,0,A,23,15,0.0904,,1308,21597.4,411536
2579,300,-39.311,0,A,15,12,0.0,,1308,21609.9,411836
2580,61,-6.281,0,A,12,22,0.0,stuck,1309,21612.4,411897
2581,300,-44.176,0,A,22,22,0.0,,1309,21624.6,412197
2582,1,-0.161,0,A,22,14,0.0,stuck,1310,21624.7,412198
2583,300,-46.472,0,A,14,14,0.0,,1310,21636.8,412498
2584,1,-0.173,0,A,14,14,0.0,stuck,1311,21636.9,412499
2585,300,-46.623,0,A,14,14,0.0,,1311,21649.1,412799
2586,1,-0.175,0,A,14,21,0.0,stuck,1312,21649.2,412800
2587,300,-40.411,0,A,21,21,0.0,,1312,21661.5,413100
2588,1,-0.154,0,A,21,22,0.0,stuck,1313,21661.5,413101
2589,300,-53.504,0,A,22,22,0.0,,1313,21673.8,413401
2590,1,-0.202,0,A,22,23,0.0,stuck,1314,21673.8,413402
2591,300,-17.821,0,A,23,7,0.0,,1314,21686.4,413702
2592,300,-37.075,0,A,7,21,0.0,,1314,21698.7,414002
2593,88,-11.031,0,A,21,6,0.0,stuck,1315,21702.3,414090
2594,300,-56.5,0,A,6,6,0.0,,1315,21714.5,414390
2595,1,-0.202,0,A,6,14,0.0,stuck,1316,21714.5,414391
2596,300,-17.754,0,A,14,15,0.0934,,1316,21727.1,414691
2597,287,-18.254,0,A,15,15,0.0,stuck,1317,21739.3,414978
2598,300,-25.429,0,A,15,15,0.0989,,1317,21751.3,415278
2599,30,-6.655,0,A,15,22,0.0,stuck,1318,21752.5,415308
2600,300,-46.139,0,A,22,22,0.0,,1318,21764.0,415608
2601,1,-0.169,0,A,22,15,0.0,stuck,1319,21764.0,415609
2602,300,-13.895,0,A,15,23,0.0,,1319,21775.6,415909
2603,151,-11.752,0,A,23,30,0.0,escape,1320,21781.3,416060
2604,300,-50.031,0,A,30,30,0.0,,1320,21792.6,416360
2605,1,-0.19,0,A,30,22,0.0,stuck,1321,21792.6,416361
2606,300,-45.06,0,A,22,22,0.0,,1321,21803.7,416661
2607,1,-0.164,0,A,22,22,0.0,stuck,1322,21803.8,416662
2608,300,-48.777,0,A,22,22,0.0,,1322,21814.9,416962
2609,1,-0.186,0,A,22,14,0.0,stuck,1323,21815.0,416963
2610,300,-49.269,0,A,14,14,0.0,,1323,21826.0,417263
2611,1,-0.185,0,A,14,23,0.0,stuck,1324,21826.0,417264
2612,300,-18.86,0,A,23,15,0.0024,,1324,21837.3,417564
2613,120,-21.341,0,A,15,23,0.0,stuck,1325,21841.8,417684
2614,177,-11.498,0,A,23,22,0.0,escape,1326,21848.5,417861
2615,300,-46.596,0,A,22,22,0.0,,1326,21859.6,418161
2616,1,-0.174,0,A,22,21,0.0,stuck,1327,21859.6,418162
2617,300,-43.179,0,A,21,21,0.0,,1327,21870.7,418462
2618,1,-0.156,0,A,21,22,0.0,stuck,1328,21870.7,418463
2619,300,-45.839,0,A,22,22,0.0,,1328,21881.8,418763
2620,1,-0.17,0,A,22,22,0.0,stuck,1329,21881.9,418764
2621,300,-49.267,0,A,22,22,0.0,,1329,21892.9,419064
2622,1,-0.185,0,A,22,15,0.0,stuck,1330,21892.9,419065
2623,300,-18.241,0,A,15,7,0.0,,1330,21904.2,419365
2624,5,-1.163,0,A,7,14,0.0,escape,1331,21904.3,419370
2625,300,-46.4,0,A,14,14,0.0,,1331,21915.4,419670
2626,1,-0.179,0,A,14,15,0.0,stuck,1332,21915.4,419671
2627,300,-62.573,0,A,15,7,0.0,,1332,21926.5,419971
2628,41,-7.222,0,A,7,14,0.0,stuck,1333,21928.0,420012
2629,300,-44.74,0,A,14,14,0.0,,1333,21939.0,420312
2630,1,-0.171,0,A,14,14,0.0,stuck,1334,21939.1,420313
2631,300,-46.601,0,A,14,14,0.0,,1334,21950.0,420613
2632,1,-0.173,0,A,14,23,0.0,stuck,1335,21950.1,420614
2633,300,-20.676,0,A,23,23,0.0,,1335,21961.2,420914
2634,67,-11.906,0,A,23,23,0.0,stuck,1336,21963.7,420981
2635,300,-17.481,0,A,23,15,0.009,,1336,21974.9,421281
2636,300,-17.186,0,A,15,15,0.011,,1336,21986.1,421581
2637,29,-5.175,0,A,15,13,0.0,stuck,1337,21987.2,421610
2638,300,-45.191,0,A,13,13,0.0,,1337,21998.1,421910
2639,1,-0.156,0,A,13,22,0.0,stuck,1338,21998.1,421911
2640,300,-48.228,0,A,22,22,0.0,,1338,22009.1,422211
2641,1,-0.166,0,A,22,22,0.0,stuck,1339,22009.1,422212
2642,300,-41.986,0,A,22,6,0.0,,1339,22020.0,422512
2643,72,-10.891,0,A,6,30,0.0,stuck,1340,22022.7,422584
2644,300,-51.266,0,A,30,22,0.0,,1340,22033.8,422884
2645,1,-0.186,0,A,22,14,0.0,stuck,1341,22033.8,422885
2646,300,-46.769,0,A,14,14,0.0,,1341,22044.7,423185
2647,1,-0.178,0,A,14,23,0.0,stuck,1342,22044.7,423186
2648,300,-24.019,0,A,23,23,0.0,,1342,22055.8,423486
2649,151,-12.818,0,A,23,22,0.0,stuck,1343,22061.4,423637
2650,300,-19.531,0,A,22,15,0.0129,,1343,22072.6,423937
2651,99,-9.133,0,A,15,22,0.0,stuck,1344,22076.3,424036
2652,300,-45.417,0,A,22,22,0.0,,1344,22087.4,424336
2653,1,-0.175,0,A,22,14,0.0,stuck,1345,22087.4,424337
2654,300,-18.438,0,A,14,15,0.0146,,1345,22098.6,424637
2655,225,-15.854,0,A,15,23,0.0,stuck,1346,22107.0,424862
2656,300,-17.414,0,A,23,23,0.0,,1346,22174.8,425162
2657,22,-4.582,0,A,23,22,0.0,stuck,1347,22175.5,425184
2658,300,-21.719,0,A,22,23,0.0,,1347,22186.8,425484
2659,262,-33.955,0,A,23,22,0.0,escape,1348,22196.6,425746
2660,300,-24.9,0,A,22,7,0.0,,1348,22207.7,426046
2661,244,-45.252,0,A,7,14,0.0,stuck,1349,22216.7,426290
2662,300,-45.179,0,A,14,14,0.0,,1349,22227.7,426590
2663,1,-0.167,0,A,14,22,0.0,stuck,1350,22227.7,426591
2664,54,-6.206,0,A,22,22,0.0,escape,1351,22229.7,426645
2665,300,-44.593,0,A,22,22,0.0,,1351,22240.6,426945
2666,1,-0.17,0,A,22,22,0.0,stuck,1352,22240.7,426946
2667,300,-13.364,0,A,22,23,0.0,,1352,22251.8,427246
2668,288,-20.117,0,A,23,14,0.0,stuck,1353,22262.4,427534
2669,300,-18.427,0,A,14,23,0.0,,1353,22273.5,427834
2670,40,-5.715,0,A,23,14,0.0,stuck,1354,22275.0,427874
2671,300,-45.683,0,A,14,14,0.0,,1354,22285.9,428174
2672,1,-0.168,0,A,14,22,0.0,stuck,1355,22285.9,428175
2673,300,-11.793,0,A,22,23,0.0,,1355,22297.0,428475
2674,300,-22.596,0,A,23,23,0.0,,1355,22308.1,428775
2675,91,-10.019,0,A,23,30,0.0,escape,1356,22311.5,428866
2676,300,-15.479,0,A,30,23,0.0,,1356,22322.6,429166
2677,300,-39.128,0,A,23,7,0.0,,1356,22333.8,429466
2678,78,-3.099,1,B,7,18,0.0,,1356,22336.6,429544
2679,51,3.742,1,A,18,13,0.0,,1356,22338.4,429595
2680,134,-24.126,0,A,13,14,0.0,escape,1357,22343.3,429729
2681,300,-43.127,0,A,14,14,0.0,,1357,22353.9,430029
2682,1,-0.159,0,A,14,15,0.0,stuck,1358,22354.0,430030
2683,300,-14.595,0,A,15,15,0.0179,,1358,22364.8,430330
2684,37,-6.659,0,A,15,15,0.0,stuck,1359,22366.2,430367
2685,300,-21.412,0,A,15,7,0.0,,1359,22377.0,430667
2686,27,-5.991,0,A,7,14,0.0,stuck,1360,22378.0,430694
2687,133,-21.521,0,A,14,14,0.0,escape,1361,22382.8,430827
2688,193,-16.815,0,A,14,13,0.0,escape,1362,22389.7,431020
2689,300,-41.12,0,A,13,13,0.0,,1362,22400.5,431320
2690,1,-0.16,0,A,13,30,0.0,stuck,1363,22400.6,431321
2691,300,-13.874,0,A,30,23,0.0,,1363,22411.8,431621
2692,300,-20.379,0,A,23,14,0.0,escape,1364,22422.9,431921
2693,300,-13.96,0,A,14,7,0.0,,1364,22433.8,432221
2694,150,-17.952,1,B,7,2,0.0,,1364,22439.2,432371
2695,300,-83.088,0,B,2,2,0.0,,1364,22449.9,432671
2696,1,-0.146,0,B,2,17,0.0,stuck,1365,22450.0,432672
2697,42,4.139,1,A,17,13,0.0,,1365,22451.5,432714
2698,300,-40.16,0,A,13,13,0.0,,1365,22462.2,433014
2699,1,-0.155,0,A,13,14,0.0,stuck,1366,22462.2,433015
2700,42,-4.737,0,A,14,22,0.0,escape,1367,22463.8,433057
2701,300,-33.839,0,A,22,12,0.0,,1367,22474.6,433357
2702,69,-7.089,0,A,12,14,0.0,stuck,1368,22477.1,433426
2703,300,-40.811,0,A,14,21,0.0,,1368,22488.1,433726
2704,83,-9.787,0,A,21,14,0.0,stuck,1369,22491.2,433809
2705,300,-17.351,0,A,14,15,0.0209,,1369,22502.3,434109
2706,300,-37.835,0,A,15,7,0.0,,1369,22513.4,434409
2707,23,-5.375,0,A,7,21,0.0,stuck,1370,22514.3,434432
2708,300,-13.574,0,A,21,7,0.0,,1370,22525.5,434732
2709,300,-66.099,0,A,7,15,0.0223,,1370,22536.6,435032
2710,3,-0.719,0,A,15,22,0.0,stuck,1371,22536.8,435035
2711,82,-9.687,0,A,22,23,0.0,escape,1372,22539.8,435117
2712,300,-6.519,0,A,23,7,0.0,,1372,22551.0,435417
2713,156,-35.697,0,A,7,14,0.0,stuck,1373,22556.6,435573
2714,300,-14.198,0,A,14,23,0.0,,1373,22567.8,435873
2715,300,-22.903,0,A,23,7,0.0,,1373,22578.8,436173
2716,122,-28.517,0,A,7,14,0.0,escape,1374,22583.3,436295
2717,300,-18.083,0,A,14,31,0.0,,1374,22594.4,436595
2718,51,-7.78,0,A,31,22,0.0,stuck,1375,22596.3,436646
2719,135,-7.839,0,A,22,14,0.0,escape,1376,22601.1,436781
2720,89,-24.507,0,A,14,14,0.0,escape,1377,22604.4,436870
2721,300,-13.798,0,A,14,23,0.0,,1377,22617.3,437170
2722,205,-12.674,0,A,23,23,0.0,stuck,1378,22625.6,437375
2723,300,-15.418,0,A,23,15,0.0236,,1378,22636.8,437675
2724,300,-17.252,0,A,15,7,0.0,,1378,22650.2,437975
2725,41,-5.188,0,A,7,30,0.0,stuck,1379,22652.3,438016
2726,57,-7.226,0,A,30,23,0.0,escape,1380,22654.6,438073
2727,300,-15.41,0,A,23,15,0.0249,,1380,22667.9,438373
2728,75,-11.267,0,A,15,14,0.0,stuck,1381,22670.9,438448
2729,300,-27.677,0,A,14,7,0.0,,1381,22683.9,438748
2730,159,-18.556,0,A,7,14,0.0,stuck,1382,22690.7,438907
2731,300,-41.709,0,A,14,29,0.0,,1382,22703.2,439207
2732,39,-5.48,0,A,29,22,0.0,stuck,1383,22704.8,439246
2733,300,-22.693,0,A,22,23,0.0,,1383,22717.2,439546
2734,52,-7.963,0,A,23,15,0.0,stuck,1384,22719.4,439598
2735,300,-21.493,0,A,15,7,0.0,,1384,22731.9,439898
2736,59,-13.001,0,A,7,14,0.0,stuck,1385,22734.3,439957
2737,300,-44.984,0,A,14,7,0.0,,1385,22748.8,440257
2738,300,-37.622,0,A,7,12,0.0,,1385,22770.8,440557
2739,75,-9.794,0,A,12,22,0.0,escape,1386,22776.1,440632
2740,300,-13.291,0,A,22,23,0.0,,1386,22799.9,440932
2741,300,-19.06,0,A,23,23,0.0,,1386,22819.2,441232
2742,34,-6.203,0,A,23,6,0.0,stuck,1387,22821.3,441266
2743,73,-13.997,0,A,6,23,0.0,escape,1388,22826.3,441339
2744,300,-15.159,0,A,23,15,0.0272,,1388,22844.7,441639
2745,49,-7.434,0,A,15,22,0.0,stuck,1389,22847.4,441688
2746,300,-16.274,0,A,22,23,0.0,,1389,22868.1,441988
2747,33,-6.227,0,A,23,22,0.0,stuck,1390,22869.9,442021
2748,300,-15.834,0,A,22,15,0.0282,,1390,22883.9,442321
2749,45,-6.157,0,A,15,22,0.0,stuck,1391,22885.8,442366
2750,300,-14.508,0,A,22,15,0.0293,,1391,22899.3,442666
2751,154,-10.434,0,A,15,22,0.0,stuck,1392,22907.1,442820
2752,300,-15.131,0,A,22,15,0.0302,,1392,22925.1,443120
2753,300,-14.738,0,A,15,15,0.0311,,1392,22940.0,443420
2754,19,-4.246,0,A,15,14,0.0,stuck,1393,22940.8,443439
2755,300,-15.515,0,A,14,15,0.032,,1393,22958.0,443739
2756,300,-20.211,0,A,15,15,0.0328,,1393,22973.3,444039
2757,36,-6.2,0,A,15,6,0.0,stuck,1394,22975.2,444075
2758,300,-24.12,0,A,6,15,0.0336,,1394,22989.8,444375
2759,300,-19.983,0,A,15,31,0.0,,1394,23003.1,444675
2760,43,-7.681,0,A,31,13,0.0,escape,1395,23004.9,444718
2761,300,-16.563,0,A,13,23,0.0,,1395,23017.9,445018
2762,110,-6.887,0,A,23,22,0.0,stuck,1396,23022.7,445128
2763,58,-9.48,0,A,22,22,0.0,escape,1397,23025.3,445186
2764,196,2.443,0,A,22,14,0.0,escape,1398,23034.0,445382
2765,28,-5.386,0,A,14,30,0.0,escape,1399,23035.3,445410
2766,99,-11.924,0,A,30,22,0.0,escape,1400,23040.1,445509
2767,66,-10.139,0,A,22,22,0.0,escape,1401,23043.0,445575
2768,300,-14.999,0,A,22,7,0.0,,1401,23057.2,445875
2769,60,-1.269,1,B,7,10,0.0,,1401,23061.2,445935
2770,73,-1.814,1,A,10,13,0.0,,1401,23065.7,446008
2771,300,-43.69,0,A,13,13,0.0,,1401,23080.6,446308
2772,1,-0.151,0,A,13,23,0.0,stuck,1402,23080.7,446309
2773,300,-16.797,0,A,23,7,0.0,,1402,23095.0,446609
2774,300,-49.05,0,A,7,7,0.0,,1402,23108.7,446909
2775,2,-0.489,0,A,7,15,0.0,stuck,1403,23108.8,446911
2776,300,-17.864,0,A,15,15,0.0351,,1403,23123.2,447211
2777,119,-19.324,0,A,15,22,0.0,escape,1404,23130.6,447330
2778,300,-12.018,0,A,22,15,0.0357,,1404,23145.7,447630
2779,250,-19.205,0,A,15,15,0.0,escape,1405,23159.3,447880
2780,300,-12.037,0,A,15,23,0.0,,1405,23179.2,448180
2781,22,-4.697,0,A,23,15,0.0,stuck,1406,23180.6,448202
2782,300,-13.754,0,A,15,15,0.0376,,1406,23195.8,448502
2783,300,-21.188,0,A,15,23,0.0,,1406,23215.3,448802
2784,57,-7.446,0,A,23,22,0.0,stuck,1407,23218.9,448859
2785,300,-14.687,0,A,22,7,0.0,,1407,23235.8,449159
2786,295,-19.856,0,A,7,14,0.0,escape,1408,23253.5,449454
2787,300,-22.983,0,A,14,23,0.0,,1408,23269.4,449754
2788,25,-5.387,0,A,23,14,0.0,stuck,1409,23271.1,449779
2789,108,-7.493,0,A,14,22,0.0,escape,1410,23277.1,449887
2790,300,-15.212,0,A,22,15,0.0381,,1410,23362.0,450187
2791,221,-12.206,0,A,15,23,0.0,escape,1411,23372.6,450408
2792,300,-13.344,0,A,23,23,0.0,,1411,23387.2,450708
2793,248,-14.418,0,A,23,13,0.0,escape,1412,23399.6,450956
2794,300,-16.724,0,A,13,15,0.0386,,1412,23415.7,451256
2795,35,-7.023,0,A,15,14,0.0,stuck,1413,23417.4,451291
2796,300,-52.754,0,A,14,14,0.0,,1413,23433.7,451591
2797,1,-0.173,0,A,14,23,0.0,stuck,1414,23433.8,451592
2798,300,-15.229,0,A,23,15,0.0391,,1414,23449.7,451892
2799,92,-8.554,0,A,15,6,0.0,stuck,1415,23454.4,451984
2800,300,-24.104,0,A,6,7,0.0,,1415,23469.6,452284
2801,21,-3.049,0,A,7,22,0.0,stuck,1416,23470.7,452305
2802,300,-17.338,0,A,22,23,0.0,,1416,23485.6,452605
2803,300,-21.529,0,A,23,23,0.0,,1416,23500.4,452905
2804,300,-16.275,0,A,23,23,0.0,,1416,23516.0,453205
2805,300,-15.274,0,A,23,15,0.0,,1416,23532.5,453505
2806,25,-5.313,0,A,15,23,0.0,stuck,1417,23533.6,453530
2807,300,-13.678,0,A,23,23,0.0,,1417,23546.5,453830
2808,24,-4.767,0,A,23,15,0.0,stuck,1418,23547.5,453854
2809,39,-4.929,0,A,15,21,0.0,escape,1419,23549.2,453893
2810,115,-13.0,0,A,21,22,0.0,escape,1420,23554.1,454008
2811,145,-0.754,0,A,22,22,0.0,escape,1421,23560.4,454153
2812,300,-16.156,0,A,22,15,0.0009,,1421,23573.3,454453
2813,32,-4.444,0,A,15,22,0.0,stuck,1422,23574.7,454485
2814,300,-18.515,0,A,22,23,0.0,,1422,23587.6,454785
2815,52,-6.273,0,A,23,14,0.0,stuck,1423,23589.7,454837
2816,300,-59.295,0,A,14,14,0.0,,1423,23602.4,455137
2817,1,-0.199,0,A,14,6,0.0,stuck,1424,23602.5,455138
2818,300,-56.781,0,A,6,6,0.0,,1424,23615.0,455438
2819,1,-0.18,0,A,6,14,0.0,stuck,1425,23615.1,455439
2820,300,-61.856,0,A,14,7,0.0141,,1425,23628.4,455739
2821,1,-0.207,0,A,7,22,0.0,stuck,1426,23628.4,455740
2822,300,-18.6,0,A,22,15,0.0013,,1426,23641.2,456040
2823,300,-18.53,0,A,15,23,0.0,,1426,23653.6,456340
2824,234,-14.505,0,A,23,23,0.0,escape,1427,23663.2,456574
2825,230,-55.199,0,A,23,6,0.0,escape,1428,23672.9,456804
2826,300,-31.961,0,A,6,7,0.0276,,1428,23686.5,457104
2827,121,-24.255,0,A,7,30,0.0,stuck,1429,23691.9,457225
2828,300,-15.915,0,A,30,23,0.0,,1429,23704.8,457525
2829,300,-18.697,0,A,23,15,0.0017,,1429,23717.6,457825
2830,25,-4.206,0,A,15,15,0.0,stuck,1430,23718.7,457850
2831,28,-4.114,0,A,15,14,0.0,escape,1431,23719.8,457878
2832,300,-15.004,0,A,14,15,0.0024,,1431,23732.7,458178
2833,24,-5.157,0,A,15,14,0.0,stuck,1432,23733.8,458202
2834,300,-52.718,0,A,14,31,0.0,,1432,23746.6,458502
2835,39,-6.873,0,A,31,15,0.0,escape,1433,23748.3,458541
2836,300,-18.09,0,A,15,15,0.003,,1433,23761.2,458841
2837,300,-15.041,0,A,15,15,0.0033,,1433,23774.2,459141
2838,265,-13.351,0,A,15,22,0.0,stuck,1434,23786.0,459406
2839,300,-16.139,0,A,22,15,0.0036,,1434,23799.1,459706
2840,300,-18.092,0,A,15,31,0.0,,1434,23813.6,460006
2841,23,-4.79,0,A,31,14,0.0,escape,1435,23814.7,460029
2842,31,-2.416,0,A,14,22,0.0,escape,1436,23816.1,460060
2843,300,-11.142,0,A,22,23,0.0,,1436,23830.1,460360
2844,26,-4.122,0,A,23,22,0.0,escape,1437,23831.2,460386
2845,300,-17.146,0,A,22,23,0.0,,1437,23844.2,460686
2846,300,-18.613,0,A,23,23,0.0,,1437,23858.1,460986
2847,23,-3.928,0,A,23,22,0.0,stuck,1438,23859.1,461009
2848,36,-4.076,0,A,22,15,0.0,escape,1439,23860.7,461045
2849,300,-17.171,0,A,15,23,0.0,,1439,23873.8,461345
2850,195,-8.844,0,A,23,22,0.0,escape,1440,23882.2,461540
2851,33,-3.522,0,A,22,22,0.0,escape,1441,23883.6,461573
2852,300,-16.694,0,A,22,22,0.0,,1441,23896.4,461873
2853,300,-15.375,0,A,22,23,0.0,,1441,23909.6,462173
2854,41,-4.567,0,A,23,15,0.0,stuck,1442,23911.3,462214
2855,300,-15.559,0,A,15,15,0.0043,,1442,23924.6,462514
2856,127,-10.645,0,A,15,21,0.0,stuck,1443,23930.2,462641
2857,56,-5.962,0,A,21,30,0.0,escape,1444,23932.6,462697
2858,300,-33.336,0,A,30,15,0.0046,,1444,23945.5,462997
2859,277,-16.217,0,A,15,14,0.0,stuck,1445,23957.6,463274
2860,300,-16.842,0,A,14,7,0.0403,,1445,23970.5,463574
2861,21,-4.113,0,A,7,14,0.0,escape,1446,23971.4,463595
2862,300,-22.485,0,A,14,7,0.0525,,1446,23984.4,463895
2863,300,-16.301,0,A,7,15,0.0048,,1446,23997.4,464195
2864,49,-6.172,0,A,15,21,0.0,stuck,1447,23999.5,464244
2865,86,-11.691,0,A,21,23,0.0,escape,1448,24003.2,464330
2866,183,-5.126,0,A,23,6,0.0,escape,1449,24011.0,464513
2867,181,-32.204,0,A,6,14,0.0,escape,1450,24018.6,464694
2868,300,-30.508,0,A,14,15,0.005,,1450,24031.5,464994
2869,300,-13.032,0,A,15,15,0.0052,,1450,24044.3,465294
2870,300,-12.611,0,A,15,23,0.0,,1450,24057.2,465594
2871,175,-13.384,0,A,23,22,0.0,stuck,1451,24064.8,465769
2872,300,-16.075,0,A,22,15,0.0054,,1451,24077.6,466069
2873,72,-8.086,0,A,15,14,0.0,stuck,1452,24080.7,466141
2874,47,-5.18,0,A,14,22,0.0,escape,1453,24082.8,466188
2875,170,-33.064,0,A,22,6,0.0,escape,1454,24090.1,466358
2876,300,-33.928,0,A,6,15,0.0056,,1454,24103.1,466658
2877,300,-11.32,0,A,15,7,0.064,,1454,24116.0,466958
2878,23,-4.791,0,A,7,14,0.0,escape,1455,24117.0,466981
2879,300,-19.046,0,A,14,15,0.0057,,1455,24130.0,467281
2880,27,-4.809,0,A,15,15,0.0,stuck,1456,24131.1,467308
2881,300,-15.883,0,A,15,7,0.0749,,1456,24144.0,467608
2882,4,-0.97,0,A,7,22,0.0,escape,1457,24144.2,467612
2883,300,-14.585,0,A,22,31,0.0,,1457,24157.3,467912
2884,29,-6.34,0,A,31,14,0.0,stuck,1458,24158.7,467941
2885,26,-4.948,0,A,14,14,0.0,escape,1459,24159.8,467967
2886,33,-5.145,0,A,14,22,0.0,escape,1460,24161.2,468000
2887,300,-14.292,0,A,22,15,0.006,,1460,24173.8,468300
2888,37,-5.438,0,A,15,14,0.0,stuck,1461,24175.3,468337
2889,33,-5.475,0,A,14,22,0.0,escape,1462,24176.6,468370
2890,78,-7.941,0,A,22,23,0.0,escape,1463,24179.7,468448
2891,300,-15.914,0,A,23,23,0.0,,1463,24193.0,468748
2892,38,-5.816,0,A,23,23,0.0,stuck,1464,24194.4,468786
2893,300,-12.46,0,A,23,23,0.0,,1464,24206.4,469086
2894,25,-4.969,0,A,23,6,0.0,stuck,1465,24207.4,469111
2895,300,-79.538,0,A,6,6,0.0,,1465,24219.1,469411
2896,1,-0.179,0,A,6,15,0.0,stuck,1466,24219.2,469412
2897,300,-12.969,0,A,15,23,0.0,,1466,24230.9,469712
2898,300,-14.539,0,A,23,15,0.0063,,1466,24242.4,470012
2899,300,-27.438,0,A,15,7,0.0853,,1466,24254.0,470312
2900,27,-3.941,0,A,7,22,0.0,stuck,1467,24255.1,470339
2901,300,-19.868,0,A,22,15,0.0065,,1467,24266.7,470639
2902,269,-15.096,0,A,15,15,0.0,escape,1468,24277.7,470908
2903,300,-15.128,0,A,15,15,0.0067,,1468,24289.4,471208
2904,24,-4.352,0,A,15,14,0.0,stuck,1469,24290.3,471232
2905,300,-14.298,0,A,14,15,0.0068,,1469,24301.8,471532
2906,300,-19.298,0,A,15,23,0.0,,1469,24313.4,471832
2907,300,-16.105,0,A,23,23,0.0,,1469,24324.9,472132
2908,300,-13.611,0,A,23,15,0.0069,,1469,24336.4,472432
2909,24,-4.711,0,A,15,14,0.0,stuck,1470,24337.3,472456
2910,300,-16.528,0,A,14,15,0.007,,1470,24348.7,472756
2911,29,-5.17,0,A,15,15,0.0,stuck,1471,24349.8,472785
2912,300,-9.378,0,A,15,23,0.0,,1471,24361.3,473085
2913,84,-7.465,0,A,23,6,0.0,stuck,1472,24364.5,473169
2914,300,-79.882,0,A,6,6,0.0,,1472,24375.6,473469
2915,1,-0.193,0,A,6,22,0.0,stuck,1473,24375.7,473470
2916,300,-16.259,0,A,22,23,0.0,,1473,24387.2,473770
2917,25,-4.097,0,A,23,23,0.0,stuck,1474,24388.1,473795
2918,300,-14.078,0,A,23,15,0.0072,,1474,24399.5,474095
2919,26,-4.309,0,A,15,14,0.0,stuck,1475,24400.5,474121
2920,36,-5.745,0,A,14,23,0.0,escape,1476,24401.9,474157
2921,300,-17.731,0,A,23,15,0.0073,,1476,24413.4,474457
2922,151,-9.132,0,A,15,14,0.0,stuck,1477,24419.2,474608
2923,300,-14.697,0,A,14,7,0.0952,,1477,24430.8,474908
2924,44,-4.218,0,A,7,14,0.0,escape,1478,24432.5,474952
2925,300,-13.946,0,A,14,15,0.0074,,1478,24492.2,475252
2926,275,-12.915,0,A,15,14,0.0,escape,1479,24502.5,475527
2927,31,-4.296,0,A,14,14,0.0,escape,1480,24503.6,475558
2928,265,-38.117,0,A,14,23,0.0,escape,1481,24513.4,475823
2929,300,-17.784,0,A,23,23,0.0,,1481,24524.7,476123
2930,300,-15.005,0,A,23,31,0.0,,1481,24536.1,476423
2931,1,-0.244,0,A,31,14,0.0,stuck,1482,24536.1,476424
2932,153,-26.236,0,A,14,14,0.0,escape,1483,24542.0,476577
2933,300,-12.045,0,A,14,23,0.0,,1483,24553.3,476877
2934,300,-18.594,0,A,23,23,0.0,,1483,24564.9,477177
2935,59,-10.937,0,A,23,14,0.0,stuck,1484,24567.1,477236
2936,266,-11.362,0,A,14,22,0.0,escape,1485,24577.4,477502
2937,300,-15.49,0,A,22,23,0.0,,1485,24589.0,477802
2938,76,-7.835,0,A,23,7,0.0,stuck,1486,24591.8,477878
2939,300,-71.978,0,A,7,7,0.1135,,1486,24603.0,478178
2940,1,-0.204,0,A,7,22,0.0,stuck,1487,24603.1,478179
2941,273,-52.281,0,A,22,23,0.0,escape,1488,24613.4,478452
2942,300,-52.231,0,A,23,13,0.0,,1488,24624.7,478752
2943,47,-6.621,0,A,13,22,0.0,stuck,1489,24626.4,478799
2944,300,-14.247,0,A,22,31,0.0,,1489,24639.2,479099
2945,147,-16.287,0,A,31,22,0.0,escape,1490,24644.7,479246
2946,300,-7.4,0,A,22,23,0.0,,1490,24656.1,479546
2947,230,-19.187,0,A,23,22,0.0,escape,1491,24664.9,479776
2948,300,-11.58,0,A,22,15,0.0074,,1491,24676.1,480076
2949,300,-13.591,0,A,15,23,0.0,,1491,24687.3,480376
2950,22,-4.307,0,A,23,14,0.0,stuck,1492,24688.0,480398
2951,300,-31.912,0,A,14,7,0.1219,,1492,24698.9,480698
2952,300,-32.901,0,A,7,7,0.13,,1492,24709.7,480998
2953,3,-0.748,0,A,7,22,0.0,stuck,1493,24709.9,481001
2954,300,-13.841,0,A,22,23,0.0,,1493,24720.7,481301
2955,27,-4.077,0,A,23,15,0.0,stuck,1494,24721.7,481328
2956,300,-16.055,0,A,15,15,0.0076,,1494,24732.8,481628
2957,21,-3.804,0,A,15,23,0.0,stuck,1495,24733.6,481649
2958,300,-14.536,0,A,23,23,0.0,,1495,24744.8,481949
2959,45,-5.458,0,A,23,22,0.0,stuck,1496,24746.6,481994
2960,34,-2.428,0,A,22,23,0.0,escape,1497,24747.8,482028
2961,300,-17.182,0,A,23,15,0.0077,,1497,24759.1,482328
2962,185,-27.212,0,A,15,23,0.0,escape,1498,24766.1,482513
2963,300,-11.776,0,A,23,15,0.0077,,1498,24777.3,482813
2964,300,-16.151,0,A,15,23,0.0,,1498,24788.7,483113
2965,300,-13.569,0,A,23,15,0.0078,,1498,24800.5,483413
2966,209,-12.145,0,A,15,22,0.0,stuck,1499,24809.1,483622
2967,300,-13.782,0,A,22,15,0.0078,,1499,24824.2,483922
2968,300,-15.428,0,A,15,15,0.0079,,1499,24837.4,484222
2969,300,-17.636,0,A,15,23,0.0,,1499,24850.5,484522
2970,300,-14.214,0,A,23,23,0.0,,1499,24863.0,484822
2971,300,-17.92,0,A,23,23,0.0,,1499,24875.7,485122
2972,77,-6.325,0,A,23,14,0.0,stuck,1500,24878.7,485199
2973,143,-8.512,0,A,14,22,0.0,escape,1501,24884.3,485342
2974,300,-16.211,0,A,22,23,0.0,,1501,24896.2,485642
2975,22,-4.454,0,A,23,14,0.0,stuck,1502,24897.1,485664
2976,300,-11.503,0,A,14,15,0.0079,,1502,24908.9,485964
2977,22,-4.01,0,A,15,23,0.0,stuck,1503,24909.8,485986
2978,300,-12.192,0,A,23,15,0.008,,1503,24922.1,486286
2979,152,-9.29,0,A,15,14,0.0,stuck,1504,24928.1,486438
2980,39,-8.385,0,A,14,22,0.0,escape,1505,24929.7,486477
