episode,steps,return,success,target,start_bin,delivered_bin,designer_bonus,intervention_kind,interventions_total,wallclock_s,global_step
1,300,-78.339,0,B,25,25,0.0,,0,0.5,300
2,1,-0.193,0,B,25,17,0.0,stuck,1,0.5,301
3,300,-85.077,0,B,17,17,0.0,,1,0.8,601
4,1,-0.18,0,B,17,9,0.0,stuck,2,0.8,602
5,300,-51.595,0,B,9,9,0.0,,2,1.2,902
6,1,-0.162,0,B,9,9,0.0,stuck,3,1.2,903
7,300,-91.552,0,B,9,9,0.0,,3,1.6,1203
8,1,-0.193,0,B,9,9,0.0,stuck,4,1.6,1204
9,300,-86.124,0,B,9,9,0.0,,4,1.9,1504
10,1,-0.164,0,B,9,18,0.0,stuck,5,1.9,1505
11,300,-58.746,0,B,18,18,0.0,,5,2.3,1805
12,1,-0.154,0,B,18,18,0.0,stuck,6,2.3,1806
13,300,-80.535,0,B,18,18,0.0,,6,2.6,2106
14,1,-0.154,0,B,18,17,0.0,stuck,7,2.6,2107
15,300,-90.123,0,B,17,17,0.0,,7,2.9,2407
16,1,-0.176,0,B,17,8,0.0,stuck,8,2.9,2408
17,300,-66.288,0,B,8,8,0.0,,8,3.2,2708
18,1,-0.22,0,B,8,16,0.0,stuck,9,3.2,2709
19,300,-68.512,0,B,16,16,0.0,,9,3.6,3009
20,1,-0.205,0,B,16,17,0.0,stuck,10,3.6,3010
21,300,-63.389,0,B,17,17,0.0,,10,4.1,3310
22,1,-0.184,0,B,17,8,0.0,stuck,11,4.1,3311
23,300,-83.54,0,B,8,8,0.0,,11,4.4,3611
24,1,-0.207,0,B,8,16,0.0,stuck,12,4.4,3612
25,300,-78.665,0,B,16,16,0.0,,12,4.8,3912
26,1,-0.209,0,B,16,10,0.0,stuck,13,4.8,3913
27,300,-75.616,0,B,10,10,0.0,,13,5.1,4213
28,1,-0.152,0,B,10,8,0.0,stuck,14,5.1,4214
29,300,-84.499,0,B,8,8,0.0,,14,5.5,4514
30,1,-0.206,0,B,8,16,0.0,stuck,15,5.5,4515
31,300,-79.825,0,B,16,16,0.0,,15,5.8,4815
32,1,-0.212,0,B,16,9,0.0,stuck,16,5.8,4816
33,300,-81.024,0,B,9,9,0.0,,16,10.7,5116
34,1,-0.191,0,B,9,17,0.0,stuck,17,10.7,5117
35,300,-78.88,0,B,17,17,0.0,,17,22.1,5417
36,1,-0.198,0,B,17,9,0.0,stuck,18,22.1,5418
37,300,-81.101,0,B,9,9,0.0,,18,33.9,5718
38,1,-0.169,0,B,9,16,0.0,stuck,19,34.0,5719
39,300,-93.085,0,B,16,16,0.0,,19,44.8,6019
40,1,-0.211,0,B,16,17,0.0,stuck,20,44.9,6020
41,300,-87.909,0,B,17,16,0.0,,20,56.7,6320
42,57,-12.767,0,B,16,16,0.0,stuck,21,58.7,6377
43,300,-76.776,0,B,16,16,0.0,,21,71.3,6677
44,1,-0.203,0,B,16,9,0.0,stuck,22,71.3,6678
45,300,-54.262,0,B,9,9,0.0,,22,82.8,6978
46,1,-0.172,0,B,9,9,0.0,stuck,23,82.8,6979
47,300,-89.761,0,B,9,9,0.0,,23,94.7,7279
48,1,-0.201,0,B,9,9,0.0,stuck,24,94.8,7280
49,300,-80.374,0,B,9,9,0.0,,24,106.2,7580
50,1,-0.182,0,B,9,25,0.0,stuck,25,106.3,7581
51,300,-66.629,0,B,25,25,0.0,,25,116.8,7881
52,1,-0.189,0,B,25,18,0.0,stuck,26,116.8,7882
53,300,-60.712,0,B,18,18,0.0,,26,128.4,8182
54,1,-0.157,0,B,18,17,0.0,stuck,27,128.4,8183
55,300,-51.455,0,B,17,17,0.0,,27,142.6,8483
56,1,-0.179,0,B,17,9,0.0,stuck,28,142.7,8484
57,300,-65.027,0,B,9,9,0.0,,28,157.7,8784
58,1,-0.182,0,B,9,17,0.0,stuck,29,157.8,8785
59,300,-59.714,0,B,17,17,0.0,,29,170.8,9085
60,1,-0.171,0,B,17,17,0.0,stuck,30,170.8,9086
61,38,-7.686,0,B,17,9,0.0,escape,31,172.3,9124
62,300,-68.631,0,B,9,9,0.0,,31,184.3,9424
63,1,-0.198,0,B,9,9,0.0,stuck,32,184.4,9425
64,300,-62.78,0,B,9,9,0.0,,32,197.5,9725
65,1,-0.198,0,B,9,9,0.0,stuck,33,197.5,9726
66,300,-57.879,0,B,9,8,0.0,,33,210.4,10026
67,268,-72.461,0,B,8,17,0.0,stuck,34,224.8,10294
68,300,-62.076,0,B,17,17,0.0,,34,241.3,10594
69,1,-0.171,0,B,17,9,0.0,stuck,35,241.4,10595
70,300,-57.969,0,B,9,9,0.0,,35,256.2,10895
71,1,-0.162,0,B,9,9,0.0,stuck,36,256.2,10896
72,300,-62.19,0,B,9,9,0.0,,36,268.7,11196
73,1,-0.164,0,B,9,16,0.0,stuck,37,268.8,11197
74,300,-65.007,0,B,16,16,0.0,,37,281.8,11497
75,1,-0.21,0,B,16,10,0.0,stuck,38,281.9,11498
76,300,-57.042,0,B,10,10,0.0,,38,295.5,11798
77,1,-0.158,0,B,10,16,0.0,stuck,39,295.5,11799
78,300,-65.592,0,B,16,8,0.0,,39,311.0,12099
79,54,-11.102,0,B,8,16,0.0,stuck,40,314.1,12153
80,300,-70.314,0,B,16,16,0.0,,40,327.5,12453
81,1,-0.219,0,B,16,9,0.0,stuck,41,327.5,12454
82,300,-65.52,0,B,9,9,0.0,,41,341.5,12754
83,1,-0.184,0,B,9,9,0.0,stuck,42,341.6,12755
84,300,-51.457,0,B,9,11,0.0,,42,353.7,13055
85,189,-25.212,0,B,11,9,0.0,stuck,43,361.1,13244
86,122,-18.241,0,B,9,9,0.0,escape,44,366.5,13366
87,128,-24.392,0,B,9,10,0.0,escape,45,371.4,13494
88,300,-56.118,0,B,10,10,0.0,,45,387.1,13794
89,1,-0.154,0,B,10,9,0.0,stuck,46,387.2,13795
90,300,-59.336,0,B,9,8,0.0,,46,400.9,14095
91,177,-38.307,0,B,8,10,0.0,stuck,47,407.9,14272
92,300,-44.111,0,B,10,10,0.0,,47,419.9,14572
93,1,-0.153,0,B,10,9,0.0,stuck,48,419.9,14573
94,300,-47.728,0,B,9,10,0.0,,48,435.0,14873
95,61,-11.66,0,B,10,1,0.0,escape,49,437.6,14934
96,300,-57.822,0,B,1,1,0.0,,49,449.5,15234
97,1,-0.175,0,B,1,17,0.0,stuck,50,449.5,15235
98,300,-56.064,0,B,17,25,0.0,,50,462.7,15535
99,1,-0.197,0,B,25,10,0.0,stuck,51,462.8,15536
100,300,-59.927,0,B,10,10,0.0,,51,475.8,15836
101,300,-39.477,0,B,10,11,0.0,,51,488.0,16136
102,4,-0.438,0,B,11,8,0.0,stuck,52,488.1,16140
103,300,-54.418,0,B,8,8,0.0,,52,500.7,16440
104,1,-0.208,0,B,8,9,0.0,stuck,53,500.7,16441
105,300,-46.999,0,B,9,9,0.0,,53,513.0,16741
106,1,-0.165,0,B,9,9,0.0,stuck,54,513.0,16742
107,300,-50.964,0,B,9,9,0.0,,54,525.6,17042
108,1,-0.188,0,B,9,17,0.0,stuck,55,525.7,17043
109,300,-50.844,0,B,17,17,0.0,,55,538.4,17343
110,1,-0.159,0,B,17,18,0.0,stuck,56,538.5,17344
111,300,-46.303,0,B,18,18,0.0,,56,551.2,17644
112,1,-0.156,0,B,18,8,0.0,stuck,57,551.3,17645
113,300,-58.065,0,B,8,8,0.0,,57,564.0,17945
114,1,-0.218,0,B,8,18,0.0,stuck,58,564.1,17946
115,300,-53.55,0,B,18,18,0.0,,58,576.7,18246
116,1,-0.156,0,B,18,18,0.0,stuck,59,576.7,18247
117,300,-47.301,0,B,18,18,0.0,,59,589.3,18547
118,1,-0.157,0,B,18,16,0.0,stuck,60,589.3,18548
119,300,-53.627,0,B,16,16,0.0,,60,602.2,18848
120,1,-0.206,0,B,16,8,0.0,stuck,61,602.2,18849
121,300,-56.391,0,B,8,8,0.0,,61,615.1,19149
122,1,-0.22,0,B,8,17,0.0,stuck,62,615.1,19150
123,300,-53.322,0,B,17,17,0.0,,62,627.8,19450
124,1,-0.187,0,B,17,25,0.0,stuck,63,627.9,19451
125,300,-53.182,0,B,25,25,0.0,,63,640.6,19751
126,1,-0.185,0,B,25,17,0.0,stuck,64,640.6,19752
127,300,-51.526,0,B,17,17,0.0,,64,653.4,20052
128,1,-0.19,0,B,17,8,0.0,stuck,65,653.5,20053
129,300,-55.372,0,B,8,8,0.0,,65,666.5,20353
130,1,-0.213,0,B,8,8,0.0,stuck,66,666.5,20354
131,300,-70.499,0,B,8,8,0.0,,66,679.4,20654
132,1,-0.217,0,B,8,16,0.0,stuck,67,679.5,20655
133,300,-56.409,0,B,16,16,0.0,,67,692.5,20955
134,1,-0.204,0,B,16,8,0.0,stuck,68,692.5,20956
135,300,-57.07,0,B,8,8,0.0,,68,705.5,21256
136,1,-0.211,0,B,8,16,0.0,stuck,69,705.5,21257
137,300,-61.941,0,B,16,16,0.0,,69,718.4,21557
138,1,-0.213,0,B,16,8,0.0,stuck,70,718.5,21558
139,154,-32.005,0,B,8,17,0.0,escape,71,725.0,21712
140,300,-61.067,0,B,17,17,0.0,,71,737.8,22012
141,1,-0.169,0,B,17,9,0.0,stuck,72,737.9,22013
142,300,-61.434,0,B,9,0,0.0,,72,751.3,22313
143,119,-21.256,0,B,0,9,0.0,stuck,73,756.3,22432
144,300,-73.245,0,B,9,9,0.0,,73,769.1,22732
145,300,-49.723,0,B,9,2,0.0,,73,781.8,23032
146,242,-34.506,0,B,2,9,0.0,escape,74,792.1,23274
147,300,-47.774,0,B,9,1,0.0,,74,804.9,23574
148,86,-13.139,0,B,1,17,0.0,stuck,75,808.6,23660
149,300,-54.971,0,B,17,16,0.0,,75,821.6,23960
150,247,-47.77,0,B,16,9,0.0,stuck,76,832.1,24207
151,300,-51.725,0,B,9,9,0.0,,76,844.9,24507
152,1,-0.193,0,B,9,9,0.0,stuck,77,844.9,24508
153,300,-52.265,0,B,9,8,0.0,,77,857.6,24808
154,187,-35.11,0,B,8,17,0.0,stuck,78,865.6,24995
155,300,-50.044,0,B,17,17,0.0,,78,941.6,25295
156,1,-0.165,0,B,17,18,0.0,stuck,79,941.6,25296
157,300,-47.083,0,B,18,18,0.0,,79,954.6,25596
158,1,-0.157,0,B,18,16,0.0,stuck,80,954.6,25597
159,300,-55.986,0,B,16,16,0.0,,80,967.3,25897
160,1,-0.207,0,B,16,9,0.0,stuck,81,967.3,25898
161,300,-46.574,0,B,9,9,0.0,,81,980.3,26198
162,1,-0.162,0,B,9,25,0.0,stuck,82,980.3,26199
163,300,-56.613,0,B,25,25,0.0,,82,993.2,26499
164,1,-0.201,0,B,25,9,0.0,stuck,83,993.2,26500
165,300,-48.953,0,B,9,9,0.0,,83,1005.9,26800
166,1,-0.175,0,B,9,8,0.0,stuck,84,1005.9,26801
167,300,-59.531,0,B,8,8,0.0,,84,1019.2,27101
168,1,-0.22,0,B,8,9,0.0,stuck,85,1019.3,27102
169,300,-46.396,0,B,9,9,0.0,,85,1032.0,27402
170,1,-0.166,0,B,9,17,0.0,stuck,86,1032.0,27403
171,300,-50.741,0,B,17,17,0.0,,86,1045.0,27703
172,1,-0.18,0,B,17,1,0.0,stuck,87,1045.0,27704
173,300,-46.616,0,B,1,1,0.0,,87,1057.8,28004
174,1,-0.177,0,B,1,10,0.0,stuck,88,1057.9,28005
175,300,-45.485,0,B,10,10,0.0,,88,1070.8,28305
176,1,-0.158,0,B,10,1,0.0,stuck,89,1070.8,28306
177,300,-50.284,0,B,1,1,0.0,,89,1083.6,28606
178,1,-0.191,0,B,1,25,0.0,stuck,90,1083.7,28607
179,300,-55.334,0,B,25,25,0.0,,90,1096.5,28907
180,1,-0.19,0,B,25,9,0.0,stuck,91,1096.5,28908
181,300,-52.287,0,B,9,9,0.0,,91,1109.6,29208
182,1,-0.194,0,B,9,17,0.0,stuck,92,1109.6,29209
183,300,-53.353,0,B,17,17,0.0,,92,1122.4,29509
184,1,-0.174,0,B,17,9,0.0,stuck,93,1122.4,29510
185,300,-49.095,0,B,9,9,0.0,,93,1135.4,29810
186,1,-0.168,0,B,9,8,0.0,stuck,94,1135.4,29811
187,300,-61.48,0,B,8,8,0.0,,94,1148.3,30111
188,1,-0.211,0,B,8,8,0.0,stuck,95,1148.4,30112
189,300,-59.511,0,B,8,8,0.0,,95,1161.9,30412
190,1,-0.202,0,B,8,17,0.0,stuck,96,1161.9,30413
191,300,-51.79,0,B,17,17,0.0,,96,1175.2,30713
192,1,-0.165,0,B,17,8,0.0,stuck,97,1175.2,30714
193,300,-56.517,0,B,8,8,0.0,,97,1188.3,31014
194,1,-0.219,0,B,8,9,0.0,stuck,98,1188.4,31015
195,300,-48.05,0,B,9,9,0.0,,98,1201.6,31315
196,1,-0.186,0,B,9,8,0.0,stuck,99,1201.7,31316
197,300,-55.591,0,B,8,8,0.0,,99,1214.7,31616
198,1,-0.218,0,B,8,17,0.0,stuck,100,1214.8,31617
199,300,-46.368,0,B,17,17,0.0,,100,1227.9,31917
200,1,-0.18,0,B,17,17,0.0,stuck,101,1228.0,31918
201,300,-47.043,0,B,17,17,0.0,,101,1240.9,32218
202,1,-0.179,0,B,17,8,0.0,stuck,102,1240.9,32219
203,300,-53.931,0,B,8,8,0.0,,102,1253.9,32519
204,1,-0.209,0,B,8,18,0.0,stuck,103,1253.9,32520
205,300,-46.359,0,B,18,18,0.0,,103,1266.8,32820
206,1,-0.156,0,B,18,9,0.0,stuck,104,1266.8,32821
207,300,-52.153,0,B,9,9,0.0,,104,1280.0,33121
208,1,-0.189,0,B,9,17,0.0,stuck,105,1280.0,33122
209,300,-56.994,0,B,17,17,0.0,,105,1293.3,33422
210,1,-0.199,0,B,17,9,0.0,stuck,106,1293.3,33423
211,300,-50.118,0,B,9,9,0.0,,106,1306.4,33723
212,1,-0.188,0,B,9,17,0.0,stuck,107,1306.5,33724
213,300,-50.075,0,B,17,17,0.0,,107,1319.6,34024
214,1,-0.195,0,B,17,16,0.0,stuck,108,1319.6,34025
215,300,-56.67,0,B,16,16,0.0,,108,1332.6,34325
216,1,-0.22,0,B,16,1,0.0,stuck,109,1332.6,34326
217,300,-47.126,0,B,1,1,0.0,,109,1345.8,34626
218,1,-0.187,0,B,1,17,0.0,stuck,110,1345.9,34627
219,300,-47.757,0,B,17,17,0.0,,110,1359.0,34927
220,1,-0.165,0,B,17,17,0.0,stuck,111,1359.1,34928
221,300,-48.323,0,B,17,17,0.0,,111,1372.2,35228
222,1,-0.178,0,B,17,8,0.0,stuck,112,1372.3,35229
223,300,-53.599,0,B,8,8,0.0,,112,1385.2,35529
224,1,-0.211,0,B,8,17,0.0,stuck,113,1385.2,35530
225,300,-55.41,0,B,17,17,0.0,,113,1398.1,35830
226,1,-0.175,0,B,17,17,0.0,stuck,114,1398.1,35831
227,300,-60.111,0,B,17,17,0.0,,114,1411.1,36131
228,1,-0.201,0,B,17,16,0.0,stuck,115,1411.2,36132
229,300,-65.067,0,B,16,16,0.0,,115,1424.6,36432
230,1,-0.217,0,B,16,9,0.0,stuck,116,1424.6,36433
231,300,-53.479,0,B,9,9,0.0,,116,1437.7,36733
232,1,-0.182,0,B,9,9,0.0,stuck,117,1437.8,36734
233,300,-56.337,0,B,9,9,0.0,,117,1451.3,37034
234,1,-0.196,0,B,9,9,0.0,stuck,118,1451.3,37035
235,300,-54.121,0,B,9,2,0.0,,118,1467.0,37335
236,300,-41.217,0,B,2,2,0.0,,118,1480.6,37635
237,199,-28.931,0,B,2,9,0.0,stuck,119,1489.6,37834
238,300,-60.889,0,B,9,10,0.0,,119,1503.1,38134
239,153,-23.764,0,B,10,9,0.0,escape,120,1509.9,38287
240,300,-48.95,0,B,9,9,0.0,,120,1523.2,38587
241,1,-0.172,0,B,9,16,0.0,stuck,121,1523.2,38588
242,300,-61.746,0,B,16,16,0.0,,121,1536.5,38888
243,1,-0.219,0,B,16,8,0.0,stuck,122,1536.6,38889
244,300,-58.594,0,B,8,8,0.0,,122,1549.7,39189
245,1,-0.214,0,B,8,9,0.0,stuck,123,1549.7,39190
246,300,-54.471,0,B,9,9,0.0,,123,1562.9,39490
247,1,-0.163,0,B,9,9,0.0,stuck,124,1562.9,39491
248,300,-53.456,0,B,9,9,0.0,,124,1575.9,39791
249,1,-0.182,0,B,9,17,0.0,stuck,125,1575.9,39792
250,300,-52.15,0,B,17,17,0.0,,125,1588.8,40092
251,1,-0.198,0,B,17,1,0.0,stuck,126,1588.8,40093
252,300,-59.105,0,B,1,1,0.0,,126,1602.3,40393
253,1,-0.183,0,B,1,16,0.0,stuck,127,1602.3,40394
254,300,-55.501,0,B,16,16,0.0,,127,1615.5,40694
255,1,-0.209,0,B,16,18,0.0,stuck,128,1615.5,40695
256,92,-4.639,1,A,18,21,0.0,,128,1619.5,40787
257,300,-52.897,0,A,21,21,0.0,,128,1632.7,41087
258,1,-0.155,0,A,21,6,0.0,stuck,129,1632.8,41088
259,300,-59.962,0,A,6,7,0.0,,129,1645.5,41388
260,130,-26.604,0,A,7,30,0.0,escape,130,1651.4,41518
261,300,-55.075,0,A,30,30,0.0,,130,1664.9,41818
262,1,-0.177,0,A,30,30,0.0,stuck,131,1664.9,41819
263,300,-63.276,0,A,30,30,0.0,,131,1678.8,42119
264,1,-0.196,0,A,30,22,0.0,stuck,132,1678.9,42120
265,300,-61.587,0,A,22,23,0.0,,132,1692.7,42420
266,146,-31.471,0,A,23,23,0.0,stuck,133,1699.1,42566
267,300,-69.056,0,A,23,23,0.0,,133,1716.0,42866
268,280,-65.114,0,A,23,23,0.0,stuck,134,1729.9,43146
269,300,-61.046,0,A,23,23,0.0,,134,1746.2,43446
270,1,-0.211,0,A,23,15,0.0,stuck,135,1746.3,43447
271,300,-57.889,0,A,15,15,0.0,,135,1760.2,43747
272,1,-0.208,0,A,15,14,0.0,stuck,136,1760.3,43748
273,300,-52.918,0,A,14,14,0.0,,136,1773.4,44048
274,1,-0.185,0,A,14,15,0.0,stuck,137,1773.4,44049
275,300,-63.791,0,A,15,15,0.0,,137,1787.0,44349
276,1,-0.22,0,A,15,21,0.0,stuck,138,1787.0,44350
277,300,-47.848,0,A,21,21,0.0,,138,1800.7,44650
278,1,-0.16,0,A,21,15,0.0,stuck,139,1800.7,44651
279,300,-66.045,0,A,15,15,0.0,,139,1814.5,44951
280,1,-0.224,0,A,15,14,0.0,stuck,140,1814.6,44952
281,300,-56.748,0,A,14,14,0.0,,140,1829.2,45252
282,1,-0.19,0,A,14,21,0.0,stuck,141,1829.3,45253
283,300,-46.275,0,A,21,21,0.0,,141,1845.2,45553
284,1,-0.154,0,A,21,6,0.0,stuck,142,1845.2,45554
285,300,-55.944,0,A,6,6,0.0,,142,1860.1,45854
286,1,-0.181,0,A,6,14,0.0,stuck,143,1860.1,45855
287,300,-58.382,0,A,14,14,0.0,,143,1875.5,46155
288,1,-0.191,0,A,14,23,0.0,stuck,144,1875.6,46156
289,300,-58.264,0,A,23,23,0.0,,144,1891.2,46456
290,1,-0.211,0,A,23,23,0.0,stuck,145,1891.3,46457
291,300,-60.641,0,A,23,23,0.0,,145,1905.7,46757
292,1,-0.209,0,A,23,22,0.0,stuck,146,1905.8,46758
293,300,-45.139,0,A,22,31,0.0,,146,1923.2,47058
294,168,-35.823,0,A,31,14,0.0,stuck,147,1933.0,47226
295,300,-54.275,0,A,14,22,0.0,,147,1947.6,47526
296,117,-21.294,0,A,22,14,0.0,stuck,148,1952.8,47643
297,257,-26.294,0,A,14,14,0.0,escape,149,1964.3,47900
298,300,-46.685,0,A,14,7,0.0,,149,1978.7,48200
299,193,-47.167,0,A,7,13,0.0,stuck,150,1987.7,48393
300,300,-64.008,0,A,13,15,0.0,,150,2002.8,48693
301,252,-58.09,0,A,15,14,0.0,stuck,151,2014.0,48945
302,300,-61.69,0,A,14,15,0.0,,151,2026.9,49245
303,283,-68.525,0,A,15,14,0.0,stuck,152,2039.3,49528
304,300,-64.931,0,A,14,14,0.0,,152,2052.7,49828
305,1,-0.202,0,A,14,14,0.0,stuck,153,2052.8,49829
306,300,-61.852,0,A,14,14,0.0,,153,2139.9,50129
307,1,-0.2,0,A,14,30,0.0,stuck,154,2140.0,50130
308,300,-51.127,0,A,30,30,0.0,,154,2153.2,50430
309,1,-0.17,0,A,30,22,0.0,stuck,155,2153.2,50431
310,300,-48.739,0,A,22,22,0.0,,155,2167.1,50731
311,1,-0.176,0,A,22,21,0.0,stuck,156,2167.2,50732
312,300,-48.258,0,A,21,21,0.0,,156,2181.5,51032
313,1,-0.16,0,A,21,23,0.0,stuck,157,2181.5,51033
314,300,-61.71,0,A,23,23,0.0,,157,2196.6,51333
315,1,-0.209,0,A,23,30,0.0,stuck,158,2196.7,51334
316,300,-51.404,0,A,30,30,0.0,,158,2211.1,51634
317,1,-0.185,0,A,30,14,0.0,stuck,159,2211.1,51635
318,300,-56.563,0,A,14,14,0.0,,159,2225.0,51935
319,1,-0.198,0,A,14,22,0.0,stuck,160,2225.0,51936
320,300,-47.483,0,A,22,22,0.0,,160,2238.8,52236
321,1,-0.16,0,A,22,23,0.0,stuck,161,2238.8,52237
322,300,-62.88,0,A,23,23,0.0,,161,2252.0,52537
323,1,-0.218,0,A,23,22,0.0,stuck,162,2252.1,52538
324,300,-48.069,0,A,22,22,0.0,,162,2265.0,52838
325,1,-0.176,0,A,22,14,0.0,stuck,163,2265.0,52839
326,300,-54.632,0,A,14,14,0.0,,163,2278.2,53139
327,1,-0.182,0,A,14,22,0.0,stuck,164,2278.3,53140
328,300,-53.037,0,A,22,22,0.0,,164,2291.1,53440
329,1,-0.185,0,A,22,30,0.0,stuck,165,2291.1,53441
330,300,-57.651,0,A,30,30,0.0,,165,2304.4,53741
331,1,-0.203,0,A,30,23,0.0,stuck,166,2304.4,53742
332,300,-59.867,0,A,23,23,0.0,,166,2317.4,54042
333,1,-0.213,0,A,23,14,0.0,stuck,167,2317.5,54043
334,300,-57.225,0,A,14,15,0.0,,167,2330.3,54343
335,271,-61.188,0,A,15,13,0.0,stuck,168,2341.8,54614
336,300,-51.696,0,A,13,13,0.0,,168,2354.9,54914
337,1,-0.158,0,A,13,14,0.0,stuck,169,2354.9,54915
338,300,-36.824,0,A,14,15,0.0,,169,2368.0,55215
339,300,-75.369,0,A,15,23,0.0,,169,2380.8,55515
340,3,-0.675,0,A,23,14,0.0,stuck,170,2380.9,55518
341,300,-68.495,0,A,14,14,0.0,,170,2394.0,55818
342,1,-0.187,0,A,14,14,0.0,stuck,171,2394.1,55819
343,300,-75.706,0,A,14,14,0.0,,171,2407.0,56119
344,1,-0.171,0,A,14,23,0.0,stuck,172,2407.1,56120
345,300,-70.439,0,A,23,23,0.0,,172,2420.0,56420
346,1,-0.213,0,A,23,14,0.0,stuck,173,2420.1,56421
347,300,-72.807,0,A,14,14,0.0,,173,2432.9,56721
348,1,-0.173,0,A,14,15,0.0,stuck,174,2433.0,56722
349,300,-83.151,0,A,15,15,0.0,,174,2445.8,57022
350,1,-0.21,0,A,15,31,0.0,stuck,175,2445.9,57023
351,300,-64.585,0,A,31,31,0.0,,175,2459.2,57323
352,1,-0.21,0,A,31,14,0.0,stuck,176,2459.3,57324
353,300,-62.227,0,A,14,14,0.0,,176,2472.3,57624
354,1,-0.19,0,A,14,22,0.0,stuck,177,2472.3,57625
355,300,-51.697,0,A,22,22,0.0,,177,2485.8,57925
356,1,-0.183,0,A,22,15,0.0,stuck,178,2485.9,57926
357,300,-59.951,0,A,15,15,0.0,,178,2499.4,58226
358,1,-0.213,0,A,15,22,0.0,stuck,179,2499.5,58227
359,300,-56.56,0,A,22,22,0.0,,179,2512.9,58527
360,1,-0.19,0,A,22,14,0.0,stuck,180,2512.9,58528
361,300,-49.377,0,A,14,14,0.0,,180,2525.9,58828
362,1,-0.161,0,A,14,22,0.0,stuck,181,2526.0,58829
363,300,-51.442,0,A,22,22,0.0,,181,2539.9,59129
364,1,-0.189,0,A,22,22,0.0,stuck,182,2539.9,59130
365,300,-53.959,0,A,22,22,0.0,,182,2552.9,59430
366,1,-0.197,0,A,22,22,0.0,stuck,183,2552.9,59431
367,300,-52.977,0,A,22,22,0.0,,183,2567.4,59731
368,1,-0.199,0,A,22,23,0.0,stuck,184,2567.4,59732
369,300,-60.395,0,A,23,23,0.0,,184,2580.8,60032
370,1,-0.216,0,A,23,22,0.0,stuck,185,2580.8,60033
371,300,-56.954,0,A,22,22,0.0,,185,2593.8,60333
372,1,-0.169,0,A,22,14,0.0,stuck,186,2593.8,60334
373,300,-59.041,0,A,14,14,0.0,,186,2606.9,60634
374,1,-0.188,0,A,14,6,0.0,stuck,187,2606.9,60635
375,300,-63.775,0,A,6,6,0.0,,187,2620.2,60935
376,1,-0.185,0,A,6,22,0.0,stuck,188,2620.3,60936
377,300,-56.218,0,A,22,22,0.0,,188,2633.5,61236
378,1,-0.181,0,A,22,22,0.0,stuck,189,2633.5,61237
379,300,-57.449,0,A,22,22,0.0,,189,2646.2,61537
380,1,-0.164,0,A,22,22,0.0,stuck,190,2646.3,61538
381,300,-54.736,0,A,22,22,0.0,,190,2659.6,61838
382,1,-0.19,0,A,22,31,0.0,stuck,191,2659.7,61839
383,300,-62.554,0,A,31,31,0.0,,191,2672.4,62139
384,1,-0.208,0,A,31,7,0.0,stuck,192,2672.4,62140
385,300,-59.197,0,A,7,7,0.0,,192,2685.5,62440
386,1,-0.204,0,A,7,22,0.0,stuck,193,2685.6,62441
387,300,-59.192,0,A,22,22,0.0,,193,2698.6,62741
388,32,-5.673,0,A,22,6,0.0,stuck,194,2700.0,62773
389,300,-58.465,0,A,6,6,0.0,,194,2713.5,63073
390,54,-9.012,0,A,6,6,0.0,stuck,195,2715.8,63127
391,300,-56.067,0,A,6,6,0.0,,195,2728.6,63427
392,1,-0.201,0,A,6,15,0.0,stuck,196,2728.6,63428
393,300,-54.183,0,A,15,15,0.0,,196,2741.5,63728
394,1,-0.213,0,A,15,31,0.0,stuck,197,2741.5,63729
395,132,-26.174,0,A,31,23,0.0,escape,198,2747.0,63861
396,300,-54.458,0,A,23,23,0.0,,198,2760.1,64161
397,1,-0.214,0,A,23,22,0.0,stuck,199,2760.1,64162
398,300,-46.866,0,A,22,22,0.0,,199,2772.9,64462
399,1,-0.169,0,A,22,15,0.0,stuck,200,2772.9,64463
400,300,-57.33,0,A,15,15,0.0,,200,2786.0,64763
401,1,-0.202,0,A,15,22,0.0,stuck,201,2786.0,64764
402,300,-55.705,0,A,22,22,0.0,,201,2799.2,65064
403,1,-0.198,0,A,22,15,0.0,stuck,202,2799.3,65065
404,300,-63.918,0,A,15,15,0.0,,202,2812.3,65365
405,1,-0.207,0,A,15,14,0.0,stuck,203,2812.3,65366
406,300,-65.861,0,A,14,14,0.0,,203,2825.5,65666
407,1,-0.197,0,A,14,14,0.0,stuck,204,2825.5,65667
408,300,-50.822,0,A,14,14,0.0,,204,2838.3,65967
409,1,-0.174,0,A,14,6,0.0,stuck,205,2838.4,65968
410,300,-57.493,0,A,6,6,0.0,,205,2851.2,66268
411,1,-0.183,0,A,6,13,0.0,stuck,206,2851.2,66269
412,300,-50.513,0,A,13,13,0.0,,206,2864.3,66569
413,1,-0.157,0,A,13,7,0.0,stuck,207,2864.3,66570
414,300,-63.962,0,A,7,7,0.0,,207,2877.1,66870
415,1,-0.209,0,A,7,15,0.0,stuck,208,2877.2,66871
416,300,-62.279,0,A,15,15,0.0,,208,2890.2,67171
417,1,-0.212,0,A,15,22,0.0,stuck,209,2890.2,67172
418,300,-48.863,0,A,22,22,0.0,,209,2903.5,67472
419,1,-0.172,0,A,22,22,0.0,stuck,210,2903.5,67473
420,300,-55.907,0,A,22,22,0.0,,210,2917.3,67773
421,1,-0.195,0,A,22,23,0.0,stuck,211,2917.3,67774
422,300,-59.523,0,A,23,23,0.0,,211,2929.5,68074
423,1,-0.204,0,A,23,14,0.0,stuck,212,2929.5,68075
424,300,-46.2,0,A,14,14,0.0,,212,2941.8,68375
425,1,-0.161,0,A,14,6,0.0,stuck,213,2941.8,68376
426,300,-69.956,0,A,6,6,0.0,,213,2954.5,68676
427,1,-0.191,0,A,6,14,0.0,stuck,214,2954.6,68677
428,300,-50.257,0,A,14,14,0.0,,214,2966.7,68977
429,1,-0.179,0,A,14,14,0.0,stuck,215,2966.8,68978
430,300,-49.81,0,A,14,14,0.0,,215,2979.2,69278
431,1,-0.17,0,A,14,14,0.0,stuck,216,2979.2,69279
432,300,-47.902,0,A,14,14,0.0,,216,2991.3,69579
433,1,-0.162,0,A,14,13,0.0,stuck,217,2991.3,69580
434,300,-45.16,0,A,13,13,0.0,,217,3003.7,69880
435,1,-0.156,0,A,13,22,0.0,stuck,218,3003.7,69881
436,300,-49.28,0,A,22,22,0.0,,218,3016.0,70181
437,1,-0.183,0,A,22,14,0.0,stuck,219,3016.0,70182
438,300,-51.396,0,A,14,14,0.0,,219,3028.5,70482
439,1,-0.182,0,A,14,30,0.0,stuck,220,3028.5,70483
440,300,-53.538,0,A,30,30,0.0,,220,3041.1,70783
441,1,-0.199,0,A,30,6,0.0,stuck,221,3041.2,70784
442,300,-54.215,0,A,6,6,0.0,,221,3053.5,71084
443,1,-0.179,0,A,6,15,0.0,stuck,222,3053.5,71085
444,300,-57.299,0,A,15,15,0.0,,222,3065.9,71385
445,1,-0.203,0,A,15,22,0.0,stuck,223,3066.0,71386
446,300,-45.931,0,A,22,22,0.0,,223,3078.2,71686
447,1,-0.162,0,A,22,22,0.0,stuck,224,3078.2,71687
448,300,-53.0,0,A,22,22,0.0,,224,3090.4,71987
449,1,-0.198,0,A,22,15,0.0,stuck,225,3090.4,71988
450,300,-56.598,0,A,15,15,0.0,,225,3102.7,72288
451,1,-0.206,0,A,15,22,0.0,stuck,226,3102.7,72289
452,300,-45.826,0,A,22,22,0.0,,226,3114.8,72589
453,1,-0.169,0,A,22,14,0.0,stuck,227,3114.8,72590
454,300,-52.974,0,A,14,14,0.0,,227,3127.1,72890
455,1,-0.162,0,A,14,22,0.0,stuck,228,3127.2,72891
456,300,-46.175,0,A,22,22,0.0,,228,3139.3,73191
457,1,-0.162,0,A,22,14,0.0,stuck,229,3139.3,73192
458,300,-58.514,0,A,14,14,0.0,,229,3151.6,73492
459,1,-0.198,0,A,14,23,0.0,stuck,230,3151.7,73493
460,300,-70.163,0,A,23,23,0.0,,230,3164.5,73793
461,1,-0.22,0,A,23,14,0.0,stuck,231,3164.5,73794
462,300,-50.63,0,A,14,14,0.0,,231,3177.1,74094
463,1,-0.177,0,A,14,14,0.0,stuck,232,3177.1,74095
464,300,-46.72,0,A,14,14,0.0,,232,3189.3,74395
465,1,-0.163,0,A,14,22,0.0,stuck,233,3189.3,74396
466,300,-51.278,0,A,22,22,0.0,,233,3201.6,74696
467,1,-0.199,0,A,22,14,0.0,stuck,234,3201.6,74697
468,300,-54.407,0,A,14,14,0.0,,234,3214.1,74997
469,1,-0.199,0,A,14,23,0.0,stuck,235,3214.1,74998
470,300,-52.082,0,A,23,23,0.0,,235,3278.1,75298
471,1,-0.202,0,A,23,22,0.0,stuck,236,3278.2,75299
472,300,-64.922,0,A,22,22,0.0,,236,3289.6,75599
473,1,-0.198,0,A,22,14,0.0,stuck,237,3289.6,75600
474,300,-48.175,0,A,14,14,0.0,,237,3301.6,75900
475,1,-0.189,0,A,14,22,0.0,stuck,238,3301.6,75901
476,300,-45.169,0,A,22,22,0.0,,238,3313.8,76201
477,1,-0.163,0,A,22,22,0.0,stuck,239,3313.8,76202
478,300,-56.568,0,A,22,22,0.0,,239,3325.8,76502
479,1,-0.185,0,A,22,14,0.0,stuck,240,3325.9,76503
480,300,-48.954,0,A,14,14,0.0,,240,3337.9,76803
481,1,-0.168,0,A,14,22,0.0,stuck,241,3337.9,76804
482,300,-51.436,0,A,22,22,0.0,,241,3350.0,77104
483,1,-0.172,0,A,22,14,0.0,stuck,242,3350.0,77105
484,300,-53.624,0,A,14,6,0.0,,242,3362.1,77405
485,1,-0.184,0,A,6,22,0.0,stuck,243,3362.2,77406
486,300,-62.239,0,A,22,22,0.0,,243,3374.7,77706
487,285,-49.483,0,A,22,14,0.0,stuck,244,3386.2,77991
488,300,-46.706,0,A,14,14,0.0,,244,3398.6,78291
489,1,-0.164,0,A,14,22,0.0,stuck,245,3398.6,78292
490,300,-62.605,0,A,22,23,0.0,,245,3411.3,78592
491,205,-41.474,0,A,23,14,0.0,stuck,246,3419.6,78797
492,300,-45.573,0,A,14,14,0.0,,246,3432.1,79097
493,1,-0.168,0,A,14,22,0.0,stuck,247,3432.1,79098
494,300,-46.086,0,A,22,22,0.0,,247,3444.1,79398
495,1,-0.167,0,A,22,15,0.0,stuck,248,3444.1,79399
496,300,-56.274,0,A,15,15,0.0,,248,3456.3,79699
497,1,-0.214,0,A,15,14,0.0,stuck,249,3456.4,79700
498,300,-52.914,0,A,14,14,0.0,,249,3468.5,80000
499,1,-0.201,0,A,14,14,0.0,stuck,250,3468.6,80001
500,300,-50.636,0,A,14,14,0.0,,250,3480.7,80301
501,1,-0.194,0,A,14,30,0.0,stuck,251,3480.7,80302
502,300,-48.624,0,A,30,30,0.0,,251,3493.2,80602
503,1,-0.188,0,A,30,22,0.0,stuck,252,3493.2,80603
504,300,-52.054,0,A,22,22,0.0,,252,3505.6,80903
505,1,-0.183,0,A,22,15,0.0,stuck,253,3505.6,80904
506,300,-56.746,0,A,15,15,0.0,,253,3518.0,81204
507,1,-0.202,0,A,15,15,0.0,stuck,254,3518.1,81205
508,300,-62.718,0,A,15,15,0.0,,254,3530.2,81505
509,1,-0.22,0,A,15,14,0.0,stuck,255,3530.3,81506
510,300,-52.983,0,A,14,15,0.0,,255,3542.4,81806
511,92,-17.272,0,A,15,14,0.0,stuck,256,3546.1,81898
512,300,-52.052,0,A,14,14,0.0,,256,3558.5,82198
513,1,-0.17,0,A,14,15,0.0,stuck,257,3558.5,82199
514,300,-81.936,0,A,15,15,0.0,,257,3570.7,82499
515,1,-0.204,0,A,15,14,0.0,stuck,258,3570.8,82500
516,300,-50.434,0,A,14,14,0.0,,258,3583.2,82800
517,1,-0.192,0,A,14,22,0.0,stuck,259,3583.2,82801
518,300,-72.467,0,A,22,22,0.0,,259,3595.5,83101
519,1,-0.199,0,A,22,14,0.0,stuck,260,3595.5,83102
520,300,-49.565,0,A,14,14,0.0,,260,3607.4,83402
521,1,-0.17,0,A,14,22,0.0,stuck,261,3607.5,83403
522,300,-81.637,0,A,22,22,0.0,,261,3619.5,83703
523,1,-0.201,0,A,22,14,0.0,stuck,262,3619.6,83704
524,300,-56.192,0,A,14,14,0.0,,262,3631.8,84004
525,1,-0.198,0,A,14,22,0.0,stuck,263,3631.8,84005
526,300,-55.966,0,A,22,21,0.0,,263,3644.1,84305
527,278,-39.74,0,A,21,21,0.0,stuck,264,3655.3,84583
528,276,-50.257,0,A,21,6,0.0,escape,265,3666.5,84859
529,300,-61.774,0,A,6,6,0.0,,265,3678.7,85159
530,1,-0.196,0,A,6,30,0.0,stuck,266,3678.7,85160
531,300,-59.963,0,A,30,30,0.0,,266,3690.9,85460
532,1,-0.188,0,A,30,22,0.0,stuck,267,3691.0,85461
533,300,-49.989,0,A,22,22,0.0,,267,3709.5,85761
534,1,-0.192,0,A,22,14,0.0,stuck,268,3709.6,85762
535,300,-53.246,0,A,14,14,0.0,,268,3725.0,86062
536,1,-0.162,0,A,14,14,0.0,stuck,269,3725.1,86063
537,300,-51.768,0,A,14,14,0.0,,269,3740.2,86363
538,1,-0.191,0,A,14,30,0.0,stuck,270,3740.2,86364
539,300,-56.534,0,A,30,30,0.0,,270,3755.4,86664
540,55,-8.578,0,A,30,14,0.0,stuck,271,3758.1,86719
541,300,-55.155,0,A,14,14,0.0,,271,3772.7,87019
542,1,-0.166,0,A,14,23,0.0,stuck,272,3772.7,87020
543,300,-63.813,0,A,23,23,0.0,,272,3787.5,87320
544,1,-0.206,0,A,23,14,0.0,stuck,273,3787.5,87321
545,300,-61.372,0,A,14,14,0.0,,273,3802.1,87621
546,1,-0.186,0,A,14,15,0.0,stuck,274,3802.2,87622
547,300,-58.767,0,A,15,15,0.0,,274,3817.7,87922
548,161,-32.459,0,A,15,22,0.0,stuck,275,3828.8,88083
549,300,-53.002,0,A,22,22,0.0,,275,3843.6,88383
550,1,-0.168,0,A,22,22,0.0,stuck,276,3843.7,88384
551,300,-54.812,0,A,22,22,0.0,,276,3858.4,88684
552,1,-0.19,0,A,22,30,0.0,stuck,277,3858.4,88685
553,300,-53.652,0,A,30,22,0.0,,277,3872.9,88985
554,1,-0.177,0,A,22,30,0.0,stuck,278,3873.0,88986
555,300,-48.123,0,A,30,30,0.0,,278,3887.8,89286
556,1,-0.186,0,A,30,14,0.0,stuck,279,3887.8,89287
557,300,-44.045,0,A,14,14,0.0,,279,3902.7,89587
558,1,-0.161,0,A,14,15,0.0,stuck,280,3902.8,89588
559,300,-29.131,0,A,15,15,0.0,,280,3918.1,89888
560,300,-62.382,0,A,15,15,0.0,,280,3936.1,90188
561,4,-0.876,0,A,15,22,0.0,stuck,281,3936.3,90192
562,300,-72.014,0,A,22,22,0.0,,281,3951.4,90492
563,1,-0.196,0,A,22,22,0.0,stuck,282,3951.5,90493
564,300,-55.845,0,A,22,22,0.0,,282,3966.5,90793
565,1,-0.198,0,A,22,22,0.0,stuck,283,3966.6,90794
566,300,-53.05,0,A,22,22,0.0,,283,3981.9,91094
567,1,-0.202,0,A,22,23,0.0,stuck,284,3982.0,91095
568,300,-77.498,0,A,23,23,0.0,,284,3997.3,91395
569,1,-0.219,0,A,23,22,0.0,stuck,285,3997.4,91396
570,300,-46.43,0,A,22,22,0.0,,285,4013.9,91696
571,1,-0.167,0,A,22,22,0.0,stuck,286,4014.0,91697
572,300,-46.915,0,A,22,22,0.0,,286,4029.4,91997
573,1,-0.177,0,A,22,22,0.0,stuck,287,4029.4,91998
574,300,-48.212,0,A,22,22,0.0,,287,4045.9,92298
575,1,-0.184,0,A,22,21,0.0,stuck,288,4046.0,92299
576,300,-46.585,0,A,21,21,0.0,,288,4061.4,92599
577,1,-0.158,0,A,21,14,0.0,stuck,289,4061.5,92600
578,300,-52.39,0,A,14,14,0.0,,289,4076.5,92900
579,1,-0.17,0,A,14,14,0.0,stuck,290,4076.6,92901
580,300,-51.279,0,A,14,14,0.0,,290,4091.8,93201
581,1,-0.175,0,A,14,14,0.0,stuck,291,4091.9,93202
582,300,-55.406,0,A,14,14,0.0,,291,4106.5,93502
583,1,-0.178,0,A,14,6,0.0,stuck,292,4106.6,93503
584,300,-56.646,0,A,6,6,0.0,,292,4121.6,93803
585,1,-0.198,0,A,6,23,0.0,stuck,293,4121.7,93804
586,300,-55.35,0,A,23,23,0.0,,293,4136.6,94104
587,1,-0.207,0,A,23,22,0.0,stuck,294,4136.6,94105
588,300,-62.051,0,A,22,22,0.0,,294,4153.4,94405
589,1,-0.181,0,A,22,21,0.0,stuck,295,4153.4,94406
590,300,-47.24,0,A,21,29,0.0,,295,4169.8,94706
591,299,-41.794,0,A,29,21,0.0,stuck,296,4185.1,95005
592,300,-59.993,0,A,21,21,0.0,,296,4199.7,95305
593,1,-0.154,0,A,21,21,0.0,stuck,297,4199.7,95306
594,300,-42.544,0,A,21,21,0.0,,297,4214.0,95606
595,1,-0.156,0,A,21,22,0.0,stuck,298,4214.1,95607
596,300,-49.406,0,A,22,22,0.0,,298,4229.5,95907
597,1,-0.177,0,A,22,30,0.0,stuck,299,4229.6,95908
598,300,-49.819,0,A,30,30,0.0,,299,4244.7,96208
599,1,-0.187,0,A,30,14,0.0,stuck,300,4244.8,96209
600,300,-47.956,0,A,14,14,0.0,,300,4260.1,96509
601,1,-0.186,0,A,14,14,0.0,stuck,301,4260.2,96510
602,300,-43.889,0,A,14,14,0.0,,301,4276.9,96810
603,1,-0.173,0,A,14,14,0.0,stuck,302,4276.9,96811
604,300,-51.13,0,A,14,14,0.0,,302,4291.9,97111
605,1,-0.162,0,A,14,14,0.0,stuck,303,4292.0,97112
606,300,-54.53,0,A,14,14,0.0,,303,4306.6,97412
607,1,-0.181,0,A,14,22,0.0,stuck,304,4306.7,97413
608,300,-56.43,0,A,22,14,0.0,,304,4321.9,97713
609,98,-15.198,0,A,14,22,0.0,stuck,305,4326.9,97811
610,300,-50.695,0,A,22,22,0.0,,305,4342.9,98111
611,1,-0.17,0,A,22,22,0.0,stuck,306,4342.9,98112
612,300,-54.575,0,A,22,21,0.0,,306,4359.1,98412
613,129,-17.267,0,A,21,22,0.0,stuck,307,4365.9,98541
614,300,-51.078,0,A,22,22,0.0,,307,4381.6,98841
615,1,-0.168,0,A,22,30,0.0,stuck,308,4381.6,98842
616,300,-49.101,0,A,30,30,0.0,,308,4399.9,99142
617,1,-0.193,0,A,30,14,0.0,stuck,309,4399.9,99143
618,300,-69.0,0,A,14,14,0.0,,309,4415.0,99443
619,1,-0.187,0,A,14,22,0.0,stuck,310,4415.1,99444
620,300,-54.708,0,A,22,21,0.0,,310,4430.6,99744
621,156,-23.194,0,A,21,14,0.0,stuck,311,4438.5,99900
622,300,-55.956,0,A,14,13,0.0,,311,4545.0,100200
623,169,-24.296,0,A,13,23,0.0,stuck,312,4553.0,100369
624,300,-55.581,0,A,23,23,0.0,,312,4568.1,100669
625,1,-0.205,0,A,23,22,0.0,stuck,313,4568.1,100670
626,300,-48.572,0,A,22,22,0.0,,313,4582.9,100970
627,1,-0.171,0,A,22,6,0.0,stuck,314,4582.9,100971
628,300,-52.493,0,A,6,6,0.0,,314,4598.5,101271
629,1,-0.191,0,A,6,15,0.0,stuck,315,4598.5,101272
630,300,-58.507,0,A,15,15,0.0,,315,4613.7,101572
631,1,-0.205,0,A,15,22,0.0,stuck,316,4613.8,101573
632,300,-50.376,0,A,22,22,0.0,,316,4630.7,101873
633,1,-0.189,0,A,22,14,0.0,stuck,317,4630.8,101874
634,300,-53.995,0,A,14,14,0.0,,317,4646.6,102174
635,1,-0.186,0,A,14,22,0.0,stuck,318,4646.6,102175
636,300,-42.479,0,A,22,22,0.0,,318,4660.8,102475
637,1,-0.162,0,A,22,14,0.0,stuck,319,4660.9,102476
638,300,-49.482,0,A,14,14,0.0,,319,4678.9,102776
639,1,-0.188,0,A,14,22,0.0,stuck,320,4679.1,102777
640,300,-46.895,0,A,22,22,0.0,,320,4694.1,103077
641,1,-0.188,0,A,22,21,0.0,stuck,321,4694.1,103078
642,300,-44.248,0,A,21,21,0.0,,321,4709.7,103378
643,1,-0.157,0,A,21,14,0.0,stuck,322,4709.7,103379
644,300,-48.04,0,A,14,14,0.0,,322,4725.6,103679
645,1,-0.161,0,A,14,30,0.0,stuck,323,4725.7,103680
646,300,-51.515,0,A,30,30,0.0,,323,4741.2,103980
647,1,-0.202,0,A,30,22,0.0,stuck,324,4741.2,103981
648,300,-54.257,0,A,22,22,0.0,,324,4758.7,104281
649,1,-0.173,0,A,22,22,0.0,stuck,325,4758.8,104282
650,300,-53.686,0,A,22,22,0.0,,325,4774.6,104582
651,132,-20.426,0,A,22,31,0.0,stuck,326,4781.5,104714
652,300,-55.976,0,A,31,31,0.0,,326,4797.5,105014
653,1,-0.205,0,A,31,15,0.0,stuck,327,4797.5,105015
654,300,-71.142,0,A,15,15,0.0,,327,4813.2,105315
655,274,-60.853,0,A,15,22,0.0,stuck,328,4827.6,105589
656,300,-58.912,0,A,22,22,0.0,,328,4846.3,105889
657,1,-0.197,0,A,22,22,0.0,stuck,329,4846.3,105890
658,300,-65.957,0,A,22,22,0.0,,329,4862.0,106190
659,1,-0.172,0,A,22,23,0.0,stuck,330,4862.1,106191
660,300,-64.256,0,A,23,23,0.0,,330,4877.1,106491
661,1,-0.223,0,A,23,21,0.0,stuck,331,4877.2,106492
662,300,-64.61,0,A,21,21,0.0,,331,4895.6,106792
663,1,-0.156,0,A,21,22,0.0,stuck,332,4895.7,106793
664,300,-57.573,0,A,22,22,0.0,,332,4912.0,107093
665,1,-0.179,0,A,22,22,0.0,stuck,333,4912.0,107094
666,300,-55.475,0,A,22,22,0.0,,333,4930.8,107394
667,1,-0.189,0,A,22,22,0.0,stuck,334,4931.0,107395
668,300,-57.793,0,A,22,22,0.0,,334,4948.1,107695
669,1,-0.17,0,A,22,21,0.0,stuck,335,4948.2,107696
670,300,-43.547,0,A,21,21,0.0,,335,4964.4,107996
671,222,-34.124,0,A,21,23,0.0,stuck,336,4975.6,108218
672,300,-66.025,0,A,23,23,0.0,,336,4992.0,108518
673,1,-0.222,0,A,23,22,0.0,stuck,337,4992.1,108519
674,300,-52.782,0,A,22,22,0.0,,337,5008.1,108819
675,1,-0.196,0,A,22,30,0.0,stuck,338,5008.1,108820
676,300,-54.689,0,A,30,30,0.0,,338,5024.3,109120
677,1,-0.198,0,A,30,14,0.0,stuck,339,5024.4,109121
678,300,-60.77,0,A,14,14,0.0,,339,5040.9,109421
679,1,-0.197,0,A,14,22,0.0,stuck,340,5041.0,109422
680,67,-11.963,0,A,22,21,0.0,escape,341,5044.5,109489
681,46,-7.714,0,A,21,22,0.0,escape,342,5046.8,109535
682,300,-67.645,0,A,22,30,0.0,,342,5062.4,109835
683,50,-8.902,0,A,30,15,0.0,stuck,343,5065.1,109885
684,300,-65.818,0,A,15,14,0.0,,343,5084.2,110185
685,63,-9.9,0,A,14,13,0.0,stuck,344,5087.5,110248
686,300,-46.7,0,A,13,13,0.0,,344,5103.4,110548
687,1,-0.153,0,A,13,22,0.0,stuck,345,5103.5,110549
688,300,-60.714,0,A,22,22,0.0,,345,5119.3,110849
689,1,-0.19,0,A,22,15,0.0,stuck,346,5119.3,110850
690,300,-75.919,0,A,15,15,0.0,,346,8381.8,111150
691,1,-0.202,0,A,15,30,0.0,stuck,347,8381.9,111151
692,300,-55.735,0,A,30,30,0.0,,347,8398.8,111451
693,1,-0.185,0,A,30,21,0.0,stuck,348,8398.8,111452
694,300,-55.521,0,A,21,21,0.0,,348,8409.8,111752
695,1,-0.159,0,A,21,21,0.0,stuck,349,8409.9,111753
696,300,-48.989,0,A,21,21,0.0,,349,8420.7,112053
697,1,-0.156,0,A,21,23,0.0,stuck,350,8420.8,112054
698,300,-72.763,0,A,23,23,0.0,,350,8432.3,112354
699,1,-0.22,0,A,23,22,0.0,stuck,351,8432.3,112355
700,300,-50.027,0,A,22,22,0.0,,351,8443.0,112655
701,1,-0.164,0,A,22,22,0.0,stuck,352,8443.1,112656
702,300,-59.253,0,A,22,22,0.0,,352,8454.3,112956
703,1,-0.197,0,A,22,30,0.0,stuck,353,8454.4,112957
704,300,-61.437,0,A,30,30,0.0,,353,8465.8,113257
705,1,-0.201,0,A,30,14,0.0,stuck,354,8465.9,113258
706,300,-53.59,0,A,14,14,0.0,,354,8476.3,113558
707,1,-0.166,0,A,14,21,0.0,stuck,355,8476.3,113559
708,300,-48.376,0,A,21,21,0.0,,355,8486.8,113859
709,1,-0.155,0,A,21,13,0.0,stuck,356,8486.8,113860
710,300,-49.303,0,A,13,13,0.0,,356,8497.4,114160
711,1,-0.155,0,A,13,6,0.0,stuck,357,8497.4,114161
712,300,-58.272,0,A,6,6,0.0,,357,8508.1,114461
713,1,-0.183,0,A,6,15,0.0,stuck,358,8508.2,114462
714,300,-64.784,0,A,15,15,0.0,,358,8519.2,114762
715,1,-0.219,0,A,15,23,0.0,stuck,359,8519.2,114763
716,300,-59.279,0,A,23,23,0.0,,359,8530.2,115063
717,1,-0.211,0,A,23,14,0.0,stuck,360,8530.2,115064
718,300,-55.107,0,A,14,14,0.0,,360,8541.3,115364
719,1,-0.178,0,A,14,22,0.0,stuck,361,8541.4,115365
720,300,-49.662,0,A,22,22,0.0,,361,8552.4,115665
721,1,-0.173,0,A,22,14,0.0,stuck,362,8552.4,115666
722,300,-47.972,0,A,14,14,0.0,,362,8563.0,115966
723,1,-0.189,0,A,14,23,0.0,stuck,363,8563.1,115967
724,300,-52.486,0,A,23,23,0.0,,363,8573.8,116267
725,1,-0.211,0,A,23,22,0.0,stuck,364,8573.8,116268
726,300,-45.051,0,A,22,22,0.0,,364,8584.7,116568
727,1,-0.167,0,A,22,21,0.0,stuck,365,8584.8,116569
728,300,-41.499,0,A,21,21,0.0,,365,8595.5,116869
729,1,-0.156,0,A,21,13,0.0,stuck,366,8595.6,116870
730,300,-42.123,0,A,13,13,0.0,,366,8606.5,117170
731,1,-0.159,0,A,13,21,0.0,stuck,367,8606.5,117171
732,300,-42.48,0,A,21,21,0.0,,367,8617.5,117471
733,1,-0.157,0,A,21,21,0.0,stuck,368,8617.5,117472
734,300,-42.758,0,A,21,21,0.0,,368,8628.7,117772
735,1,-0.157,0,A,21,14,0.0,stuck,369,8628.7,117773
736,300,-48.104,0,A,14,14,0.0,,369,8640.0,118073
737,1,-0.191,0,A,14,14,0.0,stuck,370,8640.0,118074
738,300,-42.536,0,A,14,14,0.0,,370,8651.1,118374
739,1,-0.17,0,A,14,22,0.0,stuck,371,8651.1,118375
740,300,-50.222,0,A,22,22,0.0,,371,8662.3,118675
741,1,-0.198,0,A,22,14,0.0,stuck,372,8662.3,118676
742,300,-48.602,0,A,14,14,0.0,,372,8674.0,118976
743,1,-0.194,0,A,14,23,0.0,stuck,373,8674.0,118977
744,300,-52.72,0,A,23,23,0.0,,373,8685.3,119277
745,1,-0.211,0,A,23,30,0.0,stuck,374,8685.3,119278
746,300,-48.589,0,A,30,30,0.0,,374,8696.8,119578
747,1,-0.189,0,A,30,14,0.0,stuck,375,8696.8,119579
748,300,-48.231,0,A,14,14,0.0,,375,8708.2,119879
749,1,-0.19,0,A,14,15,0.0,stuck,376,8708.2,119880
750,300,-53.816,0,A,15,15,0.0,,376,8719.6,120180
751,1,-0.207,0,A,15,14,0.0,stuck,377,8719.7,120181
752,300,-60.911,0,A,14,14,0.0,,377,8731.8,120481
753,1,-0.187,0,A,14,22,0.0,stuck,378,8731.9,120482
754,300,-45.451,0,A,22,22,0.0,,378,8743.3,120782
755,1,-0.177,0,A,22,15,0.0,stuck,379,8743.4,120783
756,300,-53.97,0,A,15,6,0.0,,379,8755.0,121083
757,252,-35.917,0,A,6,22,0.0,stuck,380,8764.8,121335
758,300,-50.851,0,A,22,22,0.0,,380,8776.3,121635
759,1,-0.199,0,A,22,15,0.0,stuck,381,8776.4,121636
760,300,-68.935,0,A,15,15,0.0,,381,8787.8,121936
761,1,-0.22,0,A,15,14,0.0,stuck,382,8787.9,121937
762,300,-49.405,0,A,14,14,0.0,,382,8799.3,122237
763,1,-0.195,0,A,14,14,0.0,stuck,383,8799.3,122238
764,300,-48.811,0,A,14,14,0.0,,383,8810.7,122538
765,1,-0.196,0,A,14,30,0.0,stuck,384,8810.7,122539
766,300,-50.131,0,A,30,30,0.0,,384,8822.4,122839
767,1,-0.2,0,A,30,14,0.0,stuck,385,8822.4,122840
768,300,-43.798,0,A,14,14,0.0,,385,8834.1,123140
769,1,-0.171,0,A,14,14,0.0,stuck,386,8834.2,123141
770,300,-46.905,0,A,14,14,0.0,,386,8846.0,123441
771,1,-0.186,0,A,14,22,0.0,stuck,387,8846.0,123442
772,300,-50.274,0,A,22,22,0.0,,387,8857.7,123742
773,1,-0.196,0,A,22,23,0.0,stuck,388,8857.7,123743
774,300,-73.445,0,A,23,23,0.0,,388,8869.4,124043
775,1,-0.215,0,A,23,22,0.0,stuck,389,8869.4,124044
776,300,-48.798,0,A,22,22,0.0,,389,8881.1,124344
777,1,-0.194,0,A,22,23,0.0,stuck,390,8881.2,124345
778,300,-70.771,0,A,23,23,0.0,,390,8893.1,124645
779,1,-0.209,0,A,23,30,0.0,stuck,391,8893.1,124646
780,300,-64.303,0,A,30,30,0.0,,391,8904.8,124946
781,1,-0.193,0,A,30,22,0.0,stuck,392,8904.8,124947
782,300,-48.509,0,A,22,21,0.0,,392,8988.9,125247
783,48,-6.854,0,A,21,22,0.0,stuck,393,8990.8,125295
784,300,-47.028,0,A,22,30,0.0,,393,9002.4,125595
785,1,-0.163,0,A,30,22,0.0,stuck,394,9002.4,125596
786,300,-50.097,0,A,22,21,0.0,,394,9014.0,125896
787,89,-11.958,0,A,21,22,0.0,stuck,395,9017.4,125985
788,300,-45.635,0,A,22,22,0.0,,395,9029.1,126285
789,1,-0.166,0,A,22,14,0.0,stuck,396,9029.1,126286
790,300,-51.552,0,A,14,14,0.0,,396,9040.5,126586
791,1,-0.181,0,A,14,22,0.0,stuck,397,9040.6,126587
792,300,-47.182,0,A,22,22,0.0,,397,9052.3,126887
793,1,-0.165,0,A,22,22,0.0,stuck,398,9052.3,126888
794,300,-47.715,0,A,22,14,0.0,,398,9064.2,127188
795,116,-17.459,0,A,14,15,0.0,stuck,399,9068.9,127304
796,300,-58.178,0,A,15,15,0.0,,399,9080.5,127604
797,1,-0.211,0,A,15,14,0.0,stuck,400,9080.5,127605
798,300,-44.505,0,A,14,14,0.0,,400,9092.3,127905
799,1,-0.165,0,A,14,14,0.0,stuck,401,9092.3,127906
800,300,-48.75,0,A,14,14,0.0,,401,9104.4,128206
801,1,-0.182,0,A,14,23,0.0,stuck,402,9104.4,128207
802,300,-56.664,0,A,23,23,0.0,,402,9116.1,128507
803,1,-0.215,0,A,23,22,0.0,stuck,403,9116.1,128508
804,300,-45.506,0,A,22,22,0.0,,403,9127.8,128808
805,1,-0.178,0,A,22,14,0.0,stuck,404,9127.8,128809
806,300,-47.517,0,A,14,14,0.0,,404,9139.5,129109
807,1,-0.173,0,A,14,22,0.0,stuck,405,9139.6,129110
808,300,-45.136,0,A,22,22,0.0,,405,9151.7,129410
809,1,-0.172,0,A,22,23,0.0,stuck,406,9151.7,129411
810,300,-57.541,0,A,23,23,0.0,,406,9163.7,129711
811,1,-0.223,0,A,23,22,0.0,stuck,407,9163.7,129712
812,300,-44.763,0,A,22,22,0.0,,407,9175.8,130012
813,1,-0.177,0,A,22,15,0.0,stuck,408,9175.9,130013
814,300,-40.386,0,A,15,31,0.0,,408,9188.1,130313
815,300,-39.522,0,A,31,23,0.0,,408,9200.2,130613
816,175,-37.768,0,A,23,15,0.0,stuck,409,9207.4,130788
817,300,-62.306,0,A,15,7,0.0,,409,9219.6,131088
818,142,-32.279,0,A,7,22,0.0,stuck,410,9225.5,131230
819,300,-53.535,0,A,22,22,0.0,,410,9237.6,131530
820,1,-0.17,0,A,22,14,0.0,stuck,411,9237.7,131531
821,300,-51.22,0,A,14,14,0.0,,411,9249.8,131831
822,1,-0.196,0,A,14,22,0.0,stuck,412,9249.9,131832
823,300,-51.305,0,A,22,22,0.0,,412,9262.0,132132
824,1,-0.196,0,A,22,22,0.0,stuck,413,9262.0,132133
825,300,-51.269,0,A,22,22,0.0,,413,9274.2,132433
826,1,-0.196,0,A,22,21,0.0,stuck,414,9274.2,132434
827,300,-46.994,0,A,21,21,0.0,,414,9286.3,132734
828,1,-0.16,0,A,21,15,0.0,stuck,415,9286.4,132735
829,300,-39.914,0,A,15,7,0.0,,415,9298.7,133035
830,300,-38.2,0,A,7,7,0.0,,415,9311.0,133335
831,158,-31.764,0,A,7,23,0.0,stuck,416,9317.5,133493
832,300,-40.263,0,A,23,15,0.0,,416,9329.9,133793
833,300,-38.259,0,A,15,15,0.0,,416,9342.3,134093
834,110,-25.023,0,A,15,14,0.0,stuck,417,9346.8,134203
835,186,-32.547,0,A,14,14,0.0,escape,418,9354.2,134389
836,300,-49.271,0,A,14,15,0.0,,418,9366.5,134689
837,300,-33.13,0,A,15,15,0.0,,418,9378.9,134989
838,300,-40.086,0,A,15,15,0.0,,418,9391.1,135289
839,130,-28.63,0,A,15,14,0.0,stuck,419,9396.8,135419
840,300,-39.214,0,A,14,7,0.0,,419,9409.8,135719
841,240,-33.396,0,A,7,14,0.0,escape,420,9420.2,135959
842,300,-46.088,0,A,14,14,0.0,,420,9432.7,136259
843,1,-0.163,0,A,14,22,0.0,stuck,421,9432.8,136260
844,300,-47.498,0,A,22,22,0.0,,421,9445.5,136560
845,1,-0.168,0,A,22,14,0.0,stuck,422,9445.5,136561
846,300,-28.414,0,A,14,15,0.0,,422,9457.8,136861
847,106,-22.274,0,A,15,6,0.0,stuck,423,9462.1,136967
848,114,-21.238,0,A,6,15,0.0,escape,424,9466.8,137081
849,137,-26.109,0,A,15,14,0.0,escape,425,9472.3,137218
850,300,-34.189,0,A,14,7,0.0,,425,9484.6,137518
851,135,-31.47,0,A,7,22,0.0,stuck,426,9490.1,137653
852,300,-46.02,0,A,22,22,0.0,,426,9502.2,137953
853,1,-0.175,0,A,22,23,0.0,stuck,427,9502.3,137954
854,300,-30.671,0,A,23,15,0.0,,427,9514.6,138254
855,106,-22.452,0,A,15,22,0.0,stuck,428,9519.1,138360
856,300,-47.709,0,A,22,22,0.0,,428,9531.9,138660
857,1,-0.18,0,A,22,30,0.0,stuck,429,9531.9,138661
858,300,-52.552,0,A,30,22,0.0,,429,9544.8,138961
859,1,-0.192,0,A,22,14,0.0,stuck,430,9544.8,138962
860,300,-47.566,0,A,14,14,0.0,,430,9557.1,139262
861,1,-0.176,0,A,14,22,0.0,stuck,431,9557.1,139263
862,300,-68.91,0,A,22,31,0.0,,431,9569.6,139563
863,24,-5.497,0,A,31,15,0.0,escape,432,9570.6,139587
864,300,-59.272,0,A,15,31,0.0,,432,9583.2,139887
865,30,-6.196,0,A,31,14,0.0,escape,433,9584.4,139917
866,300,-48.988,0,A,14,14,0.0,,433,9597.5,140217
867,1,-0.182,0,A,14,14,0.0,stuck,434,9597.5,140218
868,201,-37.241,0,A,14,6,0.0,escape,435,9606.5,140419
869,69,-12.471,0,A,6,23,0.0,escape,436,9609.3,140488
870,300,-76.468,0,A,23,15,0.0,,436,9621.9,140788
871,179,-42.875,0,A,15,22,0.0,escape,437,9629.5,140967
872,300,-46.179,0,A,22,22,0.0,,437,9642.9,141267
873,1,-0.163,0,A,22,15,0.0,stuck,438,9642.9,141268
874,300,-26.228,0,A,15,15,0.0,,438,9655.5,141568
875,90,-21.152,0,A,15,22,0.0,stuck,439,9659.3,141658
876,300,-51.769,0,A,22,22,0.0,,439,9671.9,141958
877,1,-0.169,0,A,22,6,0.0,stuck,440,9672.0,141959
878,300,-81.018,0,A,6,6,0.0,,440,9684.5,142259
879,1,-0.182,0,A,6,15,0.0,stuck,441,9684.6,142260
880,300,-76.334,0,A,15,15,0.0,,441,9697.3,142560
881,300,-25.606,0,A,15,15,0.0,,441,9709.8,142860
882,95,-19.795,0,A,15,14,0.0,stuck,442,9713.7,142955
883,300,-45.402,0,A,14,14,0.0,,442,9726.3,143255
884,1,-0.16,0,A,14,15,0.0,stuck,443,9726.4,143256
885,132,-24.187,0,A,15,14,0.0,escape,444,9731.8,143388
886,300,-57.189,0,A,14,22,0.0,,444,9744.3,143688
887,257,-41.985,0,A,22,23,0.0,stuck,445,9755.4,143945
888,300,-54.643,0,A,23,23,0.0,,445,9768.4,144245
889,1,-0.209,0,A,23,22,0.0,stuck,446,9768.4,144246
890,300,-49.19,0,A,22,22,0.0,,446,9781.6,144546
891,1,-0.183,0,A,22,15,0.0,stuck,447,9781.6,144547
892,300,-57.499,0,A,15,15,0.0,,447,9794.1,144847
893,1,-0.204,0,A,15,22,0.0,stuck,448,9794.2,144848
894,300,-46.151,0,A,22,22,0.0,,448,9806.8,145148
895,1,-0.172,0,A,22,14,0.0,stuck,449,9806.8,145149
896,300,-51.919,0,A,14,14,0.0,,449,9819.5,145449
897,1,-0.192,0,A,14,13,0.0,stuck,450,9819.5,145450
898,300,-42.223,0,A,13,13,0.0,,450,9833.0,145750
899,1,-0.154,0,A,13,30,0.0,stuck,451,9833.1,145751
900,300,-46.111,0,A,30,30,0.0,,451,9846.6,146051
901,1,-0.172,0,A,30,6,0.0,stuck,452,9846.7,146052
902,300,-49.659,0,A,6,23,0.0,,452,9859.8,146352
903,300,-54.641,0,A,23,15,0.0,,452,9873.0,146652
904,284,-69.684,0,A,15,22,0.0,stuck,453,9884.8,146936
905,300,-54.328,0,A,22,5,0.0,,453,9897.4,147236
906,1,-0.141,0,A,5,22,0.0,escape,454,9897.4,147237
907,300,-53.983,0,A,22,22,0.0,,454,9909.9,147537
908,154,-27.885,0,A,22,14,0.0,stuck,455,9916.2,147691
909,300,-57.387,0,A,14,6,0.0,,455,9928.8,147991
910,270,-49.034,0,A,6,30,0.0,stuck,456,9940.0,148261
911,300,-52.977,0,A,30,30,0.0,,456,9952.6,148561
912,1,-0.183,0,A,30,14,0.0,stuck,457,9952.6,148562
913,300,-49.224,0,A,14,14,0.0,,457,9965.2,148862
914,1,-0.166,0,A,14,22,0.0,stuck,458,9965.3,148863
915,300,-45.332,0,A,22,22,0.0,,458,9977.9,149163
916,1,-0.166,0,A,22,23,0.0,stuck,459,9977.9,149164
917,300,-56.608,0,A,23,23,0.0,,459,9990.5,149464
918,1,-0.214,0,A,23,23,0.0,stuck,460,9990.5,149465
919,300,-56.416,0,A,23,23,0.0,,460,10003.2,149765
920,1,-0.208,0,A,23,14,0.0,stuck,461,10003.2,149766
921,300,-44.569,0,A,14,14,0.0,,461,10089.9,150066
922,1,-0.168,0,A,14,22,0.0,stuck,462,10089.9,150067
923,300,-47.249,0,A,22,22,0.0,,462,10102.5,150367
924,1,-0.188,0,A,22,15,0.0,stuck,463,10102.6,150368
925,300,-52.66,0,A,15,15,0.0,,463,10114.9,150668
926,1,-0.206,0,A,15,14,0.0,stuck,464,10115.0,150669
927,300,-50.241,0,A,14,14,0.0,,464,10127.5,150969
928,1,-0.197,0,A,14,14,0.0,stuck,465,10127.5,150970
929,300,-46.28,0,A,14,14,0.0,,465,10139.9,151270
930,1,-0.183,0,A,14,22,0.0,stuck,466,10139.9,151271
931,300,-42.422,0,A,22,22,0.0,,466,10152.0,151571
932,1,-0.163,0,A,22,23,0.0,stuck,467,10152.0,151572
933,300,-58.267,0,A,23,15,0.0,,467,10164.4,151872
934,214,-47.303,0,A,15,22,0.0,stuck,468,10173.2,152086
935,300,-48.878,0,A,22,13,0.0,,468,10185.3,152386
936,120,-16.185,0,A,13,6,0.0,stuck,469,10190.3,152506
937,300,-46.943,0,A,6,6,0.0,,469,10202.8,152806
938,1,-0.181,0,A,6,6,0.0,stuck,470,10202.8,152807
939,300,-48.624,0,A,6,6,0.0,,470,10216.4,153107
940,1,-0.193,0,A,6,22,0.0,stuck,471,10216.4,153108
941,300,-57.691,0,A,22,15,0.0,,471,10229.5,153408
942,253,-43.112,0,A,15,22,0.0,stuck,472,10240.6,153661
943,300,-45.724,0,A,22,22,0.0,,472,10253.0,153961
944,1,-0.168,0,A,22,14,0.0,stuck,473,10253.0,153962
945,300,-43.688,0,A,14,14,0.0,,473,10265.2,154262
946,1,-0.16,0,A,14,23,0.0,stuck,474,10265.2,154263
947,300,-85.653,0,A,23,31,0.0,,474,10277.7,154563
948,45,-9.079,0,A,31,23,0.0,stuck,475,10279.5,154608
949,300,-56.714,0,A,23,30,0.0,,475,10291.6,154908
950,212,-40.406,0,A,30,22,0.0,stuck,476,10300.3,155120
951,300,-44.527,0,A,22,22,0.0,,476,10312.4,155420
952,1,-0.164,0,A,22,14,0.0,stuck,477,10312.5,155421
953,300,-45.981,0,A,14,14,0.0,,477,10324.9,155721
954,1,-0.177,0,A,14,23,0.0,stuck,478,10324.9,155722
955,300,-52.691,0,A,23,23,0.0,,478,10337.5,156022
956,1,-0.208,0,A,23,13,0.0,stuck,479,10337.5,156023
957,300,-41.671,0,A,13,13,0.0,,479,10350.2,156323
958,1,-0.152,0,A,13,13,0.0,stuck,480,10350.2,156324
959,300,-42.16,0,A,13,13,0.0,,480,10362.7,156624
960,1,-0.157,0,A,13,13,0.0,stuck,481,10362.8,156625
961,300,-41.605,0,A,13,13,0.0,,481,10375.4,156925
962,1,-0.158,0,A,13,14,0.0,stuck,482,10375.5,156926
963,300,-46.18,0,A,14,14,0.0,,482,10388.0,157226
964,1,-0.179,0,A,14,14,0.0,stuck,483,10388.1,157227
965,300,-51.187,0,A,14,14,0.0,,483,10400.6,157527
966,1,-0.194,0,A,14,15,0.0,stuck,484,10400.6,157528
967,300,-50.522,0,A,15,15,0.0,,484,10413.3,157828
968,75,-15.937,0,A,15,30,0.0,stuck,485,10416.5,157903
969,300,-50.532,0,A,30,30,0.0,,485,10429.1,158203
970,1,-0.194,0,A,30,14,0.0,stuck,486,10429.2,158204
971,300,-51.335,0,A,14,14,0.0,,486,10441.8,158504
972,1,-0.193,0,A,14,22,0.0,stuck,487,10441.8,158505
973,300,-45.962,0,A,22,22,0.0,,487,10454.4,158805
974,1,-0.173,0,A,22,15,0.0,stuck,488,10454.5,158806
975,300,-24.942,0,A,15,15,0.0,,488,10467.3,159106
976,55,-12.532,0,A,15,22,0.0,stuck,489,10469.6,159161
977,300,-44.779,0,A,22,22,0.0,,489,10482.3,159461
978,1,-0.169,0,A,22,7,0.0,stuck,490,10482.3,159462
979,300,-60.683,0,A,7,7,0.0,,490,10494.9,159762
980,49,-9.928,0,A,7,23,0.0,escape,491,10496.9,159811
981,184,-40.7,0,A,23,14,0.0,escape,492,10504.6,159995
982,300,-50.96,0,A,14,14,0.0,,492,10517.8,160295
983,1,-0.193,0,A,14,23,0.0,stuck,493,10517.9,160296
984,300,-54.409,0,A,23,15,0.0,,493,10530.7,160596
985,161,-30.876,0,A,15,6,0.0,stuck,494,10537.5,160757
986,300,-57.094,0,A,6,15,0.0,,494,10550.3,161057
987,50,-10.816,0,A,15,22,0.0,stuck,495,10552.4,161107
988,300,-46.261,0,A,22,22,0.0,,495,10565.1,161407
989,1,-0.173,0,A,22,23,0.0,stuck,496,10565.2,161408
990,300,-19.806,0,A,23,7,0.0,,496,10577.9,161708
991,81,-14.864,0,A,7,15,0.0,escape,497,10581.3,161789
992,91,-13.86,0,A,15,22,0.0,escape,498,10585.2,161880
993,300,-48.916,0,A,22,22,0.0,,498,10597.7,162180
994,1,-0.18,0,A,22,22,0.0,stuck,499,10597.7,162181
995,300,-46.495,0,A,22,22,0.0,,499,10610.4,162481
996,1,-0.177,0,A,22,14,0.0,stuck,500,10610.5,162482
997,300,-49.392,0,A,14,14,0.0,,500,10623.0,162782
998,1,-0.189,0,A,14,22,0.0,stuck,501,10623.1,162783
999,300,-44.423,0,A,22,22,0.0,,501,10635.8,163083
1000,1,-0.164,0,A,22,15,0.0,stuck,502,10635.8,163084
1001,300,-26.122,0,A,15,15,0.0,,502,10648.6,163384
1002,44,-9.661,0,A,15,22,0.0,stuck,503,10650.4,163428
1003,300,-49.135,0,A,22,22,0.0,,503,10662.8,163728
1004,1,-0.186,0,A,22,22,0.0,stuck,504,10662.9,163729
1005,300,-49.179,0,A,22,22,0.0,,504,10675.4,164029
1006,1,-0.186,0,A,22,22,0.0,stuck,505,10675.5,164030
1007,248,-45.56,0,A,22,22,0.0,escape,506,10686.0,164278
1008,300,-51.284,0,A,22,22,0.0,,506,10698.5,164578
1009,1,-0.199,0,A,22,14,0.0,stuck,507,10698.5,164579
1010,300,-70.997,0,A,14,23,0.0,,507,10711.3,164879
1011,107,-20.463,0,A,23,22,0.0,stuck,508,10715.8,164986
1012,109,-22.087,0,A,22,6,0.0,escape,509,10720.4,165095
1013,300,-44.999,0,A,6,6,0.0,,509,10733.0,165395
1014,1,-0.172,0,A,6,13,0.0,stuck,510,10733.0,165396
1015,300,-42.026,0,A,13,13,0.0,,510,10745.8,165696
1016,1,-0.159,0,A,13,14,0.0,stuck,511,10745.8,165697
1017,300,-65.277,0,A,14,30,0.0,,511,10758.4,165997
1018,226,-35.99,0,A,30,22,0.0,stuck,512,10768.0,166223
1019,300,-44.33,0,A,22,22,0.0,,512,10780.6,166523
1020,1,-0.17,0,A,22,22,0.0,stuck,513,10780.7,166524
1021,73,-16.796,0,A,22,14,0.0,escape,514,10783.8,166597
1022,300,-41.932,0,A,14,14,0.0,,514,10796.3,166897
1023,1,-0.164,0,A,14,14,0.0,stuck,515,10796.4,166898
1024,300,-43.555,0,A,14,14,0.0,,515,10809.1,167198
1025,1,-0.168,0,A,14,13,0.0,stuck,516,10809.2,167199
1026,300,-41.772,0,A,13,13,0.0,,516,10821.8,167499
1027,1,-0.153,0,A,13,22,0.0,stuck,517,10821.8,167500
1028,300,-48.111,0,A,22,22,0.0,,517,10834.4,167800
1029,1,-0.188,0,A,22,14,0.0,stuck,518,10834.5,167801
1030,300,-43.871,0,A,14,14,0.0,,518,10847.0,168101
1031,1,-0.169,0,A,14,21,0.0,stuck,519,10847.1,168102
1032,300,-43.987,0,A,21,21,0.0,,519,10859.7,168402
1033,1,-0.158,0,A,21,22,0.0,stuck,520,10859.8,168403
1034,300,-47.518,0,A,22,22,0.0,,520,10872.3,168703
1035,1,-0.19,0,A,22,22,0.0,stuck,521,10872.4,168704
1036,300,-47.337,0,A,22,22,0.0,,521,10885.1,169004
1037,1,-0.182,0,A,22,14,0.0,stuck,522,10885.1,169005
1038,300,-43.561,0,A,14,13,0.0,,522,10897.8,169305
1039,1,-0.159,0,A,13,22,0.0,stuck,523,10897.8,169306
1040,300,-43.489,0,A,22,22,0.0,,523,10910.3,169606
1041,1,-0.159,0,A,22,22,0.0,stuck,524,10910.4,169607
1042,300,-46.825,0,A,22,22,0.0,,524,10923.1,169907
1043,1,-0.184,0,A,22,22,0.0,stuck,525,10923.1,169908
1044,300,-43.276,0,A,22,22,0.0,,525,10935.6,170208
1045,1,-0.161,0,A,22,14,0.0,stuck,526,10935.7,170209
1046,183,-45.66,0,A,14,14,0.0,escape,527,10943.5,170392
1047,300,-62.242,0,A,14,15,0.0,,527,10956.4,170692
1048,49,-12.516,0,A,15,15,0.0,stuck,528,10958.5,170741
1049,268,-76.497,0,A,15,14,0.0,escape,529,10969.9,171009
1050,300,-48.326,0,A,14,14,0.0,,529,10982.5,171309
1051,1,-0.19,0,A,14,22,0.0,stuck,530,10982.5,171310
1052,300,-78.077,0,A,22,23,0.0,,530,10995.2,171610
1053,42,-8.883,0,A,23,22,0.0,stuck,531,10996.9,171652
1054,300,-45.677,0,A,22,22,0.0,,531,11009.5,171952
1055,1,-0.17,0,A,22,15,0.0,stuck,532,11009.6,171953
1056,300,-32.332,0,A,15,15,0.0,,532,11022.2,172253
1057,92,-11.263,0,A,15,22,0.0,stuck,533,11026.0,172345
1058,300,-44.142,0,A,22,22,0.0,,533,11038.6,172645
1059,1,-0.163,0,A,22,21,0.0,stuck,534,11038.7,172646
1060,300,-42.636,0,A,21,21,0.0,,534,11051.2,172946
1061,1,-0.155,0,A,21,14,0.0,stuck,535,11051.3,172947
1062,300,-34.576,0,A,14,15,0.0,,535,11063.9,173247
1063,63,-13.918,0,A,15,23,0.0,stuck,536,11066.6,173310
1064,300,-54.715,0,A,23,30,0.0,,536,11079.2,173610
1065,17,-2.962,0,A,30,13,0.0,stuck,537,11079.9,173627
1066,300,-42.336,0,A,13,13,0.0,,537,11092.8,173927
1067,1,-0.154,0,A,13,30,0.0,stuck,538,11092.9,173928
1068,300,-48.338,0,A,30,30,0.0,,538,11105.6,174228
1069,1,-0.186,0,A,30,14,0.0,stuck,539,11105.6,174229
1070,300,-71.346,0,A,14,15,0.0,,539,11118.2,174529
1071,224,-38.894,0,A,15,23,0.0,escape,540,11127.6,174753
1072,300,-58.544,0,A,23,31,0.0,,540,11215.0,175053
1073,41,-8.859,0,A,31,14,0.0,stuck,541,11216.6,175094
1074,300,-19.426,0,A,14,15,0.0,,541,11229.4,175394
1075,300,-67.206,0,A,15,15,0.0,,541,11242.0,175694
1076,3,-0.704,0,A,15,22,0.0,stuck,542,11242.1,175697
1077,300,-37.891,0,A,22,3,0.0,,542,11254.6,175997
1078,130,-3.218,1,B,3,2,0.0,,542,11260.0,176127
1079,300,-49.463,0,B,2,1,0.0,,542,11272.3,176427
1080,3,-0.54,0,B,1,9,0.0,stuck,543,11272.5,176430
1081,300,-48.796,0,B,9,9,0.0,,543,11284.9,176730
1082,1,-0.178,0,B,9,9,0.0,stuck,544,11284.9,176731
1083,300,-45.875,0,B,9,9,0.0,,544,11297.2,177031
1084,1,-0.164,0,B,9,9,0.0,stuck,545,11297.3,177032
1085,300,-48.536,0,B,9,9,0.0,,545,11309.4,177332
1086,1,-0.187,0,B,9,9,0.0,stuck,546,11309.5,177333
1087,300,-48.641,0,B,9,9,0.0,,546,11321.2,177633
1088,1,-0.186,0,B,9,17,0.0,stuck,547,11321.2,177634
1089,300,-48.021,0,B,17,17,0.0,,547,11333.2,177934
1090,1,-0.183,0,B,17,9,0.0,stuck,548,11333.2,177935
1091,300,-47.884,0,B,9,9,0.0,,548,11345.1,178235
1092,1,-0.175,0,B,9,16,0.0,stuck,549,11345.2,178236
1093,300,-55.799,0,B,16,16,0.0,,549,11357.0,178536
1094,1,-0.207,0,B,16,9,0.0,stuck,550,11357.0,178537
1095,300,-55.229,0,B,9,9,0.0,,550,11368.9,178837
1096,1,-0.198,0,B,9,17,0.0,stuck,551,11369.0,178838
1097,300,-48.75,0,B,17,17,0.0,,551,11381.4,179138
1098,1,-0.18,0,B,17,25,0.0,stuck,552,11381.4,179139
1099,300,-49.867,0,B,25,25,0.0,,552,11393.9,179439
1100,1,-0.189,0,B,25,9,0.0,stuck,553,11394.0,179440
1101,300,-62.547,0,B,9,24,0.0,,553,11406.7,179740
1102,227,-43.059,0,B,24,17,0.0,stuck,554,11416.2,179967
1103,300,-53.08,0,B,17,8,0.0,,554,11428.7,180267
1104,227,-39.408,0,B,8,16,0.0,stuck,555,11437.9,180494
1105,300,-53.182,0,B,16,16,0.0,,555,11450.2,180794
1106,1,-0.214,0,B,16,1,0.0,stuck,556,11450.2,180795
1107,300,-48.334,0,B,1,1,0.0,,556,11462.7,181095
1108,1,-0.191,0,B,1,17,0.0,stuck,557,11462.8,181096
1109,300,-44.602,0,B,17,17,0.0,,557,11475.0,181396
1110,1,-0.173,0,B,17,16,0.0,stuck,558,11475.0,181397
1111,300,-50.659,0,B,16,16,0.0,,558,11487.2,181697
1112,1,-0.202,0,B,16,9,0.0,stuck,559,11487.3,181698
1113,300,-45.593,0,B,9,9,0.0,,559,11499.5,181998
1114,1,-0.177,0,B,9,8,0.0,stuck,560,11499.5,181999
1115,300,-52.468,0,B,8,8,0.0,,560,11512.1,182299
1116,1,-0.21,0,B,8,9,0.0,stuck,561,11512.1,182300
1117,300,-47.517,0,B,9,9,0.0,,561,11524.8,182600
1118,1,-0.187,0,B,9,9,0.0,stuck,562,11524.9,182601
1119,300,-50.263,0,B,9,9,0.0,,562,11537.9,182901
1120,1,-0.2,0,B,9,16,0.0,stuck,563,11537.9,182902
1121,300,-54.9,0,B,16,16,0.0,,563,11551.4,183202
1122,1,-0.213,0,B,16,9,0.0,stuck,564,11551.4,183203
1123,300,-46.717,0,B,9,9,0.0,,564,11563.9,183503
1124,1,-0.182,0,B,9,9,0.0,stuck,565,11564.0,183504
1125,300,-49.293,0,B,9,9,0.0,,565,11576.8,183804
1126,1,-0.196,0,B,9,1,0.0,stuck,566,11576.9,183805
1127,300,-51.843,0,B,1,1,0.0,,566,11589.3,184105
1128,1,-0.201,0,B,1,18,0.0,stuck,567,11589.3,184106
1129,300,-41.342,0,B,18,18,0.0,,567,11601.8,184406
1130,1,-0.153,0,B,18,17,0.0,stuck,568,11601.8,184407
1131,300,-43.918,0,B,17,17,0.0,,568,11614.4,184707
1132,1,-0.165,0,B,17,10,0.0,stuck,569,11614.4,184708
1133,300,-40.364,0,B,10,10,0.0,,569,11627.0,185008
1134,1,-0.154,0,B,10,17,0.0,stuck,570,11627.0,185009
1135,300,-46.609,0,B,17,17,0.0,,570,11639.7,185309
1136,1,-0.182,0,B,17,1,0.0,stuck,571,11639.7,185310
1137,300,-51.441,0,B,1,1,0.0,,571,11652.3,185610
1138,1,-0.202,0,B,1,1,0.0,stuck,572,11652.3,185611
1139,300,-48.255,0,B,1,1,0.0,,572,11664.8,185911
1140,1,-0.189,0,B,1,8,0.0,stuck,573,11664.8,185912
1141,300,-53.621,0,B,8,8,0.0,,573,11677.5,186212
1142,1,-0.214,0,B,8,9,0.0,stuck,574,11677.6,186213
1143,300,-48.462,0,B,9,9,0.0,,574,11690.0,186513
1144,1,-0.186,0,B,9,17,0.0,stuck,575,11690.1,186514
1145,300,-43.981,0,B,17,17,0.0,,575,11702.6,186814
1146,1,-0.17,0,B,17,16,0.0,stuck,576,11702.6,186815
1147,300,-52.262,0,B,16,16,0.0,,576,11715.1,187115
1148,1,-0.206,0,B,16,17,0.0,stuck,577,11715.1,187116
1149,300,-41.546,0,B,17,17,0.0,,577,11727.7,187416
1150,1,-0.159,0,B,17,8,0.0,stuck,578,11727.7,187417
1151,300,-52.476,0,B,8,8,0.0,,578,11740.3,187717
1152,1,-0.201,0,B,8,17,0.0,stuck,579,11740.3,187718
1153,300,-43.639,0,B,17,17,0.0,,579,11752.8,188018
1154,1,-0.163,0,B,17,9,0.0,stuck,580,11752.8,188019
1155,300,-47.433,0,B,9,9,0.0,,580,11765.4,188319
1156,1,-0.173,0,B,9,8,0.0,stuck,581,11765.4,188320
1157,300,-53.597,0,B,8,8,0.0,,581,11778.1,188620
1158,1,-0.206,0,B,8,1,0.0,stuck,582,11778.1,188621
1159,300,-55.412,0,B,1,1,0.0,,582,11790.7,188921
1160,1,-0.2,0,B,1,9,0.0,stuck,583,11790.8,188922
1161,300,-47.767,0,B,9,9,0.0,,583,11803.3,189222
1162,1,-0.171,0,B,9,9,0.0,stuck,584,11803.3,189223
1163,300,-49.365,0,B,9,9,0.0,,584,11815.8,189523
1164,1,-0.178,0,B,9,9,0.0,stuck,585,11815.9,189524
1165,300,-54.425,0,B,9,9,0.0,,585,11828.6,189824
1166,1,-0.182,0,B,9,10,0.0,stuck,586,11828.6,189825
1167,300,-49.373,0,B,10,10,0.0,,586,11841.2,190125
1168,1,-0.16,0,B,10,24,0.0,stuck,587,11841.3,190126
1169,300,-52.631,0,B,24,24,0.0,,587,11853.8,190426
1170,1,-0.203,0,B,24,25,0.0,stuck,588,11853.9,190427
1171,300,-46.707,0,B,25,25,0.0,,588,11866.3,190727
1172,1,-0.17,0,B,25,9,0.0,stuck,589,11866.4,190728
1173,300,-52.118,0,B,9,9,0.0,,589,11878.9,191028
1174,1,-0.198,0,B,9,18,0.0,stuck,590,11879.0,191029
1175,300,-43.151,0,B,18,18,0.0,,590,11891.4,191329
1176,1,-0.157,0,B,18,17,0.0,stuck,591,11891.4,191330
1177,300,-52.009,0,B,17,17,0.0,,591,11903.9,191630
1178,1,-0.2,0,B,17,18,0.0,stuck,592,11903.9,191631
1179,300,-44.816,0,B,18,18,0.0,,592,11916.5,191931
1180,1,-0.154,0,B,18,24,0.0,stuck,593,11916.6,191932
1181,300,-52.052,0,B,24,24,0.0,,593,11929.1,192232
1182,1,-0.206,0,B,24,9,0.0,stuck,594,11929.2,192233
1183,300,-43.547,0,B,9,9,0.0,,594,11941.8,192533
1184,1,-0.161,0,B,9,9,0.0,stuck,595,11941.8,192534
1185,300,-51.409,0,B,9,9,0.0,,595,11954.3,192834
1186,1,-0.195,0,B,9,9,0.0,stuck,596,11954.4,192835
1187,300,-50.151,0,B,9,9,0.0,,596,11967.2,193135
1188,1,-0.192,0,B,9,25,0.0,stuck,597,11967.2,193136
1189,300,-48.654,0,B,25,25,0.0,,597,11979.7,193436
1190,1,-0.189,0,B,25,25,0.0,stuck,598,11979.7,193437
1191,300,-45.046,0,B,25,25,0.0,,598,11994.5,193737
1192,1,-0.175,0,B,25,17,0.0,stuck,599,11994.6,193738
1193,300,-43.284,0,B,17,17,0.0,,599,12007.2,194038
1194,1,-0.171,0,B,17,17,0.0,stuck,600,12007.3,194039
1195,300,-51.199,0,B,17,17,0.0,,600,12019.8,194339
1196,1,-0.201,0,B,17,17,0.0,stuck,601,12019.9,194340
1197,300,-57.177,0,B,17,17,0.0,,601,12032.3,194640
1198,1,-0.201,0,B,17,8,0.0,stuck,602,12032.4,194641
1199,300,-59.824,0,B,8,8,0.0,,602,12045.4,194941
1200,1,-0.203,0,B,8,25,0.0,stuck,603,12045.5,194942
1201,300,-57.72,0,B,25,25,0.0,,603,12058.0,195242
1202,1,-0.198,0,B,25,17,0.0,stuck,604,12058.0,195243
1203,300,-51.494,0,B,17,17,0.0,,604,12070.6,195543
1204,1,-0.186,0,B,17,9,0.0,stuck,605,12070.6,195544
1205,300,-49.039,0,B,9,9,0.0,,605,12083.1,195844
1206,1,-0.169,0,B,9,8,0.0,stuck,606,12083.2,195845
1207,300,-56.521,0,B,8,8,0.0,,606,12095.7,196145
1208,1,-0.21,0,B,8,17,0.0,stuck,607,12095.7,196146
1209,300,-55.685,0,B,17,17,0.0,,607,12108.3,196446
1210,1,-0.193,0,B,17,17,0.0,stuck,608,12108.3,196447
1211,300,-58.484,0,B,17,17,0.0,,608,12120.9,196747
1212,1,-0.199,0,B,17,25,0.0,stuck,609,12120.9,196748
1213,300,-52.5,0,B,25,25,0.0,,609,12133.3,197048
1214,1,-0.172,0,B,25,17,0.0,stuck,610,12133.3,197049
1215,300,-56.124,0,B,17,17,0.0,,610,12145.9,197349
1216,1,-0.191,0,B,17,25,0.0,stuck,611,12146.0,197350
1217,300,-56.371,0,B,25,25,0.0,,611,12158.5,197650
1218,1,-0.193,0,B,25,1,0.0,stuck,612,12158.6,197651
1219,300,-55.933,0,B,1,1,0.0,,612,12171.0,197951
1220,1,-0.2,0,B,1,9,0.0,stuck,613,12171.0,197952
1221,300,-49.496,0,B,9,9,0.0,,613,12183.6,198252
1222,1,-0.177,0,B,9,8,0.0,stuck,614,12183.7,198253
1223,300,-55.505,0,B,8,8,0.0,,614,12196.2,198553
1224,1,-0.202,0,B,8,17,0.0,stuck,615,12196.2,198554
1225,300,-49.422,0,B,17,17,0.0,,615,12208.8,198854
1226,1,-0.163,0,B,17,8,0.0,stuck,616,12208.9,198855
1227,300,-55.272,0,B,8,8,0.0,,616,12221.4,199155
1228,1,-0.206,0,B,8,1,0.0,stuck,617,12221.4,199156
1229,300,-50.032,0,B,1,1,0.0,,617,12234.0,199456
1230,1,-0.183,0,B,1,17,0.0,stuck,618,12234.0,199457
1231,300,-54.147,0,B,17,17,0.0,,618,12246.7,199757
1232,1,-0.18,0,B,17,17,0.0,stuck,619,12246.7,199758
1233,300,-49.947,0,B,17,17,0.0,,619,12335.1,200058
1234,1,-0.169,0,B,17,16,0.0,stuck,620,12335.1,200059
1235,300,-58.973,0,B,16,16,0.0,,620,12347.6,200359
1236,1,-0.212,0,B,16,8,0.0,stuck,621,12347.6,200360
1237,300,-59.072,0,B,8,8,0.0,,621,12360.2,200660
1238,1,-0.215,0,B,8,17,0.0,stuck,622,12360.2,200661
1239,300,-57.804,0,B,17,17,0.0,,622,12372.8,200961
1240,1,-0.202,0,B,17,9,0.0,stuck,623,12372.9,200962
1241,300,-53.97,0,B,9,9,0.0,,623,12385.5,201262
1242,1,-0.179,0,B,9,17,0.0,stuck,624,12385.5,201263
1243,300,-53.17,0,B,17,17,0.0,,624,12398.1,201563
1244,1,-0.177,0,B,17,17,0.0,stuck,625,12398.1,201564
1245,300,-54.367,0,B,17,17,0.0,,625,12410.7,201864
1246,1,-0.176,0,B,17,17,0.0,stuck,626,12410.7,201865
1247,300,-54.912,0,B,17,17,0.0,,626,12423.3,202165
1248,1,-0.171,0,B,17,17,0.0,stuck,627,12423.4,202166
1249,300,-52.923,0,B,17,17,0.0,,627,12436.0,202466
1250,1,-0.167,0,B,17,24,0.0,stuck,628,12436.0,202467
1251,300,-61.453,0,B,24,24,0.0,,628,12448.6,202767
1252,1,-0.204,0,B,24,10,0.0,stuck,629,12448.7,202768
1253,300,-48.68,0,B,10,2,0.0,,629,12461.1,203068
1254,300,-39.203,0,B,2,4,0.0,,629,12473.4,203368
1255,199,-21.275,0,B,4,25,0.0,stuck,630,12481.4,203567
1256,300,-57.878,0,B,25,25,0.0,,630,12493.7,203867
1257,1,-0.191,0,B,25,9,0.0,stuck,631,12493.8,203868
1258,300,-55.374,0,B,9,9,0.0,,631,12505.8,204168
1259,1,-0.184,0,B,9,9,0.0,stuck,632,12505.8,204169
1260,300,-57.26,0,B,9,9,0.0,,632,12517.7,204469
1261,1,-0.175,0,B,9,8,0.0,stuck,633,12517.7,204470
1262,300,-56.514,0,B,8,8,0.0,,633,12529.6,204770
1263,1,-0.203,0,B,8,17,0.0,stuck,634,12529.6,204771
1264,300,-52.874,0,B,17,17,0.0,,634,12541.8,205071
1265,1,-0.18,0,B,17,18,0.0,stuck,635,12541.8,205072
1266,300,-44.935,0,B,18,10,0.0,,635,12554.2,205372
1267,1,-0.158,0,B,10,18,0.0,stuck,636,12554.2,205373
1268,300,-46.42,0,B,18,18,0.0,,636,12566.7,205673
1269,1,-0.155,0,B,18,8,0.0,stuck,637,12566.8,205674
1270,300,-56.759,0,B,8,8,0.0,,637,12579.3,205974
1271,1,-0.214,0,B,8,9,0.0,stuck,638,12579.4,205975
1272,300,-55.771,0,B,9,9,0.0,,638,12592.0,206275
1273,1,-0.197,0,B,9,8,0.0,stuck,639,12592.1,206276
1274,300,-58.744,0,B,8,8,0.0,,639,12604.6,206576
1275,1,-0.217,0,B,8,1,0.0,stuck,640,12604.7,206577
1276,300,-59.14,0,B,1,1,0.0,,640,12617.0,206877
1277,1,-0.197,0,B,1,9,0.0,stuck,641,12617.0,206878
1278,300,-53.775,0,B,9,9,0.0,,641,12629.2,207178
1279,1,-0.173,0,B,9,8,0.0,stuck,642,12629.2,207179
1280,300,-59.195,0,B,8,8,0.0,,642,12641.4,207479
1281,1,-0.205,0,B,8,9,0.0,stuck,643,12641.5,207480
1282,300,-67.281,0,B,9,18,0.0,,643,12653.8,207780
1283,300,-63.66,0,B,18,10,0.0,,643,12666.1,208080
1284,298,-41.703,0,B,10,16,0.0,stuck,644,12678.2,208378
1285,300,-65.832,0,B,16,16,0.0,,644,12690.6,208678
1286,1,-0.215,0,B,16,17,0.0,stuck,645,12690.7,208679
1287,300,-56.962,0,B,17,17,0.0,,645,12703.3,208979
1288,1,-0.16,0,B,17,9,0.0,stuck,646,12703.3,208980
1289,300,-59.527,0,B,9,9,0.0,,646,12715.9,209280
1290,1,-0.169,0,B,9,17,0.0,stuck,647,12715.9,209281
1291,300,-61.822,0,B,17,17,0.0,,647,12728.6,209581
1292,1,-0.18,0,B,17,9,0.0,stuck,648,12728.6,209582
1293,300,-58.866,0,B,9,9,0.0,,648,12741.3,209882
1294,1,-0.185,0,B,9,9,0.0,stuck,649,12741.3,209883
1295,300,-62.623,0,B,9,9,0.0,,649,12753.9,210183
1296,1,-0.167,0,B,9,16,0.0,stuck,650,12753.9,210184
1297,300,-43.875,0,B,16,20,0.0,,650,12766.6,210484
1298,116,-9.236,0,B,20,9,0.0,stuck,651,12771.4,210600
1299,198,-35.309,0,B,9,17,0.0,escape,652,12779.6,210798
1300,190,-34.227,0,B,17,17,0.0,escape,653,12787.6,210988
1301,300,-51.175,0,B,17,17,0.0,,653,12800.3,211288
1302,1,-0.197,0,B,17,9,0.0,stuck,654,12800.3,211289
1303,300,-49.473,0,B,9,9,0.0,,654,12812.8,211589
1304,1,-0.189,0,B,9,9,0.0,stuck,655,12812.8,211590
1305,300,-44.126,0,B,9,9,0.0,,655,12825.5,211890
1306,1,-0.171,0,B,9,9,0.0,stuck,656,12825.6,211891
1307,300,-49.151,0,B,9,9,0.0,,656,12838.2,212191
1308,1,-0.198,0,B,9,17,0.0,stuck,657,12838.2,212192
1309,300,-50.645,0,B,17,17,0.0,,657,12850.8,212492
1310,1,-0.197,0,B,17,16,0.0,stuck,658,12850.8,212493
1311,300,-56.597,0,B,16,16,0.0,,658,12863.4,212793
1312,1,-0.204,0,B,16,17,0.0,stuck,659,12863.4,212794
1313,300,-44.457,0,B,17,17,0.0,,659,12876.1,213094
1314,1,-0.172,0,B,17,17,0.0,stuck,660,12876.1,213095
1315,300,-49.178,0,B,17,17,0.0,,660,12888.5,213395
1316,1,-0.186,0,B,17,17,0.0,stuck,661,12888.6,213396
1317,300,-46.747,0,B,17,17,0.0,,661,12901.2,213696
1318,1,-0.181,0,B,17,17,0.0,stuck,662,12901.3,213697
1319,300,-50.622,0,B,17,17,0.0,,662,12913.8,213997
1320,1,-0.196,0,B,17,17,0.0,stuck,663,12913.9,213998
1321,300,-44.178,0,B,17,17,0.0,,663,12926.4,214298
1322,1,-0.169,0,B,17,9,0.0,stuck,664,12926.4,214299
1323,300,-45.825,0,B,9,9,0.0,,664,12939.0,214599
1324,1,-0.18,0,B,9,17,0.0,stuck,665,12939.0,214600
1325,300,-43.763,0,B,17,17,0.0,,665,12951.6,214900
1326,1,-0.17,0,B,17,8,0.0,stuck,666,12951.6,214901
1327,300,-53.991,0,B,8,8,0.0,,666,12964.2,215201
1328,1,-0.214,0,B,8,9,0.0,stuck,667,12964.2,215202
1329,300,-47.651,0,B,9,9,0.0,,667,12976.7,215502
1330,1,-0.19,0,B,9,16,0.0,stuck,668,12976.7,215503
1331,300,-53.842,0,B,16,16,0.0,,668,12989.3,215803
1332,1,-0.216,0,B,16,8,0.0,stuck,669,12989.3,215804
1333,300,-51.554,0,B,8,8,0.0,,669,13001.8,216104
1334,1,-0.209,0,B,8,17,0.0,stuck,670,13001.8,216105
1335,300,-47.139,0,B,17,17,0.0,,670,13014.4,216405
1336,1,-0.18,0,B,17,9,0.0,stuck,671,13014.4,216406
1337,300,-48.694,0,B,9,9,0.0,,671,13026.9,216706
1338,1,-0.198,0,B,9,17,0.0,stuck,672,13027.0,216707
1339,300,-47.657,0,B,17,17,0.0,,672,13039.5,217007
1340,1,-0.184,0,B,17,24,0.0,stuck,673,13039.5,217008
1341,300,-51.315,0,B,24,24,0.0,,673,13052.1,217308
1342,1,-0.205,0,B,24,17,0.0,stuck,674,13052.1,217309
1343,300,-43.579,0,B,17,17,0.0,,674,13064.6,217609
1344,1,-0.162,0,B,17,17,0.0,stuck,675,13064.7,217610
1345,300,-42.516,0,B,17,17,0.0,,675,13077.1,217910
1346,1,-0.16,0,B,17,16,0.0,stuck,676,13077.1,217911
1347,300,-50.734,0,B,16,16,0.0,,676,13089.7,218211
1348,1,-0.202,0,B,16,17,0.0,stuck,677,13089.7,218212
1349,300,-44.784,0,B,17,17,0.0,,677,13102.2,218512
1350,1,-0.17,0,B,17,9,0.0,stuck,678,13102.3,218513
1351,300,-47.926,0,B,9,9,0.0,,678,13114.7,218813
1352,1,-0.184,0,B,9,16,0.0,stuck,679,13114.8,218814
1353,300,-53.768,0,B,16,16,0.0,,679,13127.3,219114
1354,1,-0.209,0,B,16,9,0.0,stuck,680,13127.3,219115
1355,300,-48.293,0,B,9,9,0.0,,680,13139.8,219415
1356,1,-0.181,0,B,9,17,0.0,stuck,681,13139.8,219416
1357,300,-45.964,0,B,17,17,0.0,,681,13152.3,219716
1358,1,-0.176,0,B,17,9,0.0,stuck,682,13152.4,219717
1359,300,-44.738,0,B,9,9,0.0,,682,13164.9,220017
1360,1,-0.164,0,B,9,16,0.0,stuck,683,13164.9,220018
1361,300,-55.799,0,B,16,16,0.0,,683,13177.4,220318
1362,1,-0.22,0,B,16,9,0.0,stuck,684,13177.5,220319
1363,300,-49.238,0,B,9,9,0.0,,684,13190.4,220619
1364,1,-0.187,0,B,9,10,0.0,stuck,685,13190.4,220620
1365,300,-44.041,0,B,10,10,0.0,,685,13202.8,220920
1366,1,-0.156,0,B,10,9,0.0,stuck,686,13202.8,220921
1367,300,-47.468,0,B,9,9,0.0,,686,13215.3,221221
1368,1,-0.184,0,B,9,9,0.0,stuck,687,13215.3,221222
1369,300,-51.16,0,B,9,9,0.0,,687,13227.7,221522
1370,1,-0.198,0,B,9,25,0.0,stuck,688,13227.8,221523
1371,300,-55.743,0,B,25,25,0.0,,688,13240.3,221823
1372,1,-0.191,0,B,25,18,0.0,stuck,689,13240.3,221824
1373,300,-42.564,0,B,18,18,0.0,,689,13252.9,222124
1374,1,-0.152,0,B,18,17,0.0,stuck,690,13252.9,222125
1375,300,-49.616,0,B,17,17,0.0,,690,13265.7,222425
1376,1,-0.199,0,B,17,9,0.0,stuck,691,13265.7,222426
1377,300,-43.485,0,B,9,9,0.0,,691,13278.3,222726
1378,1,-0.16,0,B,9,10,0.0,stuck,692,13278.3,222727
1379,300,-42.511,0,B,10,10,0.0,,692,13291.0,223027
1380,1,-0.154,0,B,10,16,0.0,stuck,693,13291.0,223028
1381,300,-54.056,0,B,16,16,0.0,,693,13303.5,223328
1382,1,-0.207,0,B,16,9,0.0,stuck,694,13303.5,223329
1383,300,-55.547,0,B,9,9,0.0,,694,13316.1,223629
1384,1,-0.198,0,B,9,8,0.0,stuck,695,13316.1,223630
1385,300,-56.622,0,B,8,16,0.0,,695,13328.8,223930
1386,173,-34.65,0,B,16,16,0.0,stuck,696,13336.0,224103
1387,300,-58.451,0,B,16,16,0.0,,696,13348.6,224403
1388,1,-0.218,0,B,16,10,0.0,stuck,697,13348.7,224404
1389,300,-44.589,0,B,10,10,0.0,,697,13361.3,224704
1390,1,-0.156,0,B,10,9,0.0,stuck,698,13361.3,224705
1391,300,-41.716,0,B,9,18,0.0,,698,13448.4,225005
1392,113,-13.86,0,B,18,9,0.0,stuck,699,13453.2,225118
1393,300,-44.016,0,B,9,9,0.0,,699,13465.8,225418
1394,1,-0.161,0,B,9,25,0.0,stuck,700,13465.8,225419
1395,300,-55.527,0,B,25,16,0.0,,700,13478.3,225719
1396,283,-60.443,0,B,16,8,0.0,stuck,701,13490.2,226002
1397,300,-52.719,0,B,8,29,0.0,,701,13502.7,226302
1398,280,-23.157,0,B,29,25,0.0,stuck,702,13514.4,226582
1399,300,-61.788,0,B,25,25,0.0,,702,13527.0,226882
1400,1,-0.194,0,B,25,1,0.0,stuck,703,13527.1,226883
1401,300,-61.756,0,B,1,1,0.0,,703,13539.5,227183
1402,1,-0.187,0,B,1,9,0.0,stuck,704,13539.6,227184
1403,300,-33.585,0,B,9,28,0.0,,704,13552.1,227484
1404,103,-8.149,0,B,28,9,0.0,stuck,705,13556.4,227587
1405,300,-52.98,0,B,9,10,0.0,,705,13568.9,227887
1406,1,-0.154,0,B,10,10,0.0,stuck,706,13568.9,227888
1407,300,-48.188,0,B,10,10,0.0,,706,13581.5,228188
1408,1,-0.156,0,B,10,9,0.0,stuck,707,13581.6,228189
1409,300,-49.907,0,B,9,9,0.0,,707,13594.1,228489
1410,1,-0.18,0,B,9,10,0.0,stuck,708,13594.2,228490
1411,300,-48.387,0,B,10,10,0.0,,708,13606.7,228790
1412,104,-14.423,0,B,10,16,0.0,escape,709,13611.1,228894
1413,300,-62.782,0,B,16,16,0.0,,709,13623.6,229194
1414,1,-0.208,0,B,16,17,0.0,stuck,710,13623.6,229195
1415,300,-58.251,0,B,17,17,0.0,,710,13635.4,229495
1416,1,-0.175,0,B,17,1,0.0,stuck,711,13635.4,229496
1417,300,-66.898,0,B,1,1,0.0,,711,13647.2,229796
1418,1,-0.197,0,B,1,9,0.0,stuck,712,13647.3,229797
1419,300,-54.486,0,B,9,9,0.0,,712,13659.1,230097
1420,1,-0.169,0,B,9,16,0.0,stuck,713,13659.2,230098
1421,300,-59.463,0,B,16,16,0.0,,713,13671.4,230398
1422,1,-0.205,0,B,16,24,0.0,stuck,714,13671.5,230399
1423,300,-54.601,0,B,24,24,0.0,,714,13683.6,230699
1424,1,-0.205,0,B,24,17,0.0,stuck,715,13683.6,230700
1425,300,-45.338,0,B,17,17,0.0,,715,13695.4,231000
1426,1,-0.167,0,B,17,17,0.0,stuck,716,13695.5,231001
1427,300,-43.305,0,B,17,17,0.0,,716,13708.0,231301
1428,1,-0.165,0,B,17,9,0.0,stuck,717,13708.0,231302
1429,300,-48.433,0,B,9,9,0.0,,717,13720.6,231602
1430,1,-0.191,0,B,9,18,0.0,stuck,718,13720.7,231603
1431,300,-42.094,0,B,18,18,0.0,,718,13733.1,231903
1432,1,-0.155,0,B,18,25,0.0,stuck,719,13733.2,231904
1433,300,-47.933,0,B,25,25,0.0,,719,13745.6,232204
1434,1,-0.186,0,B,25,18,0.0,stuck,720,13745.6,232205
1435,300,-42.117,0,B,18,18,0.0,,720,13758.1,232505
1436,1,-0.153,0,B,18,9,0.0,stuck,721,13758.1,232506
1437,300,-44.786,0,B,9,9,0.0,,721,13770.7,232806
1438,1,-0.171,0,B,9,17,0.0,stuck,722,13770.7,232807
1439,300,-44.35,0,B,17,17,0.0,,722,13783.2,233107
1440,1,-0.17,0,B,17,17,0.0,stuck,723,13783.2,233108
1441,300,-47.254,0,B,17,17,0.0,,723,13795.4,233408
1442,1,-0.189,0,B,17,8,0.0,stuck,724,13795.4,233409
1443,300,-52.769,0,B,8,8,0.0,,724,13807.5,233709
1444,1,-0.21,0,B,8,17,0.0,stuck,725,13807.5,233710
1445,300,-44.393,0,B,17,17,0.0,,725,13819.6,234010
1446,1,-0.172,0,B,17,17,0.0,stuck,726,13819.6,234011
1447,300,-43.522,0,B,17,17,0.0,,726,13832.1,234311
1448,1,-0.168,0,B,17,16,0.0,stuck,727,13832.2,234312
1449,300,-56.063,0,B,16,16,0.0,,727,13844.3,234612
1450,1,-0.219,0,B,16,25,0.0,stuck,728,13844.3,234613
1451,300,-48.4,0,B,25,25,0.0,,728,13856.3,234913
1452,1,-0.196,0,B,25,17,0.0,stuck,729,13856.4,234914
1453,300,-45.736,0,B,17,17,0.0,,729,13869.2,235214
1454,1,-0.183,0,B,17,9,0.0,stuck,730,13869.2,235215
1455,300,-47.455,0,B,9,9,0.0,,730,13881.6,235515
1456,1,-0.188,0,B,9,18,0.0,stuck,731,13881.7,235516
1457,300,-41.937,0,B,18,18,0.0,,731,13894.2,235816
1458,1,-0.158,0,B,18,9,0.0,stuck,732,13894.2,235817
1459,300,-46.373,0,B,9,9,0.0,,732,13906.6,236117
1460,1,-0.183,0,B,9,9,0.0,stuck,733,13906.7,236118
1461,300,-41.959,0,B,9,9,0.0,,733,13919.1,236418
1462,1,-0.16,0,B,9,16,0.0,stuck,734,13919.2,236419
1463,300,-54.125,0,B,16,16,0.0,,734,13931.7,236719
1464,1,-0.207,0,B,16,9,0.0,stuck,735,13931.8,236720
1465,300,-45.459,0,B,9,9,0.0,,735,13944.6,237020
1466,1,-0.181,0,B,9,17,0.0,stuck,736,13944.7,237021
1467,300,-52.333,0,B,17,17,0.0,,736,13957.3,237321
1468,1,-0.198,0,B,17,9,0.0,stuck,737,13957.3,237322
1469,300,-41.8,0,B,9,9,0.0,,737,13969.7,237622
1470,1,-0.162,0,B,9,17,0.0,stuck,738,13969.8,237623
1471,300,-42.005,0,B,17,17,0.0,,738,13982.3,237923
1472,1,-0.16,0,B,17,1,0.0,stuck,739,13982.3,237924
1473,300,-46.216,0,B,1,1,0.0,,739,13994.7,238224
1474,1,-0.181,0,B,1,8,0.0,stuck,740,13994.8,238225
1475,300,-55.972,0,B,8,8,0.0,,740,14007.1,238525
1476,1,-0.21,0,B,8,17,0.0,stuck,741,14007.2,238526
1477,300,-42.676,0,B,17,17,0.0,,741,14019.7,238826
1478,1,-0.164,0,B,17,9,0.0,stuck,742,14019.7,238827
1479,300,-43.125,0,B,9,9,0.0,,742,14032.2,239127
1480,1,-0.17,0,B,9,17,0.0,stuck,743,14032.2,239128
1481,300,-42.969,0,B,17,17,0.0,,743,14044.9,239428
1482,1,-0.165,0,B,17,8,0.0,stuck,744,14044.9,239429
1483,300,-54.524,0,B,8,8,0.0,,744,14057.4,239729
1484,1,-0.207,0,B,8,8,0.0,stuck,745,14057.4,239730
1485,300,-55.895,0,B,8,8,0.0,,745,14069.9,240030
1486,1,-0.216,0,B,8,9,0.0,stuck,746,14069.9,240031
1487,300,-43.755,0,B,9,9,0.0,,746,14082.4,240331
1488,1,-0.171,0,B,9,9,0.0,stuck,747,14082.4,240332
1489,300,-47.841,0,B,9,9,0.0,,747,14094.8,240632
1490,1,-0.191,0,B,9,9,0.0,stuck,748,14094.9,240633
1491,300,-41.687,0,B,9,9,0.0,,748,14107.6,240933
1492,1,-0.161,0,B,9,16,0.0,stuck,749,14107.6,240934
1493,300,-57.003,0,B,16,16,0.0,,749,14120.2,241234
1494,1,-0.213,0,B,16,9,0.0,stuck,750,14120.3,241235
1495,300,-50.731,0,B,9,9,0.0,,750,14132.7,241535
1496,1,-0.193,0,B,9,17,0.0,stuck,751,14132.8,241536
1497,300,-50.47,0,B,17,17,0.0,,751,14145.4,241836
1498,1,-0.183,0,B,17,9,0.0,stuck,752,14145.4,241837
1499,300,-56.552,0,B,9,9,0.0,,752,14157.9,242137
1500,1,-0.193,0,B,9,18,0.0,stuck,753,14158.0,242138
1501,300,-42.529,0,B,18,18,0.0,,753,14170.5,242438
1502,300,-35.136,0,B,18,19,0.0,,753,14182.9,242738
1503,4,-0.475,0,B,19,16,0.0,stuck,754,14183.1,242742
1504,300,-60.54,0,B,16,16,0.0,,754,14195.7,243042
1505,1,-0.203,0,B,16,8,0.0,stuck,755,14195.7,243043
1506,300,-56.033,0,B,8,8,0.0,,755,14208.2,243343
1507,1,-0.209,0,B,8,9,0.0,stuck,756,14208.3,243344
1508,300,-53.4,0,B,9,8,0.0,,756,14220.7,243644
1509,154,-34.519,0,B,8,9,0.0,stuck,757,14227.0,243798
1510,300,-53.535,0,B,9,9,0.0,,757,14239.7,244098
1511,1,-0.203,0,B,9,8,0.0,stuck,758,14239.7,244099
1512,300,-57.584,0,B,8,8,0.0,,758,14252.4,244399
1513,1,-0.216,0,B,8,9,0.0,stuck,759,14252.4,244400
1514,300,-43.634,0,B,9,9,0.0,,759,14264.9,244700
1515,1,-0.163,0,B,9,16,0.0,stuck,760,14264.9,244701
1516,300,-54.277,0,B,16,16,0.0,,760,14277.3,245001
1517,1,-0.21,0,B,16,17,0.0,stuck,761,14277.4,245002
1518,300,-47.02,0,B,17,17,0.0,,761,14289.8,245302
1519,1,-0.183,0,B,17,10,0.0,stuck,762,14289.8,245303
1520,300,-42.102,0,B,10,10,0.0,,762,14302.4,245603
1521,1,-0.152,0,B,10,17,0.0,stuck,763,14302.4,245604
1522,106,-18.008,0,B,17,25,0.0,escape,764,14306.8,245710
1523,167,-27.243,0,B,25,25,0.0,escape,765,14313.8,245877
1524,300,-46.026,0,B,25,25,0.0,,765,14326.2,246177
1525,1,-0.182,0,B,25,17,0.0,stuck,766,14326.3,246178
1526,300,-56.097,0,B,17,17,0.0,,766,14338.7,246478
1527,1,-0.198,0,B,17,9,0.0,stuck,767,14338.8,246479
1528,300,-46.79,0,B,9,9,0.0,,767,14351.2,246779
1529,1,-0.185,0,B,9,9,0.0,stuck,768,14351.2,246780
1530,300,-44.849,0,B,9,9,0.0,,768,14363.6,247080
1531,1,-0.17,0,B,9,9,0.0,stuck,769,14363.7,247081
1532,300,-45.415,0,B,9,9,0.0,,769,14376.1,247381
1533,1,-0.175,0,B,9,17,0.0,stuck,770,14376.2,247382
1534,300,-51.691,0,B,17,17,0.0,,770,14388.7,247682
1535,1,-0.191,0,B,17,18,0.0,stuck,771,14388.7,247683
1536,300,-42.77,0,B,18,18,0.0,,771,14401.0,247983
1537,1,-0.153,0,B,18,25,0.0,stuck,772,14401.1,247984
1538,300,-45.477,0,B,25,25,0.0,,772,14413.5,248284
1539,1,-0.173,0,B,25,9,0.0,stuck,773,14413.6,248285
1540,300,-44.308,0,B,9,9,0.0,,773,14426.2,248585
1541,1,-0.162,0,B,9,17,0.0,stuck,774,14426.2,248586
1542,300,-52.216,0,B,17,17,0.0,,774,14438.8,248886
1543,1,-0.196,0,B,17,8,0.0,stuck,775,14438.8,248887
1544,300,-53.843,0,B,8,8,0.0,,775,14451.3,249187
1545,1,-0.203,0,B,8,17,0.0,stuck,776,14451.3,249188
1546,300,-47.098,0,B,17,17,0.0,,776,14463.9,249488
1547,1,-0.188,0,B,17,18,0.0,stuck,777,14463.9,249489
1548,300,-41.282,0,B,18,18,0.0,,777,14476.5,249789
1549,1,-0.153,0,B,18,25,0.0,stuck,778,14476.6,249790
1550,300,-45.321,0,B,25,25,0.0,,778,14561.9,250090
1551,1,-0.169,0,B,25,9,0.0,stuck,779,14562.0,250091
1552,300,-51.085,0,B,9,9,0.0,,779,14574.4,250391
1553,1,-0.19,0,B,9,8,0.0,stuck,780,14574.5,250392
1554,300,-58.229,0,B,8,8,0.0,,780,14587.0,250692
1555,1,-0.218,0,B,8,17,0.0,stuck,781,14587.0,250693
1556,300,-48.883,0,B,17,17,0.0,,781,14599.5,250993
1557,1,-0.186,0,B,17,9,0.0,stuck,782,14599.5,250994
1558,300,-45.318,0,B,9,9,0.0,,782,14612.4,251294
1559,1,-0.174,0,B,9,9,0.0,stuck,783,14612.5,251295
1560,300,-47.332,0,B,9,9,0.0,,783,14625.1,251595
1561,1,-0.186,0,B,9,16,0.0,stuck,784,14625.2,251596
1562,300,-53.283,0,B,16,16,0.0,,784,14637.8,251896
1563,1,-0.215,0,B,16,0,0.0,stuck,785,14637.8,251897
1564,300,-51.396,0,B,0,0,0.0,,785,14650.4,252197
1565,1,-0.205,0,B,0,16,0.0,stuck,786,14650.4,252198
1566,300,-58.065,0,B,16,16,0.0,,786,14663.0,252498
1567,1,-0.214,0,B,16,17,0.0,stuck,787,14663.1,252499
1568,300,-57.927,0,B,17,17,0.0,,787,14675.9,252799
1569,1,-0.199,0,B,17,16,0.0,stuck,788,14675.9,252800
1570,300,-59.071,0,B,16,16,0.0,,788,14688.4,253100
1571,1,-0.206,0,B,16,17,0.0,stuck,789,14688.4,253101
1572,300,-60.571,0,B,17,17,0.0,,789,14700.9,253401
1573,1,-0.191,0,B,17,9,0.0,stuck,790,14701.0,253402
1574,300,-52.911,0,B,9,9,0.0,,790,14713.4,253702
1575,1,-0.177,0,B,9,17,0.0,stuck,791,14713.5,253703
1576,300,-58.774,0,B,17,16,0.0,,791,14726.1,254003
1577,1,-0.204,0,B,16,16,0.0,stuck,792,14726.1,254004
1578,300,-58.92,0,B,16,16,0.0,,792,14738.7,254304
1579,1,-0.221,0,B,16,25,0.0,stuck,793,14738.7,254305
1580,300,-53.337,0,B,25,25,0.0,,793,14751.1,254605
1581,1,-0.173,0,B,25,17,0.0,stuck,794,14751.2,254606
1582,300,-59.336,0,B,17,17,0.0,,794,14763.6,254906
1583,1,-0.186,0,B,17,1,0.0,stuck,795,14763.7,254907
1584,300,-55.79,0,B,1,1,0.0,,795,14776.2,255207
1585,1,-0.187,0,B,1,9,0.0,stuck,796,14776.2,255208
1586,300,-50.138,0,B,9,9,0.0,,796,14788.3,255508
1587,1,-0.168,0,B,9,16,0.0,stuck,797,14788.3,255509
1588,300,-58.648,0,B,16,16,0.0,,797,14800.1,255809
1589,1,-0.214,0,B,16,9,0.0,stuck,798,14800.2,255810
1590,300,-48.823,0,B,9,9,0.0,,798,14812.3,256110
1591,1,-0.16,0,B,9,25,0.0,stuck,799,14812.3,256111
1592,300,-50.813,0,B,25,25,0.0,,799,14824.5,256411
1593,1,-0.18,0,B,25,9,0.0,stuck,800,14824.6,256412
1594,300,-48.982,0,B,9,9,0.0,,800,14836.5,256712
1595,1,-0.167,0,B,9,16,0.0,stuck,801,14836.6,256713
1596,300,-64.961,0,B,16,16,0.0,,801,14848.5,257013
1597,1,-0.212,0,B,16,16,0.0,stuck,802,14848.5,257014
1598,300,-58.234,0,B,16,16,0.0,,802,14860.9,257314
1599,1,-0.226,0,B,16,18,0.0,stuck,803,14861.0,257315
1600,300,-51.393,0,B,18,12,0.0,,803,14873.4,257615
1601,298,-22.558,0,B,12,10,0.0,stuck,804,14886.4,257913
1602,300,-42.885,0,B,10,11,0.0,,804,14899.0,258213
1603,263,-24.581,0,B,11,1,0.0,stuck,805,14909.9,258476
1604,300,-51.636,0,B,1,1,0.0,,805,14922.4,258776
1605,1,-0.178,0,B,1,9,0.0,stuck,806,14922.5,258777
1606,300,-53.768,0,B,9,9,0.0,,806,14935.1,259077
1607,1,-0.191,0,B,9,17,0.0,stuck,807,14935.1,259078
1608,300,-49.407,0,B,17,17,0.0,,807,14947.6,259378
1609,1,-0.169,0,B,17,17,0.0,stuck,808,14947.7,259379
1610,300,-56.78,0,B,17,17,0.0,,808,14960.1,259679
1611,1,-0.183,0,B,17,16,0.0,stuck,809,14960.1,259680
1612,300,-57.412,0,B,16,16,0.0,,809,14972.0,259980
1613,1,-0.219,0,B,16,17,0.0,stuck,810,14972.1,259981
1614,300,-51.216,0,B,17,17,0.0,,810,14984.2,260281
1615,1,-0.174,0,B,17,17,0.0,stuck,811,14984.3,260282
1616,300,-48.987,0,B,17,17,0.0,,811,14996.3,260582
1617,1,-0.189,0,B,17,17,0.0,stuck,812,14996.4,260583
1618,300,-55.152,0,B,17,17,0.0,,812,15008.6,260883
1619,1,-0.197,0,B,17,17,0.0,stuck,813,15008.6,260884
1620,196,-33.935,0,B,17,8,0.0,escape,814,15016.8,261080
1621,300,-51.595,0,B,8,8,0.0,,814,15029.0,261380
1622,1,-0.208,0,B,8,17,0.0,stuck,815,15029.0,261381
1623,300,-48.516,0,B,17,17,0.0,,815,15041.5,261681
1624,182,-29.391,0,B,17,1,0.0,stuck,816,15049.1,261863
1625,300,-49.14,0,B,1,1,0.0,,816,15061.6,262163
1626,1,-0.197,0,B,1,17,0.0,stuck,817,15061.7,262164
1627,300,-45.498,0,B,17,17,0.0,,817,15074.6,262464
1628,1,-0.176,0,B,17,17,0.0,stuck,818,15074.6,262465
1629,300,-50.289,0,B,17,17,0.0,,818,15087.1,262765
1630,1,-0.2,0,B,17,17,0.0,stuck,819,15087.2,262766
1631,300,-47.239,0,B,17,17,0.0,,819,15099.7,263066
1632,1,-0.186,0,B,17,17,0.0,stuck,820,15099.8,263067
1633,300,-44.576,0,B,17,17,0.0,,820,15112.1,263367
1634,1,-0.167,0,B,17,9,0.0,stuck,821,15112.2,263368
1635,300,-43.578,0,B,9,9,0.0,,821,15124.5,263668
1636,1,-0.173,0,B,9,17,0.0,stuck,822,15124.6,263669
1637,300,-46.222,0,B,17,17,0.0,,822,15136.8,263969
1638,1,-0.186,0,B,17,1,0.0,stuck,823,15136.9,263970
1639,300,-46.711,0,B,1,1,0.0,,823,15149.2,264270
1640,1,-0.184,0,B,1,9,0.0,stuck,824,15149.3,264271
1641,300,-41.592,0,B,9,9,0.0,,824,15161.7,264571
1642,1,-0.163,0,B,9,8,0.0,stuck,825,15161.7,264572
1643,300,-50.754,0,B,8,8,0.0,,825,15174.2,264872
1644,1,-0.204,0,B,8,16,0.0,stuck,826,15174.3,264873
1645,300,-50.375,0,B,16,16,0.0,,826,15186.9,265173
1646,1,-0.203,0,B,16,9,0.0,stuck,827,15186.9,265174
1647,300,-47.887,0,B,9,9,0.0,,827,15199.4,265474
1648,1,-0.192,0,B,9,9,0.0,stuck,828,15199.4,265475
1649,300,-44.107,0,B,9,9,0.0,,828,15211.9,265775
1650,1,-0.176,0,B,9,1,0.0,stuck,829,15212.0,265776
1651,300,-46.766,0,B,1,1,0.0,,829,15224.4,266076
1652,1,-0.187,0,B,1,25,0.0,stuck,830,15224.4,266077
1653,300,-50.617,0,B,25,25,0.0,,830,15236.9,266377
1654,1,-0.202,0,B,25,9,0.0,stuck,831,15237.0,266378
1655,300,-45.018,0,B,9,9,0.0,,831,15249.4,266678
1656,1,-0.181,0,B,9,17,0.0,stuck,832,15249.5,266679
1657,300,-42.058,0,B,17,17,0.0,,832,15261.9,266979
1658,1,-0.162,0,B,17,25,0.0,stuck,833,15261.9,266980
1659,300,-59.533,0,B,25,25,0.0,,833,15274.5,267280
1660,1,-0.203,0,B,25,10,0.0,stuck,834,15274.5,267281
1661,300,-41.148,0,B,10,10,0.0,,834,15287.1,267581
1662,1,-0.153,0,B,10,9,0.0,stuck,835,15287.2,267582
1663,300,-42.165,0,B,9,9,0.0,,835,15299.7,267882
1664,1,-0.165,0,B,9,17,0.0,stuck,836,15299.8,267883
1665,300,-48.867,0,B,17,17,0.0,,836,15312.4,268183
1666,1,-0.193,0,B,17,8,0.0,stuck,837,15312.4,268184
1667,300,-63.903,0,B,8,8,0.0,,837,15324.9,268484
1668,1,-0.216,0,B,8,17,0.0,stuck,838,15324.9,268485
1669,300,-48.438,0,B,17,17,0.0,,838,15337.4,268785
1670,1,-0.191,0,B,17,17,0.0,stuck,839,15337.5,268786
1671,300,-47.67,0,B,17,17,0.0,,839,15349.9,269086
1672,1,-0.189,0,B,17,16,0.0,stuck,840,15349.9,269087
1673,108,-21.141,0,B,16,17,0.0,escape,841,15354.4,269195
1674,300,-42.764,0,B,17,17,0.0,,841,15366.9,269495
1675,1,-0.162,0,B,17,25,0.0,stuck,842,15366.9,269496
1676,300,-47.569,0,B,25,25,0.0,,842,15379.3,269796
1677,1,-0.183,0,B,25,9,0.0,stuck,843,15379.4,269797
1678,300,-55.034,0,B,9,9,0.0,,843,15391.9,270097
1679,1,-0.196,0,B,9,17,0.0,stuck,844,15392.0,270098
1680,300,-58.634,0,B,17,17,0.0,,844,15404.5,270398
1681,1,-0.203,0,B,17,25,0.0,stuck,845,15404.5,270399
1682,300,-55.369,0,B,25,25,0.0,,845,15417.0,270699
1683,1,-0.171,0,B,25,9,0.0,stuck,846,15417.0,270700
1684,300,-47.819,0,B,9,9,0.0,,846,15429.8,271000
1685,1,-0.18,0,B,9,8,0.0,stuck,847,15429.8,271001
1686,300,-60.892,0,B,8,8,0.0,,847,15442.3,271301
1687,1,-0.209,0,B,8,16,0.0,stuck,848,15442.3,271302
1688,300,-62.376,0,B,16,16,0.0,,848,15454.9,271602
1689,1,-0.219,0,B,16,25,0.0,stuck,849,15454.9,271603
1690,300,-56.464,0,B,25,25,0.0,,849,15470.1,271903
1691,1,-0.185,0,B,25,17,0.0,stuck,850,15470.2,271904
1692,300,-54.743,0,B,17,17,0.0,,850,15484.2,272204
1693,1,-0.177,0,B,17,9,0.0,stuck,851,15484.3,272205
1694,300,-60.965,0,B,9,9,0.0,,851,15501.6,272505
1695,1,-0.2,0,B,9,16,0.0,stuck,852,15501.6,272506
1696,300,-63.27,0,B,16,16,0.0,,852,15516.4,272806
1697,1,-0.209,0,B,16,17,0.0,stuck,853,15516.5,272807
1698,300,-56.544,0,B,17,17,0.0,,853,15529.8,273107
1699,1,-0.19,0,B,17,9,0.0,stuck,854,15529.9,273108
1700,300,-54.527,0,B,9,9,0.0,,854,15543.1,273408
1701,1,-0.168,0,B,9,9,0.0,stuck,855,15543.2,273409
1702,300,-50.399,0,B,9,9,0.0,,855,15554.4,273709
1703,1,-0.167,0,B,9,17,0.0,stuck,856,15554.4,273710
1704,300,-51.22,0,B,17,17,0.0,,856,15565.8,274010
1705,1,-0.163,0,B,17,9,0.0,stuck,857,15565.9,274011
1706,300,-52.339,0,B,9,9,0.0,,857,15576.9,274311
1707,1,-0.163,0,B,9,17,0.0,stuck,858,15577.0,274312
1708,300,-52.925,0,B,17,17,0.0,,858,15588.1,274612
1709,1,-0.172,0,B,17,1,0.0,stuck,859,15588.1,274613
1710,300,-55.077,0,B,1,1,0.0,,859,15599.1,274913
1711,1,-0.184,0,B,1,8,0.0,stuck,860,15599.1,274914
1712,300,-60.886,0,B,8,8,0.0,,860,15671.5,275214
1713,1,-0.205,0,B,8,16,0.0,stuck,861,15671.5,275215
1714,300,-61.0,0,B,16,16,0.0,,861,15682.3,275515
1715,1,-0.217,0,B,16,9,0.0,stuck,862,15682.3,275516
1716,300,-46.174,0,B,9,9,0.0,,862,15693.0,275816
1717,1,-0.171,0,B,9,9,0.0,stuck,863,15693.1,275817
1718,300,-47.769,0,B,9,9,0.0,,863,15703.8,276117
1719,1,-0.176,0,B,9,17,0.0,stuck,864,15703.9,276118
1720,300,-52.864,0,B,17,17,0.0,,864,15714.5,276418
1721,1,-0.195,0,B,17,17,0.0,stuck,865,15714.6,276419
1722,300,-49.232,0,B,17,17,0.0,,865,15725.2,276719
1723,1,-0.166,0,B,17,9,0.0,stuck,866,15725.2,276720
1724,300,-53.156,0,B,9,9,0.0,,866,15736.1,277020
1725,1,-0.201,0,B,9,9,0.0,stuck,867,15736.1,277021
1726,300,-47.759,0,B,9,9,0.0,,867,15746.7,277321
1727,1,-0.176,0,B,9,8,0.0,stuck,868,15746.7,277322
1728,300,-54.185,0,B,8,8,0.0,,868,15757.3,277622
1729,1,-0.203,0,B,8,17,0.0,stuck,869,15757.4,277623
1730,300,-46.122,0,B,17,17,0.0,,869,15768.1,277923
1731,1,-0.171,0,B,17,9,0.0,stuck,870,15768.2,277924
1732,300,-48.171,0,B,9,9,0.0,,870,15779.0,278224
1733,1,-0.18,0,B,9,17,0.0,stuck,871,15779.0,278225
1734,300,-54.593,0,B,17,17,0.0,,871,15789.8,278525
1735,1,-0.199,0,B,17,10,0.0,stuck,872,15789.9,278526
1736,300,-42.751,0,B,10,10,0.0,,872,15800.5,278826
1737,1,-0.158,0,B,10,17,0.0,stuck,873,15800.5,278827
1738,300,-43.98,0,B,17,17,0.0,,873,15811.1,279127
1739,1,-0.167,0,B,17,9,0.0,stuck,874,15811.1,279128
1740,300,-46.271,0,B,9,9,0.0,,874,15821.8,279428
1741,1,-0.183,0,B,9,9,0.0,stuck,875,15821.9,279429
1742,300,-42.698,0,B,9,9,0.0,,875,15832.4,279729
1743,1,-0.167,0,B,9,9,0.0,stuck,876,15832.5,279730
1744,300,-43.065,0,B,9,9,0.0,,876,15842.9,280030
1745,1,-0.165,0,B,9,25,0.0,stuck,877,15842.9,280031
1746,300,-48.36,0,B,25,25,0.0,,877,15853.5,280331
1747,1,-0.194,0,B,25,9,0.0,stuck,878,15853.5,280332
1748,300,-45.867,0,B,9,9,0.0,,878,15864.1,280632
1749,1,-0.181,0,B,9,17,0.0,stuck,879,15864.1,280633
1750,300,-47.643,0,B,17,17,0.0,,879,15874.6,280933
1751,1,-0.193,0,B,17,16,0.0,stuck,880,15874.7,280934
1752,300,-50.14,0,B,16,16,0.0,,880,15885.3,281234
1753,1,-0.203,0,B,16,8,0.0,stuck,881,15885.3,281235
1754,300,-52.096,0,B,8,8,0.0,,881,15895.8,281535
1755,1,-0.21,0,B,8,9,0.0,stuck,882,15895.9,281536
1756,300,-42.148,0,B,9,9,0.0,,882,15906.1,281836
1757,1,-0.161,0,B,9,9,0.0,stuck,883,15906.1,281837
1758,300,-48.828,0,B,9,9,0.0,,883,15916.4,282137
1759,1,-0.197,0,B,9,9,0.0,stuck,884,15916.4,282138
1760,300,-44.932,0,B,9,9,0.0,,884,15926.5,282438
1761,1,-0.18,0,B,9,16,0.0,stuck,885,15926.6,282439
1762,300,-50.583,0,B,16,16,0.0,,885,15936.7,282739
1763,1,-0.207,0,B,16,17,0.0,stuck,886,15936.7,282740
1764,300,-46.458,0,B,17,17,0.0,,886,15946.8,283040
1765,1,-0.183,0,B,17,0,0.0,stuck,887,15946.8,283041
1766,300,-50.672,0,B,0,0,0.0,,887,15957.1,283341
1767,1,-0.204,0,B,0,9,0.0,stuck,888,15957.1,283342
1768,300,-46.701,0,B,9,9,0.0,,888,15967.5,283642
1769,1,-0.187,0,B,9,9,0.0,stuck,889,15967.6,283643
1770,300,-41.692,0,B,9,9,0.0,,889,15977.9,283943
1771,1,-0.16,0,B,9,16,0.0,stuck,890,15977.9,283944
1772,300,-53.745,0,B,16,16,0.0,,890,15988.5,284244
1773,1,-0.218,0,B,16,17,0.0,stuck,891,15988.5,284245
1774,300,-49.322,0,B,17,17,0.0,,891,15998.9,284545
1775,1,-0.198,0,B,17,8,0.0,stuck,892,15999.0,284546
1776,300,-52.822,0,B,8,8,0.0,,892,16009.4,284846
1777,1,-0.209,0,B,8,17,0.0,stuck,893,16009.5,284847
1778,300,-48.969,0,B,17,17,0.0,,893,16019.9,285147
1779,1,-0.196,0,B,17,9,0.0,stuck,894,16019.9,285148
1780,300,-46.539,0,B,9,9,0.0,,894,16030.4,285448
1781,1,-0.187,0,B,9,9,0.0,stuck,895,16030.4,285449
1782,300,-48.37,0,B,9,9,0.0,,895,16040.9,285749
1783,1,-0.196,0,B,9,9,0.0,stuck,896,16040.9,285750
1784,300,-44.268,0,B,9,9,0.0,,896,16051.1,286050
1785,1,-0.177,0,B,9,17,0.0,stuck,897,16051.2,286051
1786,300,-45.137,0,B,17,17,0.0,,897,16061.3,286351
1787,1,-0.176,0,B,17,25,0.0,stuck,898,16061.4,286352
1788,300,-48.244,0,B,25,25,0.0,,898,16071.5,286652
1789,1,-0.186,0,B,25,9,0.0,stuck,899,16071.6,286653
1790,300,-49.321,0,B,9,9,0.0,,899,16081.9,286953
1791,1,-0.2,0,B,9,9,0.0,stuck,900,16082.0,286954
1792,300,-48.038,0,B,9,9,0.0,,900,16092.3,287254
1793,1,-0.195,0,B,9,17,0.0,stuck,901,16092.3,287255
1794,300,-47.072,0,B,17,17,0.0,,901,16102.6,287555
1795,1,-0.191,0,B,17,17,0.0,stuck,902,16102.6,287556
1796,300,-32.075,0,B,17,29,0.0,,902,16112.8,287856
1797,126,-8.61,0,B,29,9,0.0,stuck,903,16117.0,287982
1798,300,-55.629,0,B,9,9,0.0,,903,16127.3,288282
1799,1,-0.196,0,B,9,9,0.0,stuck,904,16127.3,288283
1800,300,-50.502,0,B,9,17,0.0,,904,16137.6,288583
1801,124,-19.633,0,B,17,17,0.0,escape,905,16141.9,288707
1802,287,-46.482,0,B,17,18,0.0,escape,906,16151.8,288994
1803,57,-8.204,0,B,18,18,0.0,escape,907,16153.8,289051
1804,132,-20.076,0,B,18,17,0.0,escape,908,16158.4,289183
1805,69,-12.896,0,B,17,9,0.0,escape,909,16160.8,289252
1806,300,-68.007,0,B,9,24,0.0,,909,16171.2,289552
1807,26,-5.652,0,B,24,17,0.0,escape,910,16172.2,289578
1808,300,-44.788,0,B,17,17,0.0,,910,16182.8,289878
1809,1,-0.163,0,B,17,17,0.0,stuck,911,16182.8,289879
1810,31,-4.93,0,B,17,17,0.0,escape,912,16183.9,289910
1811,300,-41.613,0,B,17,17,0.0,,912,16194.3,290210
1812,1,-0.162,0,B,17,16,0.0,stuck,913,16194.3,290211
1813,300,-54.454,0,B,16,16,0.0,,913,16204.6,290511
1814,1,-0.21,0,B,16,0,0.0,stuck,914,16204.6,290512
1815,300,-55.858,0,B,0,0,0.0,,914,16215.1,290812
1816,1,-0.204,0,B,0,17,0.0,stuck,915,16215.2,290813
1817,300,-49.405,0,B,17,17,0.0,,915,16225.6,291113
1818,1,-0.179,0,B,17,17,0.0,stuck,916,16225.6,291114
1819,300,-51.776,0,B,17,17,0.0,,916,16236.0,291414
1820,1,-0.19,0,B,17,17,0.0,stuck,917,16236.1,291415
1821,300,-52.549,0,B,17,17,0.0,,917,16246.5,291715
1822,1,-0.183,0,B,17,17,0.0,stuck,918,16246.6,291716
1823,300,-51.888,0,B,17,17,0.0,,918,16257.1,292016
1824,1,-0.181,0,B,17,17,0.0,stuck,919,16257.2,292017
1825,300,-48.501,0,B,17,17,0.0,,919,16267.5,292317
1826,1,-0.165,0,B,17,1,0.0,stuck,920,16267.6,292318
1827,300,-51.426,0,B,1,1,0.0,,920,16277.9,292618
1828,1,-0.171,0,B,1,9,0.0,stuck,921,16277.9,292619
1829,300,-53.475,0,B,9,9,0.0,,921,16288.2,292919
1830,1,-0.191,0,B,9,9,0.0,stuck,922,16288.2,292920
1831,300,-52.026,0,B,9,9,0.0,,922,16298.6,293220
1832,1,-0.177,0,B,9,17,0.0,stuck,923,16298.6,293221
1833,300,-50.337,0,B,17,17,0.0,,923,16308.9,293521
1834,1,-0.181,0,B,17,25,0.0,stuck,924,16309.0,293522
1835,300,-49.694,0,B,25,25,0.0,,924,16319.4,293822
1836,1,-0.181,0,B,25,17,0.0,stuck,925,16319.5,293823
1837,300,-47.452,0,B,17,17,0.0,,925,16329.9,294123
1838,1,-0.176,0,B,17,17,0.0,stuck,926,16329.9,294124
1839,300,-51.333,0,B,17,17,0.0,,926,16340.2,294424
1840,1,-0.198,0,B,17,8,0.0,stuck,927,16340.3,294425
1841,300,-57.653,0,B,8,8,0.0,,927,16350.7,294725
1842,1,-0.214,0,B,8,1,0.0,stuck,928,16350.7,294726
1843,300,-48.29,0,B,1,1,0.0,,928,16361.1,295026
1844,1,-0.178,0,B,1,25,0.0,stuck,929,16361.1,295027
1845,300,-50.137,0,B,25,25,0.0,,929,16371.4,295327
1846,1,-0.198,0,B,25,16,0.0,stuck,930,16371.4,295328
1847,300,-51.889,0,B,16,16,0.0,,930,16381.8,295628
1848,1,-0.206,0,B,16,17,0.0,stuck,931,16381.8,295629
1849,300,-47.33,0,B,17,17,0.0,,931,16392.2,295929
1850,1,-0.18,0,B,17,17,0.0,stuck,932,16392.2,295930
1851,300,-49.334,0,B,17,17,0.0,,932,16402.6,296230
1852,1,-0.199,0,B,17,9,0.0,stuck,933,16402.6,296231
1853,300,-43.735,0,B,9,9,0.0,,933,16412.9,296531
1854,1,-0.167,0,B,9,9,0.0,stuck,934,16412.9,296532
1855,300,-45.757,0,B,9,9,0.0,,934,16423.4,296832
1856,1,-0.169,0,B,9,17,0.0,stuck,935,16423.4,296833
1857,300,-45.61,0,B,17,17,0.0,,935,16433.7,297133
1858,1,-0.176,0,B,17,16,0.0,stuck,936,16433.7,297134
1859,300,-54.496,0,B,16,16,0.0,,936,16444.0,297434
1860,1,-0.217,0,B,16,17,0.0,stuck,937,16444.0,297435
1861,300,-47.706,0,B,17,17,0.0,,937,16454.3,297735
1862,1,-0.193,0,B,17,17,0.0,stuck,938,16454.3,297736
1863,300,-44.509,0,B,17,17,0.0,,938,16464.6,298036
1864,1,-0.172,0,B,17,8,0.0,stuck,939,16464.6,298037
1865,300,-57.797,0,B,8,8,0.0,,939,16475.0,298337
1866,1,-0.221,0,B,8,9,0.0,stuck,940,16475.0,298338
1867,300,-45.643,0,B,9,9,0.0,,940,16485.3,298638
1868,1,-0.18,0,B,9,8,0.0,stuck,941,16485.4,298639
1869,300,-52.832,0,B,8,8,0.0,,941,16495.6,298939
1870,1,-0.203,0,B,8,17,0.0,stuck,942,16495.6,298940
1871,300,-51.884,0,B,17,17,0.0,,942,16506.0,299240
1872,1,-0.198,0,B,17,16,0.0,stuck,943,16506.0,299241
1873,300,-56.43,0,B,16,16,0.0,,943,16516.3,299541
1874,1,-0.212,0,B,16,16,0.0,stuck,944,16516.3,299542
1875,300,-58.03,0,B,16,16,0.0,,944,16526.6,299842
1876,1,-0.219,0,B,16,17,0.0,stuck,945,16526.7,299843
1877,300,-49.915,0,B,17,17,0.0,,945,16593.6,300143
1878,1,-0.19,0,B,17,16,0.0,stuck,946,16593.6,300144
1879,300,-54.195,0,B,16,16,0.0,,946,16604.0,300444
1880,1,-0.206,0,B,16,17,0.0,stuck,947,16604.0,300445
1881,300,-43.662,0,B,17,17,0.0,,947,16614.4,300745
1882,1,-0.169,0,B,17,8,0.0,stuck,948,16614.5,300746
1883,300,-51.974,0,B,8,8,0.0,,948,16624.8,301046
1884,1,-0.201,0,B,8,17,0.0,stuck,949,16624.9,301047
1885,300,-50.949,0,B,17,17,0.0,,949,16635.1,301347
1886,1,-0.197,0,B,17,17,0.0,stuck,950,16635.1,301348
1887,300,-44.022,0,B,17,17,0.0,,950,16645.4,301648
1888,1,-0.172,0,B,17,17,0.0,stuck,951,16645.5,301649
1889,300,-47.444,0,B,17,17,0.0,,951,16655.8,301949
1890,1,-0.189,0,B,17,25,0.0,stuck,952,16655.8,301950
1891,300,-46.42,0,B,25,25,0.0,,952,16666.1,302250
1892,1,-0.185,0,B,25,1,0.0,stuck,953,16666.1,302251
1893,300,-48.953,0,B,1,1,0.0,,953,16676.4,302551
1894,1,-0.191,0,B,1,1,0.0,stuck,954,16676.4,302552
1895,300,-48.235,0,B,1,1,0.0,,954,16686.7,302852
1896,1,-0.19,0,B,1,9,0.0,stuck,955,16686.8,302853
1897,300,-44.323,0,B,9,9,0.0,,955,16697.3,303153
1898,1,-0.176,0,B,9,16,0.0,stuck,956,16697.4,303154
1899,300,-54.209,0,B,16,16,0.0,,956,16707.7,303454
1900,1,-0.218,0,B,16,17,0.0,stuck,957,16707.7,303455
1901,300,-52.847,0,B,17,24,0.0,,957,16718.0,303755
1902,54,-9.63,0,B,24,9,0.0,stuck,958,16719.8,303809
1903,300,-47.846,0,B,9,9,0.0,,958,16730.2,304109
1904,1,-0.191,0,B,9,9,0.0,stuck,959,16730.2,304110
1905,300,-41.174,0,B,9,11,0.0,,959,16740.6,304410
1906,50,-5.916,0,B,11,9,0.0,escape,960,16742.3,304460
1907,300,-41.957,0,B,9,12,0.0,,960,16752.7,304760
1908,236,-24.476,0,B,12,16,0.0,stuck,961,16760.8,304996
1909,300,-61.225,0,B,16,16,0.0,,961,16771.2,305296
1910,1,-0.206,0,B,16,17,0.0,stuck,962,16771.2,305297
1911,300,-54.249,0,B,17,26,0.0,,962,16781.5,305597
1912,154,-32.085,0,B,26,17,0.0,escape,963,16786.8,305751
1913,300,-41.1,0,B,17,11,0.0,,963,16797.3,306051
1914,98,-11.4,0,B,11,10,0.0,stuck,964,16800.6,306149
1915,300,-46.372,0,B,10,10,0.0,,964,16811.0,306449
1916,173,-25.443,0,B,10,9,0.0,stuck,965,16816.9,306622
1917,300,-56.827,0,B,9,9,0.0,,965,16827.2,306922
1918,1,-0.179,0,B,9,1,0.0,stuck,966,16827.3,306923
1919,300,-55.55,0,B,1,1,0.0,,966,16837.7,307223
1920,1,-0.189,0,B,1,17,0.0,stuck,967,16837.7,307224
1921,300,-48.458,0,B,17,11,0.0,,967,16848.2,307524
1922,277,-32.185,0,B,11,10,0.0,stuck,968,16857.7,307801
1923,300,-45.975,0,B,10,10,0.0,,968,16867.9,308101
1924,1,-0.159,0,B,10,25,0.0,stuck,969,16868.0,308102
1925,300,-51.622,0,B,25,25,0.0,,969,16878.0,308402
1926,1,-0.186,0,B,25,17,0.0,stuck,970,16878.0,308403
1927,300,-46.205,0,B,17,17,0.0,,970,16888.1,308703
1928,1,-0.169,0,B,17,8,0.0,stuck,971,16888.2,308704
1929,300,-51.371,0,B,8,8,0.0,,971,16898.2,309004
1930,1,-0.203,0,B,8,17,0.0,stuck,972,16898.3,309005
1931,300,-42.688,0,B,17,17,0.0,,972,16908.4,309305
1932,1,-0.163,0,B,17,9,0.0,stuck,973,16908.4,309306
1933,300,-48.613,0,B,9,9,0.0,,973,16918.6,309606
1934,1,-0.191,0,B,9,8,0.0,stuck,974,16918.7,309607
1935,300,-55.869,0,B,8,8,0.0,,974,16929.0,309907
1936,1,-0.214,0,B,8,9,0.0,stuck,975,16929.0,309908
1937,300,-52.911,0,B,9,9,0.0,,975,16939.4,310208
1938,1,-0.196,0,B,9,9,0.0,stuck,976,16939.5,310209
1939,300,-52.948,0,B,9,9,0.0,,976,16950.1,310509
1940,1,-0.195,0,B,9,16,0.0,stuck,977,16950.1,310510
1941,300,-58.381,0,B,16,16,0.0,,977,16960.5,310810
1942,1,-0.205,0,B,16,9,0.0,stuck,978,16960.5,310811
1943,300,-53.105,0,B,9,9,0.0,,978,16970.9,311111
1944,1,-0.19,0,B,9,17,0.0,stuck,979,16970.9,311112
1945,300,-52.777,0,B,17,17,0.0,,979,16981.3,311412
1946,1,-0.179,0,B,17,8,0.0,stuck,980,16981.3,311413
1947,300,-53.273,0,B,8,8,0.0,,980,16991.8,311713
1948,1,-0.203,0,B,8,17,0.0,stuck,981,16991.8,311714
1949,300,-52.534,0,B,17,17,0.0,,981,17002.1,312014
1950,1,-0.188,0,B,17,9,0.0,stuck,982,17002.2,312015
1951,300,-51.097,0,B,9,9,0.0,,982,17012.7,312315
1952,1,-0.177,0,B,9,17,0.0,stuck,983,17012.7,312316
1953,300,-52.583,0,B,17,17,0.0,,983,17022.9,312616
1954,1,-0.189,0,B,17,17,0.0,stuck,984,17023.0,312617
1955,300,-53.69,0,B,17,17,0.0,,984,17033.2,312917
1956,1,-0.201,0,B,17,1,0.0,stuck,985,17033.2,312918
1957,300,-51.097,0,B,1,1,0.0,,985,17043.5,313218
1958,1,-0.199,0,B,1,17,0.0,stuck,986,17043.6,313219
1959,300,-48.716,0,B,17,17,0.0,,986,17053.7,313519
1960,1,-0.18,0,B,17,8,0.0,stuck,987,17053.7,313520
1961,300,-54.463,0,B,8,8,0.0,,987,17063.9,313820
1962,1,-0.216,0,B,8,18,0.0,stuck,988,17063.9,313821
1963,300,-43.241,0,B,18,18,0.0,,988,17074.1,314121
1964,1,-0.158,0,B,18,17,0.0,stuck,989,17074.1,314122
1965,300,-49.537,0,B,17,17,0.0,,989,17084.3,314422
1966,1,-0.194,0,B,17,8,0.0,stuck,990,17084.3,314423
1967,300,-53.531,0,B,8,8,0.0,,990,17094.6,314723
1968,1,-0.211,0,B,8,8,0.0,stuck,991,17094.7,314724
1969,300,-55.023,0,B,8,8,0.0,,991,17105.0,315024
1970,1,-0.213,0,B,8,16,0.0,stuck,992,17105.0,315025
1971,300,-55.214,0,B,16,16,0.0,,992,17115.4,315325
1972,1,-0.211,0,B,16,8,0.0,stuck,993,17115.4,315326
1973,300,-54.459,0,B,8,8,0.0,,993,17125.8,315626
1974,1,-0.206,0,B,8,9,0.0,stuck,994,17125.9,315627
1975,300,-50.294,0,B,9,9,0.0,,994,17136.2,315927
1976,1,-0.187,0,B,9,18,0.0,stuck,995,17136.3,315928
1977,300,-40.656,0,B,18,18,0.0,,995,17146.6,316228
1978,1,-0.155,0,B,18,25,0.0,stuck,996,17146.6,316229
1979,300,-48.076,0,B,25,25,0.0,,996,17156.9,316529
1980,1,-0.185,0,B,25,17,0.0,stuck,997,17156.9,316530
1981,300,-44.349,0,B,17,17,0.0,,997,17167.4,316830
1982,1,-0.168,0,B,17,8,0.0,stuck,998,17167.4,316831
1983,300,-58.968,0,B,8,8,0.0,,998,17177.6,317131
1984,1,-0.221,0,B,8,17,0.0,stuck,999,17177.7,317132
1985,300,-50.336,0,B,17,17,0.0,,999,17188.0,317432
1986,1,-0.191,0,B,17,18,0.0,stuck,1000,17188.1,317433
1987,300,-40.182,0,B,18,18,0.0,,1000,17198.4,317733
1988,1,-0.155,0,B,18,25,0.0,stuck,1001,17198.4,317734
1989,300,-49.644,0,B,25,25,0.0,,1001,17208.8,318034
1990,1,-0.197,0,B,25,9,0.0,stuck,1002,17208.8,318035
1991,300,-50.396,0,B,9,9,0.0,,1002,17219.2,318335
1992,1,-0.195,0,B,9,16,0.0,stuck,1003,17219.2,318336
1993,300,-53.866,0,B,16,16,0.0,,1003,17229.6,318636
1994,1,-0.212,0,B,16,17,0.0,stuck,1004,17229.6,318637
1995,300,-48.565,0,B,17,17,0.0,,1004,17240.1,318937
1996,1,-0.19,0,B,17,17,0.0,stuck,1005,17240.1,318938
1997,300,-43.106,0,B,17,17,0.0,,1005,17250.3,319238
1998,1,-0.17,0,B,17,17,0.0,stuck,1006,17250.3,319239
1999,300,-51.018,0,B,17,17,0.0,,1006,17260.6,319539
2000,1,-0.202,0,B,17,9,0.0,stuck,1007,17260.7,319540
2001,300,-49.017,0,B,9,9,0.0,,1007,17271.2,319840
2002,1,-0.19,0,B,9,1,0.0,stuck,1008,17271.2,319841
2003,300,-46.46,0,B,1,1,0.0,,1008,17281.5,320141
2004,1,-0.179,0,B,1,9,0.0,stuck,1009,17281.5,320142
2005,300,-44.585,0,B,9,9,0.0,,1009,17291.8,320442
2006,1,-0.177,0,B,9,9,0.0,stuck,1010,17291.9,320443
2007,300,-42.721,0,B,9,9,0.0,,1010,17302.2,320743
2008,1,-0.168,0,B,9,9,0.0,stuck,1011,17302.2,320744
2009,300,-44.497,0,B,9,9,0.0,,1011,17312.4,321044
2010,1,-0.176,0,B,9,9,0.0,stuck,1012,17312.4,321045
2011,300,-46.998,0,B,9,9,0.0,,1012,17322.6,321345
2012,1,-0.188,0,B,9,1,0.0,stuck,1013,17322.6,321346
2013,300,-47.419,0,B,1,1,0.0,,1013,17332.9,321646
2014,1,-0.189,0,B,1,9,0.0,stuck,1014,17332.9,321647
2015,300,-47.166,0,B,9,9,0.0,,1014,17343.3,321947
2016,1,-0.189,0,B,9,17,0.0,stuck,1015,17343.3,321948
2017,300,-41.951,0,B,17,17,0.0,,1015,17353.6,322248
2018,1,-0.163,0,B,17,17,0.0,stuck,1016,17353.6,322249
2019,300,-47.948,0,B,17,18,0.0,,1016,17364.0,322549
2020,171,-21.673,0,B,18,16,0.0,stuck,1017,17369.8,322720
2021,300,-62.312,0,B,16,17,0.0,,1017,17380.2,323020
2022,300,-44.581,0,B,17,18,0.0,,1017,17390.4,323320
2023,120,-16.012,0,B,18,8,0.0,stuck,1018,17394.6,323440
2024,300,-50.574,0,B,8,8,0.0,,1018,17404.8,323740
2025,1,-0.205,0,B,8,17,0.0,stuck,1019,17404.8,323741
2026,300,-50.062,0,B,17,17,0.0,,1019,17415.1,324041
2027,1,-0.195,0,B,17,17,0.0,stuck,1020,17415.2,324042
2028,300,-49.853,0,B,17,17,0.0,,1020,17425.4,324342
2029,1,-0.197,0,B,17,9,0.0,stuck,1021,17425.4,324343
2030,300,-51.905,0,B,9,18,0.0,,1021,17436.3,324643
2031,245,-33.009,0,B,18,17,0.0,stuck,1022,17444.7,324888
2032,300,-44.695,0,B,17,17,0.0,,1022,17511.9,325188
2033,1,-0.166,0,B,17,16,0.0,stuck,1023,17511.9,325189
2034,300,-51.488,0,B,16,16,0.0,,1023,17522.3,325489
2035,1,-0.204,0,B,16,9,0.0,stuck,1024,17522.3,325490
2036,300,-45.751,0,B,9,9,0.0,,1024,17532.5,325790
2037,1,-0.174,0,B,9,9,0.0,stuck,1025,17532.6,325791
2038,300,-49.871,0,B,9,9,0.0,,1025,17542.9,326091
2039,1,-0.193,0,B,9,10,0.0,stuck,1026,17542.9,326092
2040,300,-42.367,0,B,10,10,0.0,,1026,17553.2,326392
2041,1,-0.16,0,B,10,16,0.0,stuck,1027,17553.2,326393
2042,300,-53.062,0,B,16,16,0.0,,1027,17563.5,326693
2043,1,-0.208,0,B,16,17,0.0,stuck,1028,17563.6,326694
2044,300,-50.414,0,B,17,17,0.0,,1028,17573.8,326994
2045,1,-0.194,0,B,17,16,0.0,stuck,1029,17573.9,326995
2046,300,-52.202,0,B,16,16,0.0,,1029,17584.1,327295
2047,1,-0.204,0,B,16,16,0.0,stuck,1030,17584.1,327296
2048,300,-53.025,0,B,16,16,0.0,,1030,17594.4,327596
2049,1,-0.201,0,B,16,9,0.0,stuck,1031,17594.4,327597
2050,300,-52.196,0,B,9,9,0.0,,1031,17604.8,327897
2051,1,-0.201,0,B,9,9,0.0,stuck,1032,17604.8,327898
2052,300,-43.063,0,B,9,9,0.0,,1032,17615.1,328198
2053,1,-0.164,0,B,9,9,0.0,stuck,1033,17615.2,328199
2054,300,-49.662,0,B,9,9,0.0,,1033,17625.5,328499
2055,1,-0.197,0,B,9,17,0.0,stuck,1034,17625.5,328500
2056,300,-51.511,0,B,17,17,0.0,,1034,17635.8,328800
2057,1,-0.201,0,B,17,16,0.0,stuck,1035,17635.8,328801
2058,300,-54.458,0,B,16,16,0.0,,1035,17646.2,329101
2059,1,-0.218,0,B,16,9,0.0,stuck,1036,17646.2,329102
2060,300,-44.266,0,B,9,9,0.0,,1036,17656.3,329402
2061,1,-0.172,0,B,9,16,0.0,stuck,1037,17656.4,329403
2062,300,-52.917,0,B,16,16,0.0,,1037,17666.7,329703
2063,1,-0.213,0,B,16,17,0.0,stuck,1038,17666.7,329704
2064,300,-49.007,0,B,17,17,0.0,,1038,17677.0,330004
2065,1,-0.193,0,B,17,9,0.0,stuck,1039,17677.1,330005
2066,300,-46.684,0,B,9,9,0.0,,1039,17687.4,330305
2067,1,-0.188,0,B,9,8,0.0,stuck,1040,17687.4,330306
2068,300,-52.07,0,B,8,8,0.0,,1040,17697.8,330606
2069,1,-0.216,0,B,8,9,0.0,stuck,1041,17697.8,330607
2070,300,-46.125,0,B,9,9,0.0,,1041,17708.1,330907
2071,1,-0.183,0,B,9,9,0.0,stuck,1042,17708.2,330908
2072,300,-47.364,0,B,9,9,0.0,,1042,17718.4,331208
2073,1,-0.191,0,B,9,17,0.0,stuck,1043,17718.4,331209
2074,300,-47.827,0,B,17,17,0.0,,1043,17728.7,331509
2075,1,-0.19,0,B,17,24,0.0,stuck,1044,17728.8,331510
2076,300,-51.284,0,B,24,24,0.0,,1044,17739.0,331810
2077,1,-0.208,0,B,24,17,0.0,stuck,1045,17739.0,331811
2078,300,-43.967,0,B,17,17,0.0,,1045,17749.3,332111
2079,1,-0.17,0,B,17,9,0.0,stuck,1046,17749.3,332112
2080,300,-46.348,0,B,9,9,0.0,,1046,17759.6,332412
2081,1,-0.184,0,B,9,17,0.0,stuck,1047,17759.6,332413
2082,300,-45.251,0,B,17,17,0.0,,1047,17769.9,332713
2083,1,-0.179,0,B,17,25,0.0,stuck,1048,17769.9,332714
2084,300,-46.53,0,B,25,25,0.0,,1048,17780.3,333014
2085,1,-0.183,0,B,25,18,0.0,stuck,1049,17780.3,333015
2086,300,-42.275,0,B,18,18,0.0,,1049,17790.7,333315
2087,1,-0.16,0,B,18,17,0.0,stuck,1050,17790.7,333316
2088,300,-47.578,0,B,17,17,0.0,,1050,17801.0,333616
2089,1,-0.191,0,B,17,17,0.0,stuck,1051,17801.0,333617
2090,300,-44.072,0,B,17,17,0.0,,1051,17811.4,333917
2091,1,-0.167,0,B,17,17,0.0,stuck,1052,17811.4,333918
2092,300,-47.982,0,B,17,17,0.0,,1052,17821.9,334218
2093,1,-0.189,0,B,17,16,0.0,stuck,1053,17821.9,334219
2094,300,-51.511,0,B,16,16,0.0,,1053,17831.8,334519
2095,1,-0.21,0,B,16,9,0.0,stuck,1054,17831.9,334520
2096,300,-48.288,0,B,9,9,0.0,,1054,17841.8,334820
2097,1,-0.192,0,B,9,16,0.0,stuck,1055,17841.8,334821
2098,300,-53.668,0,B,16,16,0.0,,1055,17851.9,335121
2099,1,-0.22,0,B,16,1,0.0,stuck,1056,17851.9,335122
2100,300,-49.319,0,B,1,1,0.0,,1056,17862.0,335422
2101,1,-0.197,0,B,1,9,0.0,stuck,1057,17862.0,335423
2102,300,-44.423,0,B,9,9,0.0,,1057,17871.9,335723
2103,1,-0.179,0,B,9,8,0.0,stuck,1058,17872.0,335724
2104,300,-50.257,0,B,8,8,0.0,,1058,17882.1,336024
2105,1,-0.203,0,B,8,8,0.0,stuck,1059,17882.1,336025
2106,300,-49.865,0,B,8,8,0.0,,1059,17892.8,336325
2107,1,-0.202,0,B,8,9,0.0,stuck,1060,17892.8,336326
2108,300,-48.498,0,B,9,9,0.0,,1060,17903.3,336626
2109,1,-0.197,0,B,9,9,0.0,stuck,1061,17903.3,336627
2110,300,-42.971,0,B,9,9,0.0,,1061,17913.6,336927
2111,1,-0.167,0,B,9,9,0.0,stuck,1062,17913.7,336928
2112,300,-49.377,0,B,9,9,0.0,,1062,17924.0,337228
2113,1,-0.198,0,B,9,17,0.0,stuck,1063,17924.0,337229
2114,83,-4.674,1,A,17,29,0.0,,1063,17926.9,337312
2115,300,-48.255,0,A,29,22,0.0,,1063,17937.1,337612
2116,4,-0.669,0,A,22,13,0.0,stuck,1064,17937.2,337616
2117,300,-44.497,0,A,13,13,0.0,,1064,17947.5,337916
2118,1,-0.154,0,A,13,14,0.0,stuck,1065,17947.5,337917
2119,300,-50.091,0,A,14,14,0.0,,1065,17957.8,338217
2120,1,-0.186,0,A,14,23,0.0,stuck,1066,17957.9,338218
2121,300,-54.725,0,A,23,23,0.0,,1066,17968.1,338518
2122,1,-0.208,0,A,23,22,0.0,stuck,1067,17968.2,338519
2123,300,-45.73,0,A,22,22,0.0,,1067,17978.5,338819
2124,1,-0.164,0,A,22,22,0.0,stuck,1068,17978.5,338820
2125,300,-46.294,0,A,22,22,0.0,,1068,17988.7,339120
2126,1,-0.162,0,A,22,14,0.0,stuck,1069,17988.8,339121
2127,300,-49.024,0,A,14,14,0.0,,1069,17999.0,339421
2128,1,-0.181,0,A,14,13,0.0,stuck,1070,17999.1,339422
2129,300,-44.355,0,A,13,13,0.0,,1070,18009.3,339722
2130,1,-0.154,0,A,13,14,0.0,stuck,1071,18009.3,339723
2131,300,-50.398,0,A,14,14,0.0,,1071,18019.4,340023
2132,1,-0.183,0,A,14,23,0.0,stuck,1072,18019.4,340024
2133,300,-59.059,0,A,23,23,0.0,,1072,18029.5,340324
2134,1,-0.221,0,A,23,14,0.0,stuck,1073,18029.6,340325
2135,300,-51.098,0,A,14,14,0.0,,1073,18039.7,340625
2136,1,-0.194,0,A,14,23,0.0,stuck,1074,18039.8,340626
2137,300,-54.672,0,A,23,23,0.0,,1074,18049.8,340926
2138,1,-0.212,0,A,23,23,0.0,stuck,1075,18049.9,340927
2139,300,-54.578,0,A,23,23,0.0,,1075,18060.4,341227
2140,1,-0.212,0,A,23,22,0.0,stuck,1076,18060.4,341228
2141,300,-49.073,0,A,22,22,0.0,,1076,18070.9,341528
2142,1,-0.178,0,A,22,14,0.0,stuck,1077,18070.9,341529
2143,300,-54.836,0,A,14,14,0.0,,1077,18081.2,341829
2144,1,-0.201,0,A,14,22,0.0,stuck,1078,18081.2,341830
2145,300,-44.955,0,A,22,22,0.0,,1078,18091.6,342130
2146,1,-0.164,0,A,22,23,0.0,stuck,1079,18091.7,342131
2147,300,-53.194,0,A,23,23,0.0,,1079,18101.7,342431
2148,1,-0.212,0,A,23,30,0.0,stuck,1080,18101.8,342432
2149,300,-49.216,0,A,30,30,0.0,,1080,18112.1,342732
2150,1,-0.193,0,A,30,21,0.0,stuck,1081,18112.2,342733
2151,300,-42.392,0,A,21,21,0.0,,1081,18122.5,343033
2152,1,-0.157,0,A,21,22,0.0,stuck,1082,18122.5,343034
2153,300,-48.455,0,A,22,22,0.0,,1082,18132.9,343334
2154,1,-0.193,0,A,22,23,0.0,stuck,1083,18132.9,343335
2155,300,-52.791,0,A,23,23,0.0,,1083,18143.3,343635
2156,1,-0.203,0,A,23,21,0.0,stuck,1084,18143.3,343636
2157,300,-42.251,0,A,21,21,0.0,,1084,18153.6,343936
2158,1,-0.158,0,A,21,14,0.0,stuck,1085,18153.7,343937
2159,300,-46.299,0,A,14,14,0.0,,1085,18164.1,344237
2160,1,-0.174,0,A,14,22,0.0,stuck,1086,18164.1,344238
2161,300,-45.631,0,A,22,22,0.0,,1086,18174.6,344538
2162,1,-0.18,0,A,22,15,0.0,stuck,1087,18174.6,344539
2163,300,-52.473,0,A,15,15,0.0,,1087,18184.7,344839
2164,1,-0.212,0,A,15,22,0.0,stuck,1088,18184.8,344840
2165,300,-42.568,0,A,22,22,0.0,,1088,18195.0,345140
2166,1,-0.163,0,A,22,15,0.0,stuck,1089,18195.0,345141
2167,300,-52.688,0,A,15,15,0.0,,1089,18205.5,345441
2168,1,-0.212,0,A,15,14,0.0,stuck,1090,18205.6,345442
2169,300,-48.062,0,A,14,14,0.0,,1090,18216.2,345742
2170,1,-0.195,0,A,14,15,0.0,stuck,1091,18216.2,345743
2171,300,-51.655,0,A,15,15,0.0,,1091,18227.1,346043
2172,1,-0.202,0,A,15,14,0.0,stuck,1092,18227.1,346044
2173,300,-49.967,0,A,14,14,0.0,,1092,18238.0,346344
2174,1,-0.201,0,A,14,14,0.0,stuck,1093,18238.0,346345
2175,300,-43.8,0,A,14,14,0.0,,1093,18249.1,346645
2176,1,-0.171,0,A,14,22,0.0,stuck,1094,18249.1,346646
2177,300,-44.576,0,A,22,22,0.0,,1094,18260.2,346946
2178,1,-0.173,0,A,22,22,0.0,stuck,1095,18260.2,346947
2179,300,-44.065,0,A,22,22,0.0,,1095,18271.5,347247
2180,1,-0.165,0,A,22,13,0.0,stuck,1096,18271.5,347248
2181,300,-49.02,0,A,13,13,0.0,,1096,18282.9,347548
2182,175,-22.636,0,A,13,14,0.0,stuck,1097,18289.6,347723
2183,300,-48.888,0,A,14,14,0.0,,1097,18300.9,348023
2184,1,-0.195,0,A,14,22,0.0,stuck,1098,18300.9,348024
2185,300,-53.516,0,A,22,22,0.0,,1098,18312.3,348324
2186,1,-0.197,0,A,22,14,0.0,stuck,1099,18312.3,348325
2187,300,-50.593,0,A,14,14,0.0,,1099,18323.7,348625
2188,1,-0.199,0,A,14,22,0.0,stuck,1100,18323.7,348626
2189,300,-44.138,0,A,22,22,0.0,,1100,18335.4,348926
2190,1,-0.168,0,A,22,21,0.0,stuck,1101,18335.4,348927
2191,300,-43.029,0,A,21,21,0.0,,1101,18347.0,349227
2192,1,-0.155,0,A,21,14,0.0,stuck,1102,18347.0,349228
2193,300,-45.698,0,A,14,14,0.0,,1102,18358.4,349528
2194,1,-0.166,0,A,14,14,0.0,stuck,1103,18358.5,349529
2195,300,-43.067,0,A,14,14,0.0,,1103,18370.1,349829
2196,1,-0.17,0,A,14,14,0.0,stuck,1104,18370.1,349830
2197,300,-48.432,0,A,14,14,0.0,,1104,18443.8,350130
2198,1,-0.193,0,A,14,14,0.0,stuck,1105,18443.8,350131
2199,300,-46.766,0,A,14,14,0.0,,1105,18455.4,350431
2200,1,-0.182,0,A,14,23,0.0,stuck,1106,18455.4,350432
2201,300,-54.757,0,A,23,23,0.0,,1106,18467.0,350732
2202,1,-0.203,0,A,23,6,0.0,stuck,1107,18467.0,350733
2203,300,-50.716,0,A,6,6,0.0,,1107,18478.6,351033
2204,1,-0.199,0,A,6,30,0.0,stuck,1108,18478.7,351034
2205,300,-54.76,0,A,30,22,0.0,,1108,18490.2,351334
2206,300,-49.283,0,A,22,13,0.0,,1108,18501.8,351634
2207,300,-39.134,0,A,13,3,0.0,,1108,18513.3,351934
2208,186,-16.136,0,A,3,22,0.0,stuck,1109,18520.4,352120
2209,300,-57.932,0,A,22,22,0.0,,1109,18531.9,352420
2210,1,-0.2,0,A,22,22,0.0,stuck,1110,18531.9,352421
2211,300,-43.803,0,A,22,4,0.0,,1110,18543.6,352721
2212,88,-10.648,0,A,4,14,0.0,stuck,1111,18547.0,352809
2213,300,-56.662,0,A,14,15,0.0,,1111,18558.5,353109
2214,98,-20.089,0,A,15,22,0.0,stuck,1112,18562.3,353207
2215,300,-49.596,0,A,22,22,0.0,,1112,18574.0,353507
2216,1,-0.178,0,A,22,22,0.0,stuck,1113,18574.0,353508
2217,300,-50.364,0,A,22,22,0.0,,1113,18585.6,353808
2218,1,-0.183,0,A,22,14,0.0,stuck,1114,18585.6,353809
2219,300,-49.181,0,A,14,14,0.0,,1114,18597.3,354109
2220,1,-0.173,0,A,14,22,0.0,stuck,1115,18597.3,354110
2221,300,-47.888,0,A,22,22,0.0,,1115,18609.0,354410
2222,1,-0.173,0,A,22,22,0.0,stuck,1116,18609.0,354411
2223,300,-46.473,0,A,22,22,0.0,,1116,18620.5,354711
2224,1,-0.169,0,A,22,22,0.0,stuck,1117,18620.6,354712
2225,300,-48.523,0,A,22,22,0.0,,1117,18632.3,355012
2226,1,-0.177,0,A,22,13,0.0,stuck,1118,18632.3,355013
2227,300,-49.668,0,A,13,13,0.0,,1118,18643.8,355313
2228,1,-0.157,0,A,13,22,0.0,stuck,1119,18643.8,355314
2229,300,-49.462,0,A,22,22,0.0,,1119,18655.5,355614
2230,1,-0.184,0,A,22,14,0.0,stuck,1120,18655.5,355615
2231,300,-55.514,0,A,14,14,0.0,,1120,18667.3,355915
2232,226,-41.124,0,A,14,6,0.0,stuck,1121,18676.3,356141
2233,300,-53.966,0,A,6,6,0.0,,1121,18688.0,356441
2234,1,-0.189,0,A,6,14,0.0,stuck,1122,18688.0,356442
2235,300,-50.957,0,A,14,22,0.0,,1122,18699.6,356742
2236,1,-0.172,0,A,22,22,0.0,stuck,1123,18699.6,356743
2237,300,-48.216,0,A,22,21,0.0,,1123,18711.2,357043
2238,300,-47.269,0,A,21,29,0.0,,1123,18722.8,357343
2239,34,-4.531,0,A,29,14,0.0,stuck,1124,18724.1,357377
2240,300,-51.19,0,A,14,14,0.0,,1124,18735.8,357677
2241,1,-0.18,0,A,14,22,0.0,stuck,1125,18735.8,357678
2242,300,-60.697,0,A,22,22,0.0,,1125,18747.4,357978
2243,1,-0.199,0,A,22,22,0.0,stuck,1126,18747.4,357979
2244,14,-2.877,0,A,22,15,0.0,escape,1127,18747.9,357993
2245,300,-82.712,0,A,15,23,0.0,,1127,18759.6,358293
2246,55,-11.795,0,A,23,14,0.0,stuck,1128,18761.8,358348
2247,259,-51.418,0,A,14,22,0.0,escape,1129,18771.9,358607
2248,300,-67.341,0,A,22,31,0.0,,1129,18783.8,358907
2249,15,-2.679,0,A,31,14,0.0,stuck,1130,18784.5,358922
2250,300,-45.86,0,A,14,14,0.0,,1130,18796.2,359222
2251,1,-0.161,0,A,14,14,0.0,stuck,1131,18796.2,359223
2252,126,-23.587,0,A,14,14,0.0,escape,1132,18801.1,359349
2253,300,-45.27,0,A,14,14,0.0,,1132,18812.9,359649
2254,1,-0.166,0,A,14,22,0.0,stuck,1133,18812.9,359650
2255,300,-69.425,0,A,22,15,0.0,,1133,18824.8,359950
2256,300,-22.386,0,A,15,7,0.0,,1133,18836.5,360250
2257,5,-1.19,0,A,7,6,0.0,stuck,1134,18836.7,360255
2258,300,-48.865,0,A,6,6,0.0,,1134,18848.5,360555
2259,1,-0.181,0,A,6,14,0.0,stuck,1135,18848.6,360556
2260,300,-44.18,0,A,14,14,0.0,,1135,18860.1,360856
2261,1,-0.169,0,A,14,14,0.0,stuck,1136,18860.1,360857
2262,300,-50.146,0,A,14,14,0.0,,1136,18871.2,361157
2263,1,-0.189,0,A,14,22,0.0,stuck,1137,18871.3,361158
2264,300,-47.564,0,A,22,22,0.0,,1137,18882.6,361458
2265,1,-0.182,0,A,22,30,0.0,stuck,1138,18882.6,361459
2266,300,-50.089,0,A,30,30,0.0,,1138,18893.9,361759
2267,1,-0.201,0,A,30,23,0.0,stuck,1139,18893.9,361760
2268,92,-14.704,0,A,23,14,0.0,escape,1140,18897.4,361852
2269,300,-51.508,0,A,14,14,0.0,,1140,18908.5,362152
2270,1,-0.192,0,A,14,15,0.0,stuck,1141,18908.6,362153
2271,300,-46.747,0,A,15,15,0.0,,1141,18920.1,362453
2272,210,-20.182,0,A,15,22,0.0,stuck,1142,18928.1,362663
2273,300,-43.612,0,A,22,22,0.0,,1142,18939.7,362963
2274,1,-0.163,0,A,22,14,0.0,stuck,1143,18939.7,362964
2275,300,-46.07,0,A,14,14,0.0,,1143,18951.4,363264
2276,1,-0.175,0,A,14,22,0.0,stuck,1144,18951.4,363265
2277,300,-45.983,0,A,22,30,0.0,,1144,18963.3,363565
2278,22,-3.466,0,A,30,6,0.0,stuck,1145,18964.2,363587
2279,300,-47.54,0,A,6,6,0.0,,1145,18975.8,363887
2280,1,-0.177,0,A,6,22,0.0,stuck,1146,18975.8,363888
2281,300,-46.361,0,A,22,22,0.0,,1146,18987.5,364188
2282,1,-0.182,0,A,22,30,0.0,stuck,1147,18987.6,364189
2283,300,-50.869,0,A,30,23,0.0,,1147,18999.2,364489
2284,163,-27.925,0,A,23,22,0.0,stuck,1148,19005.6,364652
2285,300,-42.61,0,A,22,22,0.0,,1148,19017.2,364952
2286,1,-0.163,0,A,22,22,0.0,stuck,1149,19017.3,364953
2287,300,-44.318,0,A,22,22,0.0,,1149,19029.0,365253
2288,1,-0.172,0,A,22,14,0.0,stuck,1150,19029.0,365254
2289,300,-29.517,0,A,14,15,0.0,,1150,19041.0,365554
2290,106,-17.19,0,A,15,22,0.0,stuck,1151,19045.2,365660
2291,300,-50.913,0,A,22,22,0.0,,1151,19056.8,365960
2292,1,-0.2,0,A,22,15,0.0,stuck,1152,19056.9,365961
2293,300,-53.042,0,A,15,15,0.0,,1152,19068.5,366261
2294,1,-0.211,0,A,15,14,0.0,stuck,1153,19068.5,366262
2295,300,-44.511,0,A,14,14,0.0,,1153,19082.2,366562
2296,1,-0.165,0,A,14,14,0.0,stuck,1154,19082.2,366563
2297,300,-50.324,0,A,14,14,0.0,,1154,19094.0,366863
2298,1,-0.195,0,A,14,14,0.0,stuck,1155,19094.1,366864
2299,300,-45.99,0,A,14,14,0.0,,1155,19105.6,367164
2300,1,-0.18,0,A,14,22,0.0,stuck,1156,19105.7,367165
2301,300,-43.822,0,A,22,22,0.0,,1156,19117.1,367465
2302,1,-0.168,0,A,22,22,0.0,stuck,1157,19117.2,367466
2303,300,-45.114,0,A,22,22,0.0,,1157,19128.6,367766
2304,1,-0.181,0,A,22,14,0.0,stuck,1158,19128.7,367767
2305,300,-46.111,0,A,14,14,0.0,,1158,19140.2,368067
2306,1,-0.175,0,A,14,22,0.0,stuck,1159,19140.3,368068
2307,300,-49.667,0,A,22,22,0.0,,1159,19152.1,368368
2308,1,-0.188,0,A,22,22,0.0,stuck,1160,19152.1,368369
2309,300,-48.717,0,A,22,22,0.0,,1160,19164.1,368669
2310,1,-0.197,0,A,22,22,0.0,stuck,1161,19164.1,368670
2311,300,-44.464,0,A,22,22,0.0,,1161,19176.1,368970
2312,1,-0.171,0,A,22,14,0.0,stuck,1162,19176.1,368971
2313,300,-48.808,0,A,14,14,0.0,,1162,19187.9,369271
2314,1,-0.188,0,A,14,14,0.0,stuck,1163,19187.9,369272
2315,62,-11.182,0,A,14,13,0.0,escape,1164,19190.4,369334
2316,300,-41.587,0,A,13,13,0.0,,1164,19202.2,369634
2317,1,-0.159,0,A,13,22,0.0,stuck,1165,19202.3,369635
2318,300,-44.327,0,A,22,22,0.0,,1165,19213.9,369935
2319,1,-0.175,0,A,22,14,0.0,stuck,1166,19213.9,369936
2320,35,-6.631,0,A,14,14,0.0,escape,1167,19215.3,369971
2321,81,-13.42,0,A,14,22,0.0,escape,1168,19218.5,370052
2322,300,-45.537,0,A,22,22,0.0,,1168,19230.2,370352
2323,1,-0.178,0,A,22,14,0.0,stuck,1169,19230.2,370353
2324,300,-45.037,0,A,14,14,0.0,,1169,19242.1,370653
2325,1,-0.178,0,A,14,23,0.0,stuck,1170,19242.1,370654
2326,300,-53.849,0,A,23,23,0.0,,1170,19254.0,370954
2327,1,-0.204,0,A,23,22,0.0,stuck,1171,19254.0,370955
2328,300,-45.046,0,A,22,22,0.0,,1171,19266.0,371255
2329,1,-0.177,0,A,22,22,0.0,stuck,1172,19266.0,371256
2330,300,-48.464,0,A,22,22,0.0,,1172,19277.8,371556
2331,1,-0.186,0,A,22,6,0.0,stuck,1173,19277.8,371557
2332,300,-47.894,0,A,6,6,0.0,,1173,19289.6,371857
2333,1,-0.181,0,A,6,15,0.0,stuck,1174,19289.6,371858
2334,91,-6.066,0,A,15,14,0.0,escape,1175,19293.2,371949
2335,300,-18.714,0,A,14,15,0.0,,1175,19305.0,372249
2336,40,-8.013,0,A,15,14,0.0,stuck,1176,19306.6,372289
2337,300,-47.29,0,A,14,14,0.0,,1176,19318.5,372589
2338,1,-0.183,0,A,14,14,0.0,stuck,1177,19318.5,372590
2339,300,-16.663,0,A,14,15,0.0,,1177,19330.5,372890
2340,300,-58.219,0,A,15,15,0.0,,1177,19342.2,373190
2341,3,-0.669,0,A,15,13,0.0,stuck,1178,19342.3,373193
2342,300,-41.449,0,A,13,13,0.0,,1178,19354.1,373493
2343,1,-0.153,0,A,13,22,0.0,stuck,1179,19354.2,373494
2344,300,-47.951,0,A,22,31,0.0,,1179,19366.2,373794
2345,300,-65.713,0,A,31,31,0.0,,1179,19378.1,374094
2346,280,-68.657,0,A,31,15,0.0,escape,1180,19389.2,374374
2347,300,-56.524,0,A,15,15,0.0,,1180,19400.9,374674
2348,1,-0.211,0,A,15,6,0.0,stuck,1181,19401.0,374675
2349,300,-46.254,0,A,6,6,0.0,,1181,19412.7,374975
2350,1,-0.175,0,A,6,22,0.0,stuck,1182,19412.8,374976
2351,300,-46.459,0,A,22,22,0.0,,1182,19477.5,375276
2352,1,-0.179,0,A,22,23,0.0,stuck,1183,19477.6,375277
2353,72,-17.003,0,A,23,15,0.0,escape,1184,19480.4,375349
2354,300,-54.464,0,A,15,15,0.0,,1184,19492.2,375649
2355,1,-0.205,0,A,15,14,0.0,stuck,1185,19492.3,375650
2356,300,-52.668,0,A,14,23,0.0,,1185,19504.0,375950
2357,69,-15.082,0,A,23,22,0.0,escape,1186,19506.8,376019
2358,300,-45.328,0,A,22,22,0.0,,1186,19518.7,376319
2359,1,-0.17,0,A,22,14,0.0,stuck,1187,19518.8,376320
2360,111,-15.605,0,A,14,14,0.0,escape,1188,19523.3,376431
2361,300,-42.982,0,A,14,14,0.0,,1188,19535.1,376731
2362,1,-0.168,0,A,14,22,0.0,stuck,1189,19535.1,376732
2363,300,-44.142,0,A,22,22,0.0,,1189,19546.8,377032
2364,1,-0.166,0,A,22,7,0.0,stuck,1190,19546.8,377033
2365,41,-8.225,0,A,7,23,0.0,escape,1191,19548.4,377074
2366,138,-20.941,0,A,23,7,0.0,escape,1192,19553.9,377212
2367,30,-5.635,0,A,7,22,0.0,escape,1193,19555.1,377242
2368,300,-42.371,0,A,22,22,0.0,,1193,19566.8,377542
2369,1,-0.166,0,A,22,22,0.0,stuck,1194,19566.8,377543
2370,300,-16.84,0,A,22,15,0.0,,1194,19578.7,377843
2371,300,-76.09,0,A,15,6,0.0,,1194,19590.4,378143
2372,34,-5.669,0,A,6,22,0.0,escape,1195,19591.7,378177
2373,300,-43.962,0,A,22,22,0.0,,1195,19603.4,378477
2374,1,-0.171,0,A,22,15,0.0,stuck,1196,19603.5,378478
2375,300,-60.681,0,A,15,22,0.0,,1196,19615.2,378778
2376,159,-11.067,0,A,22,22,0.0,escape,1197,19621.5,378937
2377,300,-33.788,0,A,22,23,0.0,,1197,19633.4,379237
2378,300,-65.351,0,A,23,23,0.0,,1197,19645.2,379537
2379,18,-4.014,0,A,23,23,0.0,stuck,1198,19645.9,379555
2380,64,-13.602,0,A,23,14,0.0,escape,1199,19648.4,379619
2381,300,-40.854,0,A,14,14,0.0,,1199,19660.1,379919
2382,1,-0.159,0,A,14,22,0.0,stuck,1200,19660.2,379920
2383,227,-42.862,0,A,22,15,0.0,escape,1201,19669.3,380147
2384,300,-13.449,0,A,15,15,0.0,,1201,19681.1,380447
2385,300,-45.555,0,A,15,23,0.0,,1201,19693.2,380747
2386,2,-0.477,0,A,23,15,0.0,stuck,1202,19693.3,380749
2387,300,-21.846,0,A,15,15,0.0,,1202,19705.2,381049
2388,103,-21.669,0,A,15,14,0.0,stuck,1203,19709.2,381152
2389,300,-50.916,0,A,14,14,0.0,,1203,19720.9,381452
2390,1,-0.183,0,A,14,22,0.0,stuck,1204,19720.9,381453
2391,300,-52.439,0,A,22,22,0.0,,1204,19732.6,381753
2392,1,-0.202,0,A,22,22,0.0,stuck,1205,19732.6,381754
2393,300,-50.937,0,A,22,22,0.0,,1205,19744.3,382054
2394,1,-0.197,0,A,22,22,0.0,stuck,1206,19744.4,382055
2395,300,-46.183,0,A,22,22,0.0,,1206,19755.9,382355
2396,1,-0.18,0,A,22,14,0.0,stuck,1207,19756.0,382356
2397,300,-48.629,0,A,14,14,0.0,,1207,19767.5,382656
2398,1,-0.184,0,A,14,22,0.0,stuck,1208,19767.6,382657
2399,300,-42.354,0,A,22,22,0.0,,1208,19779.4,382957
2400,1,-0.164,0,A,22,14,0.0,stuck,1209,19779.5,382958
2401,300,-48.18,0,A,14,14,0.0,,1209,19791.2,383258
2402,1,-0.185,0,A,14,14,0.0,stuck,1210,19791.3,383259
2403,35,-6.05,0,A,14,14,0.0,escape,1211,19792.6,383294
2404,300,-45.18,0,A,14,14,0.0,,1211,19804.3,383594
2405,1,-0.17,0,A,14,14,0.0,stuck,1212,19804.3,383595
2406,38,-6.479,0,A,14,14,0.0,escape,1213,19805.8,383633
2407,300,-42.936,0,A,14,14,0.0,,1213,19817.4,383933
2408,1,-0.166,0,A,14,30,0.0,stuck,1214,19817.5,383934
2409,300,-51.802,0,A,30,30,0.0,,1214,19829.3,384234
2410,24,-4.451,0,A,30,15,0.0,escape,1215,19830.2,384258
2411,300,-17.494,0,A,15,23,0.0,,1215,19842.0,384558
2412,300,-37.872,0,A,23,5,0.0,,1215,19853.8,384858
2413,102,-13.148,0,A,5,15,0.0,stuck,1216,19857.7,384960
2414,300,-23.48,0,A,15,7,0.0,,1216,19869.7,385260
2415,24,-5.285,0,A,7,23,0.0,stuck,1217,19870.7,385284
2416,300,-40.737,0,A,23,15,0.0,,1217,19882.5,385584
2417,82,-8.243,0,A,15,14,0.0,stuck,1218,19885.7,385666
2418,22,-3.422,0,A,14,22,0.0,escape,1219,19886.6,385688
2419,300,-15.978,0,A,22,15,0.0,,1219,19898.6,385988
2420,277,-16.311,0,A,15,22,0.0,escape,1220,19909.5,386265
2421,76,-12.601,0,A,22,6,0.0,escape,1221,19912.5,386341
2422,32,-5.319,0,A,6,14,0.0,escape,1222,19913.9,386373
2423,27,-4.731,0,A,14,14,0.0,escape,1223,19914.9,386400
2424,300,-17.157,0,A,14,7,0.0,,1223,19926.9,386700
2425,109,-16.078,0,A,7,6,0.0,escape,1224,19931.3,386809
2426,29,-5.003,0,A,6,15,0.0,escape,1225,19932.4,386838
2427,96,-6.693,0,A,15,22,0.0,escape,1226,19936.2,386934
2428,70,-13.172,0,A,22,14,0.0,escape,1227,19938.9,387004
2429,89,-9.526,0,A,14,21,0.0,escape,1228,19942.4,387093
2430,300,-55.905,0,A,21,21,0.0,,1228,19954.0,387393
2431,1,-0.159,0,A,21,7,0.0,stuck,1229,19954.1,387394
2432,37,-6.674,0,A,7,22,0.0,escape,1230,19955.5,387431
2433,300,-44.652,0,A,22,22,0.0,,1230,19966.9,387731
2434,1,-0.168,0,A,22,14,0.0,stuck,1231,19967.0,387732
2435,300,-46.981,0,A,14,14,0.0,,1231,19978.2,388032
2436,1,-0.164,0,A,14,23,0.0,stuck,1232,19978.3,388033
2437,300,-40.281,0,A,23,7,0.0,,1232,19989.8,388333
2438,286,-16.474,0,A,7,21,0.0,stuck,1233,20000.7,388619
2439,300,-43.441,0,A,21,21,0.0,,1233,20012.0,388919
2440,1,-0.158,0,A,21,23,0.0,stuck,1234,20012.0,388920
2441,300,-46.479,0,A,23,23,0.0,,1234,20023.5,389220
2442,54,-10.85,0,A,23,23,0.0,stuck,1235,20025.5,389274
2443,300,-25.909,0,A,23,23,0.0,,1235,20037.6,389574
2444,47,-7.932,0,A,23,22,0.0,stuck,1236,20039.4,389621
2445,300,-44.832,0,A,22,22,0.0,,1236,20051.2,389921
2446,1,-0.164,0,A,22,30,0.0,stuck,1237,20051.2,389922
2447,300,-46.93,0,A,30,30,0.0,,1237,20063.0,390222
2448,1,-0.177,0,A,30,22,0.0,stuck,1238,20063.0,390223
2449,300,-45.659,0,A,22,22,0.0,,1238,20074.7,390523
2450,1,-0.169,0,A,22,14,0.0,stuck,1239,20074.8,390524
2451,300,-46.294,0,A,14,14,0.0,,1239,20086.5,390824
2452,1,-0.175,0,A,14,23,0.0,stuck,1240,20086.5,390825
2453,300,-53.939,0,A,23,23,0.0,,1240,20098.1,391125
2454,1,-0.209,0,A,23,22,0.0,stuck,1241,20098.2,391126
2455,300,-48.887,0,A,22,22,0.0,,1241,20109.9,391426
2456,1,-0.188,0,A,22,22,0.0,stuck,1242,20109.9,391427
2457,300,-49.366,0,A,22,22,0.0,,1242,20121.7,391727
2458,1,-0.188,0,A,22,15,0.0,stuck,1243,20121.7,391728
2459,300,-19.109,0,A,15,15,0.0,,1243,20133.7,392028
2460,46,-10.195,0,A,15,15,0.0,stuck,1244,20135.5,392074
2461,62,-12.253,0,A,15,23,0.0,escape,1245,20137.9,392136
2462,300,-28.849,0,A,23,15,0.0,,1245,20149.7,392436
2463,122,-24.982,0,A,15,15,0.0,stuck,1246,20154.5,392558
2464,300,-60.818,0,A,15,15,0.0,,1246,20166.3,392858
2465,1,-0.203,0,A,15,14,0.0,stuck,1247,20166.4,392859
2466,300,-49.757,0,A,14,14,0.0,,1247,20178.2,393159
2467,1,-0.191,0,A,14,14,0.0,stuck,1248,20178.2,393160
2468,300,-52.917,0,A,14,14,0.0,,1248,20189.7,393460
2469,1,-0.188,0,A,14,23,0.0,stuck,1249,20189.8,393461
2470,300,-66.893,0,A,23,7,0.0,,1249,20201.4,393761
2471,60,-6.644,0,A,7,23,0.0,stuck,1250,20203.7,393821
2472,300,-36.715,0,A,23,7,0.0,,1250,20215.3,394121
2473,300,-25.435,0,A,7,7,0.0,,1250,20226.8,394421
2474,26,-5.093,0,A,7,13,0.0,escape,1251,20227.8,394447
2475,300,-41.472,0,A,13,13,0.0,,1251,20239.1,394747
2476,1,-0.152,0,A,13,23,0.0,stuck,1252,20239.1,394748
2477,300,-21.161,0,A,23,15,0.0,,1252,20250.8,395048
2478,37,-3.064,0,A,15,14,0.0,escape,1253,20252.2,395085
2479,25,-3.346,0,A,14,22,0.0,escape,1254,20253.3,395110
2480,245,-42.758,0,A,22,22,0.0,escape,1255,20262.9,395355
2481,80,-4.905,0,A,22,14,0.0,escape,1256,20266.1,395435
2482,300,-45.13,0,A,14,14,0.0,,1256,20277.8,395735
2483,1,-0.174,0,A,14,6,0.0,stuck,1257,20277.9,395736
2484,300,-52.004,0,A,6,12,0.0,,1257,20289.5,396036
2485,240,-24.134,0,A,12,22,0.0,stuck,1258,20298.9,396276
2486,300,-52.248,0,A,22,22,0.0,,1258,20310.6,396576
2487,1,-0.187,0,A,22,13,0.0,stuck,1259,20310.6,396577
2488,300,-41.139,0,A,13,13,0.0,,1259,20322.4,396877
2489,1,-0.153,0,A,13,15,0.0,stuck,1260,20322.5,396878
2490,300,-18.15,0,A,15,15,0.0,,1260,20334.2,397178
2491,24,-4.827,0,A,15,15,0.0,escape,1261,20335.2,397202
2492,300,-62.867,0,A,15,11,0.0,,1261,20347.1,397502
2493,264,-18.865,0,A,11,14,0.0,stuck,1262,20357.4,397766
2494,43,-7.193,0,A,14,22,0.0,escape,1263,20359.1,397809
2495,300,-22.239,0,A,22,7,0.0,,1263,20371.0,398109
2496,23,-4.533,0,A,7,22,0.0,escape,1264,20371.9,398132
2497,72,-14.356,0,A,22,22,0.0,escape,1265,20374.8,398204
2498,28,-3.941,0,A,22,15,0.0,escape,1266,20375.9,398232
2499,32,-5.732,0,A,15,23,0.0,escape,1267,20377.1,398264
2500,71,-9.444,0,A,23,14,0.0,escape,1268,20380.0,398335
2501,300,-47.972,0,A,14,14,0.0,,1268,20391.7,398635
2502,1,-0.167,0,A,14,14,0.0,stuck,1269,20391.7,398636
2503,300,-51.822,0,A,14,14,0.0,,1269,20403.4,398936
2504,1,-0.165,0,A,14,22,0.0,stuck,1270,20403.4,398937
2505,300,-55.706,0,A,22,22,0.0,,1270,20415.3,399237
2506,1,-0.183,0,A,22,22,0.0,stuck,1271,20415.3,399238
2507,97,-3.599,0,A,22,23,0.0,escape,1272,20419.1,399335
2508,300,-46.797,0,A,23,23,0.0,,1272,20431.4,399635
2509,248,-66.753,0,A,23,14,0.0,stuck,1273,20441.3,399883
2510,300,-58.328,0,A,14,14,0.0,,1273,20507.0,400183
2511,1,-0.171,0,A,14,30,0.0,stuck,1274,20507.0,400184
2512,300,-64.304,0,A,30,30,0.0,,1274,20518.7,400484
2513,1,-0.195,0,A,30,22,0.0,stuck,1275,20518.7,400485
2514,300,-63.366,0,A,22,22,0.0,,1275,20530.5,400785
2515,1,-0.185,0,A,22,15,0.0,stuck,1276,20530.5,400786
2516,300,-16.851,0,A,15,7,0.0,,1276,20542.3,401086
2517,36,-4.994,0,A,7,14,0.0,stuck,1277,20543.8,401122
2518,67,-13.113,0,A,14,22,0.0,escape,1278,20546.4,401189
2519,300,-65.004,0,A,22,22,0.0,,1278,20558.1,401489
2520,1,-0.173,0,A,22,14,0.0,stuck,1279,20558.1,401490
2521,300,-62.579,0,A,14,14,0.0,,1279,20569.8,401790
2522,1,-0.17,0,A,14,22,0.0,stuck,1280,20569.9,401791
2523,300,-57.896,0,A,22,31,0.0,,1280,20581.6,402091
2524,233,-48.335,0,A,31,15,0.0,stuck,1281,20590.7,402324
2525,300,-58.921,0,A,15,15,0.0,,1281,20602.4,402624
2526,1,-0.202,0,A,15,23,0.0,stuck,1282,20602.5,402625
2527,300,-55.239,0,A,23,23,0.0,,1282,20614.3,402925
2528,1,-0.203,0,A,23,22,0.0,stuck,1283,20614.4,402926
2529,300,-53.859,0,A,22,22,0.0,,1283,20626.2,403226
2530,1,-0.196,0,A,22,6,0.0,stuck,1284,20626.2,403227
2531,300,-49.642,0,A,6,6,0.0,,1284,20637.8,403527
2532,1,-0.178,0,A,6,23,0.0,stuck,1285,20637.9,403528
2533,300,-55.129,0,A,23,23,0.0,,1285,20649.7,403828
2534,1,-0.215,0,A,23,14,0.0,stuck,1286,20649.7,403829
2535,300,-45.997,0,A,14,14,0.0,,1286,20661.4,404129
2536,1,-0.165,0,A,14,22,0.0,stuck,1287,20661.4,404130
2537,300,-47.403,0,A,22,22,0.0,,1287,20673.2,404430
2538,1,-0.172,0,A,22,21,0.0,stuck,1288,20673.2,404431
2539,300,-46.137,0,A,21,21,0.0,,1288,20684.8,404731
2540,1,-0.155,0,A,21,22,0.0,stuck,1289,20684.8,404732
2541,300,-47.058,0,A,22,22,0.0,,1289,20696.5,405032
2542,1,-0.177,0,A,22,30,0.0,stuck,1290,20696.5,405033
2543,300,-52.632,0,A,30,30,0.0,,1290,20708.3,405333
2544,1,-0.202,0,A,30,15,0.0,stuck,1291,20708.3,405334
2545,300,-53.494,0,A,15,15,0.0,,1291,20720.0,405634
2546,1,-0.207,0,A,15,22,0.0,stuck,1292,20720.1,405635
2547,300,-48.308,0,A,22,22,0.0,,1292,20732.0,405935
2548,1,-0.182,0,A,22,22,0.0,stuck,1293,20732.0,405936
2549,300,-42.781,0,A,22,22,0.0,,1293,20743.8,406236
2550,1,-0.163,0,A,22,14,0.0,stuck,1294,20743.8,406237
2551,300,-46.175,0,A,14,14,0.0,,1294,20755.5,406537
2552,1,-0.178,0,A,14,23,0.0,stuck,1295,20755.6,406538
2553,300,-52.2,0,A,23,23,0.0,,1295,20767.3,406838
2554,1,-0.209,0,A,23,23,0.0,stuck,1296,20767.3,406839
2555,300,-51.807,0,A,23,23,0.0,,1296,20779.0,407139
2556,1,-0.208,0,A,23,15,0.0,stuck,1297,20779.0,407140
2557,300,-51.853,0,A,15,15,0.0,,1297,20790.7,407440
2558,1,-0.205,0,A,15,22,0.0,stuck,1298,20790.7,407441
2559,300,-44.891,0,A,22,22,0.0,,1298,20802.4,407741
2560,1,-0.178,0,A,22,7,0.0,stuck,1299,20802.4,407742
2561,300,-52.271,0,A,7,7,0.0,,1299,20814.2,408042
2562,1,-0.206,0,A,7,6,0.0,stuck,1300,20814.3,408043
2563,300,-45.97,0,A,6,6,0.0,,1300,20826.1,408343
2564,1,-0.182,0,A,6,22,0.0,stuck,1301,20826.1,408344
2565,300,-45.977,0,A,22,22,0.0,,1301,20837.9,408644
2566,1,-0.184,0,A,22,6,0.0,stuck,1302,20837.9,408645
2567,300,-47.758,0,A,6,6,0.0,,1302,20850.0,408945
2568,1,-0.184,0,A,6,14,0.0,stuck,1303,20850.1,408946
2569,300,-43.707,0,A,14,14,0.0,,1303,20864.3,409246
2570,1,-0.167,0,A,14,15,0.0,stuck,1304,20864.3,409247
2571,300,-52.387,0,A,15,15,0.0,,1304,20876.1,409547
2572,1,-0.207,0,A,15,15,0.0,stuck,1305,20876.1,409548
2573,300,-52.803,0,A,15,15,0.0,,1305,20887.8,409848
2574,1,-0.204,0,A,15,15,0.0,stuck,1306,20887.9,409849
2575,300,-17.192,0,A,15,7,0.0,,1306,20899.7,410149
2576,266,-40.703,0,A,7,14,0.0,stuck,1307,20910.6,410415
2577,300,-44.606,0,A,14,14,0.0,,1307,20922.3,410715
2578,1,-0.166,0,A,14,23,0.0,stuck,1308,20922.4,410716
2579,292,-9.865,0,A,23,22,0.0,escape,1309,20933.9,411008
2580,300,-43.029,0,A,22,22,0.0,,1309,20945.5,411308
2581,1,-0.162,0,A,22,14,0.0,stuck,1310,20945.6,411309
2582,300,-45.609,0,A,14,14,0.0,,1310,20957.2,411609
2583,1,-0.174,0,A,14,14,0.0,stuck,1311,20957.2,411610
2584,300,-45.867,0,A,14,14,0.0,,1311,20969.1,411910
2585,1,-0.175,0,A,14,21,0.0,stuck,1312,20969.2,411911
2586,300,-43.139,0,A,21,21,0.0,,1312,20980.9,412211
2587,1,-0.154,0,A,21,22,0.0,stuck,1313,20981.0,412212
2588,300,-52.787,0,A,22,22,0.0,,1313,20992.8,412512
2589,1,-0.202,0,A,22,23,0.0,stuck,1314,20992.8,412513
2590,300,-53.246,0,A,23,23,0.0,,1314,21004.6,412813
2591,1,-0.208,0,A,23,6,0.0,stuck,1315,21004.6,412814
2592,300,-55.559,0,A,6,7,0.0,,1315,21016.5,413114
2593,28,-5.618,0,A,7,14,0.0,escape,1316,21017.6,413142
2594,300,-14.144,0,A,14,15,0.0,,1316,21030.2,413442
2595,34,-7.497,0,A,15,15,0.0,stuck,1317,21031.7,413476
2596,285,-25.136,0,A,15,22,0.0,escape,1318,21043.0,413761
2597,300,-44.99,0,A,22,22,0.0,,1318,21054.9,414061
2598,1,-0.169,0,A,22,15,0.0,stuck,1319,21054.9,414062
2599,300,-14.275,0,A,15,15,0.0,,1319,21066.4,414362
2600,33,-4.599,0,A,15,30,0.0,stuck,1320,21067.7,414395
2601,300,-50.348,0,A,30,30,0.0,,1320,21079.0,414695
2602,1,-0.19,0,A,30,22,0.0,stuck,1321,21079.0,414696
2603,300,-44.8,0,A,22,22,0.0,,1321,21090.3,414996
2604,1,-0.164,0,A,22,22,0.0,stuck,1322,21090.3,414997
2605,300,-47.921,0,A,22,23,0.0,,1322,21101.5,415297
2606,300,-25.87,0,A,23,23,0.0,,1322,21112.9,415597
2607,24,-4.876,0,A,23,14,0.0,stuck,1323,21113.8,415621
2608,81,-8.324,0,A,14,23,0.0,escape,1324,21116.9,415702
2609,300,-39.314,0,A,23,31,0.0,,1324,21128.4,416002
2610,300,-22.082,0,A,31,23,0.0,,1324,21140.2,416302
2611,300,-36.57,0,A,23,23,0.0,,1324,21152.5,416602
2612,27,-5.934,0,A,23,23,0.0,stuck,1325,21153.6,416629
2613,300,-14.771,0,A,23,31,0.0,,1325,21165.6,416929
2614,300,-31.836,0,A,31,23,0.0,,1325,21177.4,417229
2615,300,-15.974,0,A,23,23,0.0,,1325,21189.5,417529
2616,33,-7.019,0,A,23,22,0.0,stuck,1326,21190.8,417562
2617,300,-44.504,0,A,22,22,0.0,,1326,21202.5,417862
2618,1,-0.174,0,A,22,21,0.0,stuck,1327,21202.5,417863
2619,300,-43.327,0,A,21,21,0.0,,1327,21214.2,418163
2620,1,-0.156,0,A,21,22,0.0,stuck,1328,21214.2,418164
2621,30,-3.89,0,A,22,22,0.0,escape,1329,21215.4,418194
2622,31,-4.781,0,A,22,15,0.0,escape,1330,21216.6,418225
2623,65,-3.997,0,A,15,14,0.0,escape,1331,21219.2,418290
2624,60,-13.212,0,A,14,15,0.0,escape,1332,21221.6,418350
2625,300,-68.916,0,A,15,7,0.0,,1332,21233.5,418650
2626,79,-0.41,0,A,7,14,0.0,escape,1333,21236.6,418729
2627,142,-13.935,1,B,14,18,0.0,,1333,21242.2,418871
2628,88,-13.447,0,B,18,8,0.0,escape,1334,21245.7,418959
2629,300,-88.245,0,B,8,9,0.0,,1334,21257.5,419259
2630,49,-8.262,0,B,9,17,0.0,stuck,1335,21259.4,419308
2631,300,-65.92,0,B,17,18,0.0,,1335,21271.2,419608
2632,74,-0.529,1,A,18,21,0.0,,1335,21274.1,419682
2633,300,-43.778,0,A,21,21,0.0,,1335,21285.9,419982
2634,1,-0.158,0,A,21,23,0.0,stuck,1336,21285.9,419983
2635,300,-20.937,0,A,23,15,0.0,,1336,21297.6,420283
2636,53,-11.613,0,A,15,13,0.0,stuck,1337,21299.6,420336
2637,300,-43.038,0,A,13,13,0.0,,1337,21311.1,420636
2638,1,-0.156,0,A,13,22,0.0,stuck,1338,21311.2,420637
2639,300,-46.818,0,A,22,22,0.0,,1338,21322.7,420937
2640,1,-0.165,0,A,22,22,0.0,stuck,1339,21322.8,420938
2641,300,-19.128,0,A,22,23,0.0,,1339,21334.5,421238
2642,300,-13.208,0,A,23,23,0.0,,1339,21346.1,421538
2643,41,-7.275,0,A,23,30,0.0,escape,1340,21347.7,421579
2644,93,-15.124,0,A,30,14,0.0,escape,1341,21351.2,421672
2645,300,-46.839,0,A,14,14,0.0,,1341,21363.0,421972
2646,1,-0.178,0,A,14,23,0.0,stuck,1342,21363.0,421973
2647,300,-19.566,0,A,23,23,0.0,,1342,21374.9,422273
2648,300,-29.913,0,A,23,15,0.0,,1342,21386.9,422573
2649,85,-9.475,0,A,15,22,0.0,stuck,1343,21390.2,422658
2650,31,-5.207,0,A,22,22,0.0,escape,1344,21391.4,422689
2651,300,-59.587,0,A,22,22,0.0,,1344,21403.2,422989
2652,1,-0.175,0,A,22,14,0.0,stuck,1345,21403.2,422990
2653,300,-20.047,0,A,14,15,0.0,,1345,21415.0,423290
2654,53,-8.712,0,A,15,23,0.0,stuck,1346,21417.1,423343
2655,173,-8.659,0,A,23,22,0.0,escape,1347,21423.9,423516
2656,47,-7.554,0,A,22,22,0.0,escape,1348,21425.6,423563
2657,300,-76.937,0,A,22,22,0.0,,1348,21437.4,423863
2658,1,-0.19,0,A,22,14,0.0,stuck,1349,21437.5,423864
2659,300,-69.751,0,A,14,14,0.0,,1349,21449.4,424164
2660,1,-0.167,0,A,14,22,0.0,stuck,1350,21449.4,424165
2661,300,-13.967,0,A,22,23,0.0,,1350,21461.2,424465
2662,291,-13.492,0,A,23,22,0.0,escape,1351,21472.7,424756
2663,300,-59.108,0,A,22,22,0.0,,1351,21535.8,425056
2664,1,-0.17,0,A,22,22,0.0,stuck,1352,21535.8,425057
2665,132,-20.633,0,A,22,14,0.0,escape,1353,21541.0,425189
2666,300,-40.992,0,A,14,4,0.0,,1353,21552.4,425489
2667,44,-4.818,0,A,4,14,0.0,stuck,1354,21554.1,425533
2668,300,-48.376,0,A,14,14,0.0,,1354,21565.9,425833
2669,1,-0.168,0,A,14,22,0.0,stuck,1355,21565.9,425834
2670,300,-11.312,0,A,22,7,0.0,,1355,21577.8,426134
2671,175,-4.848,0,A,7,30,0.0,escape,1356,21585.2,426309
2672,24,-3.52,0,A,30,14,0.0,escape,1357,21586.2,426333
2673,300,-46.313,0,A,14,5,0.0,,1357,21597.9,426633
2674,49,-6.669,0,A,5,15,0.0,stuck,1358,21599.8,426682
2675,300,-14.793,0,A,15,15,0.0,,1358,21611.9,426982
2676,22,-4.883,0,A,15,15,0.0,stuck,1359,21612.7,427004
2677,300,-17.312,0,A,15,7,0.0,,1359,21624.7,427304
2678,23,-4.117,0,A,7,14,0.0,stuck,1360,21625.6,427327
2679,300,-47.01,0,A,14,21,0.0,,1360,21637.3,427627
2680,188,-27.326,0,A,21,14,0.0,stuck,1361,21644.6,427815
2681,300,-19.261,0,A,14,23,0.0,,1361,21656.4,428115
2682,300,-16.477,0,A,23,15,0.0,,1361,21668.3,428415
2683,24,-4.262,0,A,15,13,0.0,stuck,1362,21669.2,428439
2684,300,-44.562,0,A,13,13,0.0,,1362,21680.8,428739
2685,1,-0.159,0,A,13,30,0.0,stuck,1363,21680.8,428740
2686,300,-75.979,0,A,30,31,0.0,,1363,21692.5,429040
2687,44,-9.687,0,A,31,14,0.0,stuck,1364,21694.2,429084
2688,300,-18.442,0,A,14,23,0.0,,1364,21706.0,429384
2689,54,-11.354,0,A,23,22,0.0,stuck,1365,21708.1,429438
2690,300,-54.214,0,A,22,23,0.0,,1365,21719.8,429738
2691,294,-14.094,0,A,23,14,0.0,escape,1366,21731.5,430032
2692,300,-37.049,0,A,14,15,0.0,,1366,21743.6,430332
2693,30,-6.602,0,A,15,22,0.0,stuck,1367,21744.7,430362
2694,300,-14.013,0,A,22,23,0.0,,1367,21756.0,430662
2695,27,-4.26,0,A,23,14,0.0,stuck,1368,21757.0,430689
2696,300,-15.205,0,A,14,15,0.0,,1368,21768.1,430989
2697,34,-5.095,0,A,15,14,0.0,stuck,1369,21769.3,431023
2698,300,-12.551,0,A,14,15,0.0,,1369,21780.2,431323
2699,29,-4.97,0,A,15,21,0.0,stuck,1370,21781.2,431352
2700,300,-48.061,0,A,21,21,0.0,,1370,21792.0,431652
2701,20,-2.56,0,A,21,22,0.0,stuck,1371,21792.7,431672
2702,300,-52.413,0,A,22,22,0.0,,1371,21803.3,431972
2703,1,-0.164,0,A,22,23,0.0,stuck,1372,21803.3,431973
2704,300,-16.033,0,A,23,23,0.0,,1372,21814.0,432273
2705,243,-15.524,0,A,23,14,0.0,escape,1373,21822.7,432516
2706,300,-14.894,0,A,14,23,0.0,,1373,21833.5,432816
2707,238,-15.343,0,A,23,14,0.0,stuck,1374,21841.9,433054
2708,300,-51.495,0,A,14,14,0.0,,1374,21852.7,433354
2709,1,-0.164,0,A,14,22,0.0,stuck,1375,21852.7,433355
2710,300,-55.828,0,A,22,22,0.0,,1375,21863.2,433655
2711,1,-0.184,0,A,22,14,0.0,stuck,1376,21863.3,433656
2712,33,-6.196,0,A,14,14,0.0,escape,1377,21864.4,433689
2713,300,-12.867,0,A,14,15,0.0,,1377,21875.0,433989
2714,28,-5.112,0,A,15,23,0.0,stuck,1378,21876.0,434017
2715,300,-9.285,0,A,23,7,0.0,,1378,21886.7,434317
2716,68,-9.364,0,A,7,30,0.0,escape,1379,21889.1,434385
2717,300,-16.474,0,A,30,15,0.0,,1379,21899.7,434685
2718,300,-18.414,0,A,15,7,0.0,,1379,21910.3,434985
2719,39,-8.18,0,A,7,23,0.0,stuck,1380,21911.6,435024
2720,300,-14.497,0,A,23,15,0.0,,1380,21922.3,435324
2721,26,-5.272,0,A,15,14,0.0,stuck,1381,21923.2,435350
2722,27,-4.905,0,A,14,14,0.0,escape,1382,21924.2,435377
2723,300,-17.935,0,A,14,15,0.0,,1382,21934.9,435677
2724,171,-1.836,0,A,15,22,0.0,escape,1383,21940.9,435848
2725,300,-48.591,0,A,22,22,0.0,,1383,21951.4,436148
2726,1,-0.163,0,A,22,15,0.0,stuck,1384,21951.4,436149
2727,289,-65.799,0,A,15,14,0.0,escape,1385,21961.5,436438
2728,31,-5.588,0,A,14,22,0.0,escape,1386,21962.6,436469
2729,300,-51.916,0,A,22,22,0.0,,1386,21973.1,436769
2730,1,-0.178,0,A,22,6,0.0,stuck,1387,21973.1,436770
2731,30,-5.162,0,A,6,23,0.0,escape,1388,21974.2,436800
2732,300,-12.32,0,A,23,23,0.0,,1388,21984.8,437100
2733,300,-50.656,0,A,23,5,0.0,,1388,21995.2,437400
2734,83,-10.517,0,A,5,22,0.0,stuck,1389,21998.1,437483
2735,300,-49.851,0,A,22,22,0.0,,1389,22008.5,437783
2736,1,-0.186,0,A,22,22,0.0,stuck,1390,22008.5,437784
2737,300,-50.287,0,A,22,22,0.0,,1390,22018.8,438084
2738,1,-0.186,0,A,22,22,0.0,stuck,1391,22018.9,438085
2739,300,-48.862,0,A,22,22,0.0,,1391,22029.2,438385
2740,1,-0.185,0,A,22,22,0.0,stuck,1392,22029.3,438386
2741,300,-47.167,0,A,22,22,0.0,,1392,22039.7,438686
2742,1,-0.169,0,A,22,14,0.0,stuck,1393,22039.7,438687
2743,300,-43.157,0,A,14,14,0.0,,1393,22050.0,438987
2744,1,-0.161,0,A,14,6,0.0,stuck,1394,22050.1,438988
2745,300,-44.709,0,A,6,6,0.0,,1394,22060.5,439288
2746,1,-0.173,0,A,6,13,0.0,stuck,1395,22060.5,439289
2747,300,-43.27,0,A,13,13,0.0,,1395,22070.9,439589
2748,1,-0.156,0,A,13,22,0.0,stuck,1396,22070.9,439590
2749,300,-46.692,0,A,22,22,0.0,,1396,22081.3,439890
2750,1,-0.182,0,A,22,22,0.0,stuck,1397,22081.4,439891
2751,300,-52.862,0,A,22,6,0.0,,1397,22091.9,440191
2752,34,-4.885,0,A,6,14,0.0,stuck,1398,22093.0,440225
2753,50,-8.921,0,A,14,30,0.0,escape,1399,22094.7,440275
2754,300,-46.886,0,A,30,30,0.0,,1399,22105.2,440575
2755,1,-0.179,0,A,30,22,0.0,stuck,1400,22105.2,440576
2756,300,-51.901,0,A,22,12,0.0,,1400,22115.5,440876
2757,36,-4.017,0,A,12,22,0.0,stuck,1401,22116.8,440912
2758,300,-44.803,0,A,22,22,0.0,,1401,22126.9,441212
2759,1,-0.166,0,A,22,23,0.0,stuck,1402,22126.9,441213
2760,300,-67.806,0,A,23,15,0.0,,1402,22137.1,441513
2761,300,-72.963,0,A,15,7,0.0,,1402,22147.3,441813
2762,18,-3.648,0,A,7,15,0.0,escape,1403,22148.0,441831
2763,53,-4.95,0,A,15,22,0.0,escape,1404,22149.8,441884
2764,300,-44.587,0,A,22,31,0.0,,1404,22159.9,442184
2765,34,-6.708,0,A,31,15,0.0,stuck,1405,22161.0,442218
2766,300,-16.916,0,A,15,15,0.0,,1405,22171.2,442518
2767,52,-5.272,0,A,15,15,0.0,stuck,1406,22173.0,442570
2768,226,-10.653,0,A,15,22,0.0,escape,1407,22180.8,442796
2769,207,-7.127,0,A,22,14,0.0,escape,1408,22188.0,443003
2770,227,-25.599,0,A,14,14,0.0,escape,1409,22195.9,443230
2771,36,-6.273,0,A,14,22,0.0,escape,1410,22197.1,443266
2772,300,-44.454,0,A,22,22,0.0,,1410,22207.6,443566
2773,1,-0.165,0,A,22,23,0.0,stuck,1411,22207.7,443567
2774,69,-10.172,0,A,23,13,0.0,escape,1412,22210.0,443636
2775,300,-41.358,0,A,13,13,0.0,,1412,22220.3,443936
2776,1,-0.156,0,A,13,14,0.0,stuck,1413,22220.3,443937
2777,300,-45.52,0,A,14,14,0.0,,1413,22230.7,444237
2778,1,-0.172,0,A,14,23,0.0,stuck,1414,22230.7,444238
2779,300,14.956,0,A,23,31,0.0,,1414,22241.2,444538
2780,293,-38.1,0,A,31,6,0.0,escape,1415,22251.6,444831
2781,300,-35.005,0,A,6,3,0.0,,1415,22261.9,445131
2782,45,-3.513,0,A,3,22,0.0,stuck,1416,22263.5,445176
2783,300,-54.982,0,A,22,30,0.0,,1416,22273.9,445476
2784,48,-5.668,0,A,30,23,0.0,stuck,1417,22275.6,445524
2785,44,-3.704,0,A,23,15,0.0,escape,1418,22277.1,445568
2786,300,-13.813,0,A,15,23,0.0,,1418,22287.7,445868
2787,25,-4.461,0,A,23,21,0.0,stuck,1419,22288.6,445893
2788,300,-41.964,0,A,21,21,0.0,,1419,22299.0,446193
2789,1,-0.154,0,A,21,22,0.0,stuck,1420,22299.0,446194
2790,29,-3.412,0,A,22,22,0.0,escape,1421,22300.1,446223
2791,300,-13.091,0,A,22,23,0.0,,1421,22310.7,446523
2792,68,-0.061,0,A,23,22,0.0,stuck,1422,22313.0,446591
2793,300,-41.276,0,A,22,12,0.0,,1422,22323.5,446891
2794,70,-7.724,0,A,12,14,0.0,stuck,1423,22325.9,446961
2795,232,-18.672,0,A,14,6,0.0,escape,1424,22334.0,447193
2796,300,-37.331,0,A,6,19,0.0,,1424,22344.3,447493
2797,211,-19.844,0,A,19,14,0.0,stuck,1425,22351.5,447704
2798,33,-2.957,0,A,14,22,0.0,escape,1426,22352.6,447737
2799,34,-5.322,0,A,22,23,0.0,escape,1427,22353.8,447771
2800,300,-14.728,0,A,23,15,0.0,,1427,22364.1,448071
2801,171,-11.425,0,A,15,6,0.0,escape,1428,22370.0,448242
2802,300,-58.462,0,A,6,23,0.0,,1428,22380.3,448542
2803,300,-23.459,0,A,23,7,0.0,,1428,22390.8,448842
2804,49,-2.602,0,A,7,30,0.0,escape,1429,22392.5,448891
2805,59,-5.249,0,A,30,15,0.0,escape,1430,22394.4,448950
2806,300,-14.529,0,A,15,15,0.0,,1430,22405.0,449250
2807,22,-4.935,0,A,15,14,0.0,stuck,1431,22405.7,449272
2808,300,10.165,0,A,14,15,0.0,,1431,22416.1,449572
2809,300,-14.314,0,A,15,15,0.0,,1431,22426.7,449872
2810,300,-16.363,0,A,15,7,0.0,,1431,22481.8,450172
2811,300,-15.53,0,A,7,31,0.0,,1431,22492.4,450472
2812,10,-2.103,0,A,31,14,0.0,escape,1432,22492.7,450482
2813,58,-10.052,0,A,14,15,0.0,escape,1433,22494.7,450540
2814,300,-28.875,0,A,15,23,0.0,,1433,22505.2,450840
2815,79,-6.082,0,A,23,22,0.0,stuck,1434,22507.9,450919
2816,148,-11.78,0,A,22,14,0.0,escape,1435,22513.1,451067
2817,300,-54.784,0,A,14,30,0.0,,1435,22523.4,451367
2818,23,-2.514,0,A,30,22,0.0,stuck,1436,22524.2,451390
2819,116,-6.906,0,A,22,22,0.0,escape,1437,22528.3,451506
2820,300,-10.043,0,A,22,23,0.0,,1437,22538.7,451806
2821,1,-0.206,0,A,23,22,0.0,stuck,1438,22538.7,451807
2822,300,-15.41,0,A,22,31,0.0,,1438,22549.1,452107
2823,22,-4.075,0,A,31,15,0.0,stuck,1439,22549.9,452129
2824,300,-18.296,0,A,15,15,0.0,,1439,22560.4,452429
2825,300,-31.036,0,A,15,7,0.0,,1439,22570.9,452729
2826,203,-12.277,0,A,7,22,0.0,stuck,1440,22578.0,452932
2827,98,-13.331,0,A,22,22,0.0,escape,1441,22581.4,453030
2828,27,-2.678,0,A,22,15,0.0,escape,1442,22582.3,453057
2829,300,-8.581,0,A,15,15,0.0,,1442,22592.9,453357
2830,300,-15.738,0,A,15,7,0.0,,1442,22603.3,453657
2831,170,-15.107,0,A,7,21,0.0,stuck,1443,22609.6,453827
2832,65,0.52,1,B,21,10,0.0,,1443,22612.4,453892
2833,300,-38.418,0,B,10,10,0.0,,1443,22624.4,454192
2834,1,-0.129,0,B,10,25,0.0,stuck,1444,22624.5,454193
2835,298,-53.844,0,B,25,9,0.0,escape,1445,22635.0,454491
2836,300,-50.517,0,B,9,9,0.0,,1445,22646.9,454791
2837,1,-0.196,0,B,9,8,0.0,stuck,1446,22646.9,454792
2838,300,-54.08,0,B,8,8,0.0,,1446,22659.9,455092
2839,1,-0.208,0,B,8,16,0.0,stuck,1447,22660.0,455093
2840,300,-56.513,0,B,16,16,0.0,,1447,22673.2,455393
2841,1,-0.218,0,B,16,17,0.0,stuck,1448,22673.2,455394
2842,300,-42.238,0,B,17,29,0.0,,1448,22686.0,455694
2843,220,-20.352,0,B,29,1,0.0,stuck,1449,22694.9,455914
2844,300,-47.973,0,B,1,1,0.0,,1449,22706.5,456214
2845,1,-0.182,0,B,1,9,0.0,stuck,1450,22706.6,456215
2846,300,-49.932,0,B,9,9,0.0,,1450,22718.0,456515
2847,1,-0.2,0,B,9,16,0.0,stuck,1451,22718.0,456516
2848,300,-54.426,0,B,16,16,0.0,,1451,22729.7,456816
2849,1,-0.215,0,B,16,9,0.0,stuck,1452,22729.7,456817
2850,300,-41.595,0,B,9,21,0.0,,1452,22741.3,457117
2851,95,-7.225,0,B,21,16,0.0,escape,1453,22745.8,457212
2852,300,-57.268,0,B,16,16,0.0,,1453,22768.1,457512
2853,1,-0.214,0,B,16,1,0.0,stuck,1454,22768.2,457513
2854,300,-45.534,0,B,1,1,0.0,,1454,22791.5,457813
2855,1,-0.178,0,B,1,9,0.0,stuck,1455,22791.6,457814
2856,300,-48.419,0,B,9,9,0.0,,1455,22811.8,458114
2857,1,-0.188,0,B,9,9,0.0,stuck,1456,22811.9,458115
2858,300,-39.52,0,B,9,5,0.0,,1456,22831.4,458415
2859,270,-23.148,0,B,5,17,0.0,stuck,1457,22846.7,458685
2860,300,-49.867,0,B,17,17,0.0,,1457,22867.1,458985
2861,1,-0.184,0,B,17,9,0.0,stuck,1458,22867.1,458986
2862,57,-11.479,0,B,9,9,0.0,escape,1459,22870.3,459043
2863,41,-4.72,0,B,9,17,0.0,escape,1460,22872.0,459084
2864,23,-4.392,0,B,17,9,0.0,escape,1461,22873.0,459107
2865,29,-5.787,0,B,9,16,0.0,escape,1462,22874.4,459136
2866,15,-3.278,0,B,16,18,0.0,escape,1463,22875.0,459151
2867,131,-10.247,1,A,18,5,0.0,,1463,22881.5,459282
2868,38,-5.753,0,A,5,23,0.0,escape,1464,22883.1,459320
2869,300,-16.012,0,A,23,15,0.0,,1464,22896.5,459620
2870,83,-3.447,0,A,15,6,0.0,escape,1465,22900.3,459703
2871,122,-18.701,0,A,6,15,0.0,escape,1466,22906.4,459825
2872,300,-58.493,0,A,15,15,0.0,,1466,22924.2,460125
2873,27,-3.771,0,A,15,22,0.0,escape,1467,22925.5,460152
2874,300,-63.037,0,A,22,23,0.0,,1467,22940.0,460452
2875,30,-6.462,0,A,23,15,0.0,stuck,1468,22941.3,460482
2876,300,-12.023,0,A,15,23,0.0,,1468,22958.8,460782
2877,110,-9.286,0,A,23,14,0.0,stuck,1469,22965.2,460892
2878,300,-38.032,0,A,14,4,0.0,,1469,22980.1,461192
2879,133,-13.944,0,A,4,14,0.0,stuck,1470,22986.1,461325
2880,25,-3.944,0,A,14,15,0.0,escape,1471,22987.1,461350
2881,300,-13.632,0,A,15,15,0.0,,1471,23000.7,461650
2882,21,-3.677,0,A,15,6,0.0,stuck,1472,23001.6,461671
2883,300,-12.726,0,A,6,15,0.0,,1472,23014.8,461971
2884,300,-39.226,0,A,15,13,0.0,,1472,23027.7,462271
2885,42,-6.214,0,A,13,22,0.0,escape,1473,23029.5,462313
2886,300,-9.211,0,A,22,15,0.0,,1473,23043.4,462613
2887,270,-17.912,0,A,15,23,0.0,escape,1474,23055.8,462883
2888,300,11.424,0,A,23,23,0.0,,1474,23072.5,463183
2889,300,-12.275,0,A,23,23,0.0,,1474,23087.3,463483
2890,25,-3.77,0,A,23,14,0.0,stuck,1475,23088.7,463508
2891,57,2.587,1,B,14,2,0.0,,1475,23091.6,463565
2892,300,-46.036,0,B,2,1,0.0,,1475,23104.8,463865
2893,1,-0.17,0,B,1,17,0.0,stuck,1476,23104.8,463866
2894,300,-48.097,0,B,17,17,0.0,,1476,23119.1,464166
2895,1,-0.171,0,B,17,9,0.0,stuck,1477,23119.1,464167
2896,300,-59.637,0,B,9,9,0.0,,1477,23135.5,464467
2897,1,-0.184,0,B,9,9,0.0,stuck,1478,23135.6,464468
2898,300,-52.963,0,B,9,9,0.0,,1478,23149.8,464768
2899,1,-0.173,0,B,9,8,0.0,stuck,1479,23149.9,464769
2900,300,-71.366,0,B,8,8,0.0,,1479,23168.2,465069
2901,1,-0.208,0,B,8,8,0.0,stuck,1480,23168.3,465070
2902,300,-82.913,0,B,8,8,0.0,,1480,23185.8,465370
2903,1,-0.215,0,B,8,17,0.0,stuck,1481,23185.8,465371
2904,300,-44.118,0,B,17,17,0.0,,1481,23200.2,465671
2905,1,-0.166,0,B,17,9,0.0,stuck,1482,23200.3,465672
2906,300,-52.481,0,B,9,9,0.0,,1482,23220.9,465972
2907,1,-0.189,0,B,9,9,0.0,stuck,1483,23221.0,465973
2908,300,-44.435,0,B,9,9,0.0,,1483,23237.7,466273
2909,1,-0.175,0,B,9,9,0.0,stuck,1484,23237.8,466274
2910,300,-47.583,0,B,9,9,0.0,,1484,23255.2,466574
2911,1,-0.185,0,B,9,17,0.0,stuck,1485,23255.3,466575
2912,300,-54.398,0,B,17,17,0.0,,1485,23271.1,466875
2913,1,-0.194,0,B,17,1,0.0,stuck,1486,23271.2,466876
2914,300,-48.596,0,B,1,1,0.0,,1486,23286.7,467176
2915,1,-0.176,0,B,1,16,0.0,stuck,1487,23286.7,467177
2916,300,-51.631,0,B,16,16,0.0,,1487,23301.8,467477
2917,1,-0.209,0,B,16,17,0.0,stuck,1488,23301.9,467478
2918,300,-45.546,0,B,17,17,0.0,,1488,23316.6,467778
2919,1,-0.17,0,B,17,16,0.0,stuck,1489,23316.7,467779
2920,300,-51.458,0,B,16,16,0.0,,1489,23331.1,468079
2921,1,-0.207,0,B,16,17,0.0,stuck,1490,23331.1,468080
2922,300,-50.248,0,B,17,17,0.0,,1490,23345.8,468380
2923,1,-0.199,0,B,17,17,0.0,stuck,1491,23345.9,468381
2924,300,-46.51,0,B,17,17,0.0,,1491,23358.5,468681
2925,1,-0.174,0,B,17,9,0.0,stuck,1492,23358.5,468682
2926,300,-44.53,0,B,9,9,0.0,,1492,23372.2,468982
2927,1,-0.173,0,B,9,17,0.0,stuck,1493,23372.3,468983
2928,300,-47.379,0,B,17,17,0.0,,1493,23386.5,469283
2929,1,-0.18,0,B,17,10,0.0,stuck,1494,23386.5,469284
2930,300,-42.127,0,B,10,10,0.0,,1494,23401.1,469584
2931,1,-0.155,0,B,10,17,0.0,stuck,1495,23401.1,469585
2932,300,-46.632,0,B,17,17,0.0,,1495,23416.9,469885
2933,1,-0.171,0,B,17,16,0.0,stuck,1496,23417.0,469886
2934,300,-53.456,0,B,16,16,0.0,,1496,23432.7,470186
2935,1,-0.213,0,B,16,17,0.0,stuck,1497,23432.7,470187
2936,300,-45.601,0,B,17,17,0.0,,1497,23448.7,470487
2937,1,-0.165,0,B,17,18,0.0,stuck,1498,23448.8,470488
2938,300,-42.331,0,B,18,18,0.0,,1498,23463.5,470788
2939,1,-0.157,0,B,18,17,0.0,stuck,1499,23463.6,470789
2940,300,-49.75,0,B,17,17,0.0,,1499,23478.5,471089
2941,1,-0.193,0,B,17,9,0.0,stuck,1500,23478.6,471090
2942,110,-7.857,1,A,9,21,0.0,,1500,23483.9,471200
2943,25,-3.178,0,A,21,22,0.0,escape,1501,23485.1,471225
2944,64,-3.543,0,A,22,14,0.0,escape,1502,23488.5,471289
2945,300,-14.342,0,A,14,15,0.0,,1502,23503.8,471589
2946,22,-4.209,0,A,15,23,0.0,stuck,1503,23505.0,471611
2947,69,-13.374,0,A,23,14,0.0,escape,1504,23508.3,471680
2948,300,-15.2,0,A,14,15,0.0,,1504,23524.3,471980
2949,209,-12.408,0,A,15,22,0.0,stuck,1505,23534.6,472189
2950,187,-15.194,0,A,22,15,0.0,escape,1506,23542.3,472376
2951,300,-17.404,0,A,15,23,0.0,,1506,23554.6,472676
2952,276,-15.559,0,A,23,22,0.0,stuck,1507,23566.1,472952
2953,300,13.461,0,A,22,23,0.0,,1507,23578.5,473252
2954,33,-4.244,0,A,23,14,0.0,stuck,1508,23579.8,473285
2955,88,-12.338,0,A,14,14,0.0,escape,1509,23583.4,473373
2956,300,-15.509,0,A,14,15,0.0,,1509,23595.7,473673
2957,20,-3.58,0,A,15,14,0.0,stuck,1510,23596.5,473693
2958,300,-13.468,0,A,14,23,0.0,,1510,23608.7,473993
2959,182,-7.029,0,A,23,22,0.0,escape,1511,23616.2,474175
2960,300,-12.485,0,A,22,23,0.0,,1511,23629.3,474475
2961,300,-11.825,0,A,23,31,0.0,,1511,23641.2,474775
2962,34,-7.336,0,A,31,14,0.0,stuck,1512,23642.6,474809
2963,300,-16.385,0,A,14,23,0.0,,1512,23718.8,475109
2964,300,-15.62,0,A,23,15,0.0,,1512,23731.0,475409
2965,300,14.252,0,A,15,23,0.0,,1512,23743.0,475709
2966,51,-3.342,0,A,23,22,0.0,escape,1513,23745.1,475760
2967,29,-3.961,0,A,22,15,0.0,escape,1514,23746.3,475789
2968,131,-6.67,0,A,15,23,0.0,escape,1515,23751.6,475920
2969,140,-33.146,0,A,23,30,0.0,escape,1516,23757.3,476060
2970,34,-5.609,0,A,30,14,0.0,escape,1517,23758.7,476094
2971,300,-49.413,0,A,14,14,0.0,,1517,23770.6,476394
2972,1,-0.187,0,A,14,15,0.0,stuck,1518,23770.7,476395
2973,29,-5.929,0,A,15,22,0.0,escape,1519,23771.8,476424
2974,300,-50.39,0,A,22,22,0.0,,1519,23784.2,476724
2975,1,-0.18,0,A,22,22,0.0,stuck,1520,23784.3,476725
2976,300,-53.902,0,A,22,22,0.0,,1520,23796.4,477025
2977,1,-0.183,0,A,22,14,0.0,stuck,1521,23796.4,477026
2978,300,-57.986,0,A,14,14,0.0,,1521,23809.7,477326
2979,1,-0.191,0,A,14,15,0.0,stuck,1522,23809.7,477327
2980,300,-100.727,0,A,15,15,0.0,,1522,23823.6,477627
2981,1,-0.206,0,A,15,14,0.0,stuck,1523,23823.7,477628
2982,300,-74.158,0,A,14,14,0.0,,1523,23836.1,477928
2983,1,-0.164,0,A,14,6,0.0,stuck,1524,23836.2,477929
2984,300,-76.021,0,A,6,6,0.0,,1524,23848.6,478229
2985,1,-0.176,0,A,6,23,0.0,stuck,1525,23848.7,478230
2986,300,-82.906,0,A,23,23,0.0,,1525,23861.7,478530
2987,1,-0.212,0,A,23,14,0.0,stuck,1526,23861.7,478531
2988,300,-63.225,0,A,14,14,0.0,,1526,23873.9,478831
2989,1,-0.163,0,A,14,14,0.0,stuck,1527,23874.0,478832
2990,300,-67.517,0,A,14,14,0.0,,1527,23886.2,479132
2991,1,-0.186,0,A,14,14,0.0,stuck,1528,23886.2,479133
2992,300,-66.495,0,A,14,14,0.0,,1528,23898.4,479433
2993,1,-0.17,0,A,14,6,0.0,stuck,1529,23898.5,479434
2994,300,-66.166,0,A,6,6,0.0,,1529,23910.9,479734
2995,1,-0.181,0,A,6,30,0.0,stuck,1530,23910.9,479735
2996,300,-69.418,0,A,30,30,0.0,,1530,23923.0,480035
2997,1,-0.182,0,A,30,15,0.0,stuck,1531,23923.1,480036
2998,300,-69.215,0,A,15,15,0.0,,1531,23935.4,480336
2999,1,-0.209,0,A,15,22,0.0,stuck,1532,23935.5,480337
3000,300,-55.763,0,A,22,22,0.0,,1532,23947.5,480637
3001,1,-0.165,0,A,22,14,0.0,stuck,1533,23947.6,480638
3002,300,-57.642,0,A,14,14,0.0,,1533,23959.8,480938
3003,1,-0.181,0,A,14,22,0.0,stuck,1534,23959.9,480939
3004,300,-60.934,0,A,22,22,0.0,,1534,23972.0,481239
3005,1,-0.196,0,A,22,31,0.0,stuck,1535,23972.0,481240
3006,300,-57.166,0,A,31,31,0.0,,1535,23984.1,481540
3007,1,-0.204,0,A,31,22,0.0,stuck,1536,23984.1,481541
3008,300,-51.209,0,A,22,22,0.0,,1536,23996.2,481841
3009,1,-0.187,0,A,22,15,0.0,stuck,1537,23996.2,481842
3010,300,-59.043,0,A,15,15,0.0,,1537,24008.3,482142
3011,1,-0.209,0,A,15,6,0.0,stuck,1538,24008.4,482143
3012,300,-52.669,0,A,6,6,0.0,,1538,24020.4,482443
3013,1,-0.193,0,A,6,22,0.0,stuck,1539,24020.4,482444
3014,300,-53.495,0,A,22,22,0.0,,1539,24032.7,482744
3015,1,-0.196,0,A,22,21,0.0,stuck,1540,24032.7,482745
3016,300,-45.83,0,A,21,21,0.0,,1540,24044.7,483045
3017,1,-0.156,0,A,21,22,0.0,stuck,1541,24044.7,483046
3018,300,-46.798,0,A,22,22,0.0,,1541,24056.8,483346
3019,1,-0.165,0,A,22,30,0.0,stuck,1542,24056.8,483347
3020,300,-52.246,0,A,30,30,0.0,,1542,24068.8,483647
3021,1,-0.186,0,A,30,22,0.0,stuck,1543,24068.8,483648
3022,300,-48.701,0,A,22,22,0.0,,1543,24080.9,483948
3023,1,-0.164,0,A,22,22,0.0,stuck,1544,24080.9,483949
3024,300,-47.332,0,A,22,22,0.0,,1544,24093.2,484249
3025,1,-0.176,0,A,22,22,0.0,stuck,1545,24093.2,484250
3026,300,-50.269,0,A,22,22,0.0,,1545,24105.3,484550
3027,1,-0.19,0,A,22,14,0.0,stuck,1546,24105.3,484551
3028,300,-46.823,0,A,14,13,0.0,,1546,24117.6,484851
3029,215,-26.295,0,A,13,14,0.0,stuck,1547,24126.3,485066
3030,300,-42.627,0,A,14,14,0.0,,1547,24138.4,485366
3031,1,-0.166,0,A,14,22,0.0,stuck,1548,24138.4,485367
3032,300,-49.07,0,A,22,22,0.0,,1548,24150.6,485667
3033,1,-0.177,0,A,22,14,0.0,stuck,1549,24150.7,485668
3034,300,-47.179,0,A,14,14,0.0,,1549,24162.8,485968
3035,1,-0.182,0,A,14,22,0.0,stuck,1550,24162.8,485969
3036,300,-50.968,0,A,22,22,0.0,,1550,24174.6,486269
3037,1,-0.19,0,A,22,22,0.0,stuck,1551,24174.6,486270
3038,300,-50.557,0,A,22,22,0.0,,1551,24186.4,486570
3039,1,-0.183,0,A,22,14,0.0,stuck,1552,24186.4,486571
3040,300,-48.642,0,A,14,14,0.0,,1552,24198.1,486871
3041,1,-0.19,0,A,14,13,0.0,stuck,1553,24198.1,486872
3042,300,-43.357,0,A,13,13,0.0,,1553,24209.2,487172
3043,1,-0.152,0,A,13,14,0.0,stuck,1554,24209.2,487173
3044,300,-50.361,0,A,14,14,0.0,,1554,24220.2,487473
3045,1,-0.185,0,A,14,30,0.0,stuck,1555,24220.2,487474
3046,300,-55.158,0,A,30,30,0.0,,1555,24231.2,487774
3047,1,-0.202,0,A,30,22,0.0,stuck,1556,24231.2,487775
3048,300,-53.797,0,A,22,22,0.0,,1556,24242.1,488075
3049,1,-0.192,0,A,22,15,0.0,stuck,1557,24242.2,488076
3050,300,-54.889,0,A,15,15,0.0,,1557,24253.0,488376
3051,1,-0.216,0,A,15,22,0.0,stuck,1558,24253.0,488377
3052,300,-45.009,0,A,22,22,0.0,,1558,24263.9,488677
3053,1,-0.165,0,A,22,13,0.0,stuck,1559,24264.0,488678
3054,300,-43.337,0,A,13,13,0.0,,1559,24275.3,488978
3055,1,-0.157,0,A,13,22,0.0,stuck,1560,24275.4,488979
3056,300,-46.203,0,A,22,22,0.0,,1560,24286.1,489279
3057,1,-0.165,0,A,22,14,0.0,stuck,1561,24286.1,489280
3058,300,13.159,0,A,14,31,0.0,,1561,24296.9,489580
3059,37,-8.465,0,A,31,30,0.0,stuck,1562,24298.3,489617
3060,300,-56.667,0,A,30,31,0.0,,1562,24309.3,489917
3061,80,-5.124,0,A,31,23,0.0,stuck,1563,24312.2,489997
3062,300,-40.104,0,A,23,23,0.0,,1563,24323.0,490297
3063,222,11.868,0,A,23,22,0.0,stuck,1564,24331.0,490519
3064,300,-60.321,0,A,22,15,0.0,,1564,24341.8,490819
3065,300,-61.262,0,A,15,23,0.0,,1564,24352.5,491119
3066,26,-5.354,0,A,23,22,0.0,stuck,1565,24353.4,491145
3067,300,-43.915,0,A,22,31,0.0,,1565,24364.2,491445
3068,1,-0.247,0,A,31,14,0.0,escape,1566,24364.2,491446
3069,300,-50.653,0,A,14,14,0.0,,1566,24375.1,491746
3070,1,-0.163,0,A,14,15,0.0,stuck,1567,24375.1,491747
3071,300,-60.573,0,A,15,23,0.0,,1567,24386.0,492047
3072,300,19.7,0,A,23,23,0.0,,1567,24396.7,492347
3073,28,-4.161,0,A,23,22,0.0,stuck,1568,24397.7,492375
3074,300,-44.2,0,A,22,23,0.0,,1568,24408.5,492675
3075,300,-12.008,0,A,23,23,0.0,,1568,24419.3,492975
3076,3,-0.721,0,A,23,22,0.0,stuck,1569,24419.4,492978
3077,300,-65.16,0,A,22,23,0.0,,1569,24430.3,493278
3078,36,-4.676,0,A,23,14,0.0,stuck,1570,24431.6,493314
3079,300,-12.036,0,A,14,23,0.0,,1570,24442.2,493614
3080,300,14.934,0,A,23,23,0.0,,1570,24452.6,493914
3081,300,3.612,0,A,23,31,0.0,,1570,24463.0,494214
3082,9,-2.047,0,A,31,14,0.0,stuck,1571,24463.3,494223
3083,91,-4.227,0,A,14,14,0.0,escape,1572,24466.5,494314
3084,300,-10.615,0,A,14,23,0.0,,1572,24477.0,494614
3085,300,-12.452,0,A,23,31,0.0,,1572,24487.5,494914
3086,32,-4.589,0,A,31,14,0.0,stuck,1573,24488.6,494946
3087,300,-64.614,0,A,14,14,0.0,,1573,24499.1,495246
3088,1,-0.172,0,A,14,22,0.0,stuck,1574,24499.2,495247
3089,300,-22.576,0,A,22,23,0.0,,1574,24510.1,495547
3090,224,-50.607,0,A,23,15,0.0,stuck,1575,24518.1,495771
3091,300,16.9,0,A,15,31,0.0,,1575,24528.8,496071
3092,29,-4.922,0,A,31,22,0.0,stuck,1576,24529.9,496100
3093,26,-2.614,0,A,22,23,0.0,escape,1577,24530.8,496126
3094,300,-10.594,0,A,23,23,0.0,,1577,24541.7,496426
3095,25,-5.518,0,A,23,14,0.0,stuck,1578,24542.5,496451
3096,300,-11.682,0,A,14,15,0.0,,1578,24553.5,496751
3097,24,-5.299,0,A,15,14,0.0,stuck,1579,24554.3,496775
3098,279,-17.836,0,A,14,23,0.0,escape,1580,24564.5,497054
3099,28,-3.412,0,A,23,30,0.0,escape,1581,24565.6,497082
3100,300,-3.156,0,A,30,31,0.0,,1581,24576.3,497382
3101,1,-0.207,0,A,31,6,0.0,stuck,1582,24576.4,497383
3102,300,-51.329,0,A,6,13,0.0,,1582,24587.0,497683
3103,300,-20.604,0,A,13,7,0.0,,1582,24597.9,497983
3104,300,-8.766,0,A,7,15,0.0,,1582,24608.7,498283
3105,300,-14.051,0,A,15,15,0.0,,1582,24619.4,498583
3106,300,-10.502,0,A,15,23,0.0,,1582,24630.6,498883
3107,54,-1.396,0,A,23,22,0.0,stuck,1583,24633.1,498937
3108,300,-53.042,0,A,22,23,0.0,,1583,24643.9,499237
3109,300,-6.187,0,A,23,15,0.0,,1583,24654.7,499537
3110,225,-14.714,0,A,15,14,0.0,escape,1584,24662.8,499762
3111,300,-11.571,0,A,14,23,0.0,,1584,24724.0,500062
3112,85,-6.721,0,A,23,15,0.0,stuck,1585,24727.0,500147
3113,300,-13.864,0,A,15,23,0.0,,1585,24737.6,500447
3114,300,15.525,0,A,23,23,0.0,,1585,24748.2,500747
3115,29,-4.497,0,A,23,22,0.0,stuck,1586,24749.3,500776
3116,300,-61.718,0,A,22,23,0.0,,1586,24760.0,501076
3117,30,-3.71,0,A,23,22,0.0,stuck,1587,24761.1,501106
3118,33,-3.295,0,A,22,22,0.0,escape,1588,24762.2,501139
3119,300,-48.466,0,A,22,31,0.0,,1588,24772.9,501439
3120,27,-4.95,0,A,31,15,0.0,stuck,1589,24773.9,501466
3121,300,-10.177,0,A,15,23,0.0,,1589,24784.7,501766
3122,296,17.493,0,A,23,14,0.0,stuck,1590,24795.5,502062
3123,37,-4.731,0,A,14,14,0.0,escape,1591,24796.9,502099
3124,45,-7.372,0,A,14,14,0.0,escape,1592,24798.7,502144
3125,300,-14.657,0,A,14,15,0.0,,1592,24810.3,502444
3126,300,-63.274,0,A,15,15,0.0,,1592,24825.4,502744
3127,30,-3.834,0,A,15,14,0.0,stuck,1593,24826.6,502774
3128,300,-15.388,0,A,14,15,0.0,,1593,24840.2,503074
3129,74,-5.138,0,A,15,14,0.0,stuck,1594,24843.3,503148
3130,300,-4.226,0,A,14,23,0.0,,1594,24856.2,503448
3131,300,-11.135,0,A,23,31,0.0,,1594,24868.3,503748
3132,47,-9.41,0,A,31,14,0.0,stuck,1595,24870.1,503795
3133,300,-16.238,0,A,14,31,0.0,,1595,24882.4,504095
3134,144,-8.543,0,A,31,22,0.0,stuck,1596,24888.1,504239
3135,300,-15.499,0,A,22,31,0.0,,1596,24899.7,504539
3136,26,-4.587,0,A,31,15,0.0,stuck,1597,24900.7,504565
3137,300,-12.201,0,A,15,15,0.0,,1597,24912.7,504865
3138,25,-4.299,0,A,15,22,0.0,stuck,1598,24913.6,504890
3139,300,21.104,0,A,22,31,0.0,,1598,24925.6,505190
3140,4,-0.865,0,A,31,22,0.0,escape,1599,24925.7,505194
