episode,steps,return,success,target,start_bin,delivered_bin,designer_bonus,intervention_kind,interventions_total,wallclock_s,global_step
1,300,-78.339,0,B,25,25,0.0,,0,0.5,300
2,1,-0.193,0,B,25,17,0.0,stuck,1,0.5,301
3,300,-85.077,0,B,17,17,0.0,,1,0.9,601
4,1,-0.18,0,B,17,9,0.0,stuck,2,0.9,602
5,300,-51.595,0,B,9,9,0.0,,2,1.3,902
6,1,-0.162,0,B,9,9,0.0,stuck,3,1.3,903
7,300,-91.552,0,B,9,9,0.0,,3,1.6,1203
8,1,-0.193,0,B,9,9,0.0,stuck,4,1.6,1204
9,300,-86.124,0,B,9,9,0.0,,4,2.0,1504
10,1,-0.164,0,B,9,18,0.0,stuck,5,2.0,1505
11,300,-58.746,0,B,18,18,0.0,,5,2.3,1805
12,1,-0.154,0,B,18,18,0.0,stuck,6,2.3,1806
13,300,-80.535,0,B,18,18,0.0,,6,2.7,2106
14,1,-0.154,0,B,18,17,0.0,stuck,7,2.7,2107
15,300,-90.123,0,B,17,17,0.0,,7,2.9,2407
16,1,-0.176,0,B,17,8,0.0,stuck,8,2.9,2408
17,300,-66.288,0,B,8,8,0.0,,8,3.2,2708
18,1,-0.22,0,B,8,16,0.0,stuck,9,3.2,2709
19,300,-68.512,0,B,16,16,0.0,,9,3.7,3009
20,1,-0.205,0,B,16,17,0.0,stuck,10,3.7,3010
21,300,-63.389,0,B,17,17,0.0,,10,4.1,3310
22,1,-0.184,0,B,17,8,0.0,stuck,11,4.1,3311
23,300,-83.54,0,B,8,8,0.0,,11,4.5,3611
24,1,-0.207,0,B,8,16,0.0,stuck,12,4.5,3612
25,300,-78.665,0,B,16,16,0.0,,12,4.8,3912
26,1,-0.209,0,B,16,10,0.0,stuck,13,4.8,3913
27,300,-75.616,0,B,10,10,0.0,,13,5.2,4213
28,1,-0.152,0,B,10,8,0.0,stuck,14,5.2,4214
29,300,-84.499,0,B,8,8,0.0,,14,5.5,4514
30,1,-0.206,0,B,8,16,0.0,stuck,15,5.5,4515
31,300,-79.825,0,B,16,16,0.0,,15,5.9,4815
32,1,-0.212,0,B,16,9,0.0,stuck,16,5.9,4816
33,300,-81.024,0,B,9,9,0.0,,16,10.7,5116
34,1,-0.191,0,B,9,17,0.0,stuck,17,10.7,5117
35,300,-78.88,0,B,17,17,0.0,,17,21.5,5417
36,1,-0.198,0,B,17,9,0.0,stuck,18,21.5,5418
37,300,-81.101,0,B,9,9,0.0,,18,33.0,5718
38,1,-0.169,0,B,9,16,0.0,stuck,19,33.1,5719
39,300,-93.085,0,B,16,16,0.0,,19,44.0,6019
40,1,-0.211,0,B,16,17,0.0,stuck,20,44.0,6020
41,300,-87.909,0,B,17,16,0.0,,20,56.0,6320
42,57,-12.767,0,B,16,16,0.0,stuck,21,58.2,6377
43,300,-76.776,0,B,16,16,0.0,,21,70.2,6677
44,1,-0.203,0,B,16,9,0.0,stuck,22,70.3,6678
45,300,-54.262,0,B,9,9,0.0,,22,82.0,6978
46,1,-0.172,0,B,9,9,0.0,stuck,23,82.0,6979
47,300,-89.761,0,B,9,9,0.0,,23,94.0,7279
48,1,-0.201,0,B,9,9,0.0,stuck,24,94.0,7280
49,300,-80.374,0,B,9,9,0.0,,24,105.6,7580
50,1,-0.182,0,B,9,25,0.0,stuck,25,105.7,7581
51,300,-66.629,0,B,25,25,0.0,,25,117.0,7881
52,1,-0.189,0,B,25,18,0.0,stuck,26,117.1,7882
53,300,-60.712,0,B,18,18,0.0,,26,129.4,8182
54,1,-0.157,0,B,18,17,0.0,stuck,27,129.5,8183
55,300,-51.455,0,B,17,17,0.0,,27,144.0,8483
56,1,-0.179,0,B,17,9,0.0,stuck,28,144.1,8484
57,300,-65.027,0,B,9,9,0.0,,28,158.6,8784
58,1,-0.182,0,B,9,17,0.0,stuck,29,158.7,8785
59,300,-59.714,0,B,17,17,0.0,,29,171.6,9085
60,1,-0.171,0,B,17,17,0.0,stuck,30,171.6,9086
61,38,-7.686,0,B,17,9,0.0,escape,31,173.1,9124
62,300,-68.631,0,B,9,9,0.0,,31,185.5,9424
63,1,-0.198,0,B,9,9,0.0,stuck,32,185.5,9425
64,300,-62.78,0,B,9,9,0.0,,32,198.5,9725
65,1,-0.198,0,B,9,9,0.0,stuck,33,198.6,9726
66,300,-57.879,0,B,9,8,0.0,,33,211.6,10026
67,268,-72.461,0,B,8,17,0.0,stuck,34,226.0,10294
68,300,-62.076,0,B,17,17,0.0,,34,243.2,10594
69,1,-0.171,0,B,17,9,0.0,stuck,35,243.3,10595
70,300,-57.969,0,B,9,9,0.0,,35,257.5,10895
71,1,-0.162,0,B,9,9,0.0,stuck,36,257.5,10896
72,300,-62.19,0,B,9,9,0.0,,36,270.4,11196
73,1,-0.164,0,B,9,16,0.0,stuck,37,270.4,11197
74,300,-65.007,0,B,16,16,0.0,,37,283.7,11497
75,1,-0.21,0,B,16,10,0.0,stuck,38,283.8,11498
76,300,-57.042,0,B,10,10,0.0,,38,297.4,11798
77,1,-0.158,0,B,10,16,0.0,stuck,39,297.4,11799
78,300,-65.592,0,B,16,8,0.0,,39,313.2,12099
79,54,-11.102,0,B,8,16,0.0,stuck,40,316.2,12153
80,300,-70.314,0,B,16,16,0.0,,40,329.3,12453
81,1,-0.219,0,B,16,9,0.0,stuck,41,329.3,12454
82,300,-65.52,0,B,9,9,0.0,,41,343.5,12754
83,1,-0.184,0,B,9,9,0.0,stuck,42,343.5,12755
84,300,-51.457,0,B,9,11,0.0,,42,355.5,13055
85,189,-25.212,0,B,11,9,0.0,stuck,43,363.1,13244
86,122,-18.241,0,B,9,9,0.0,escape,44,368.3,13366
87,128,-24.392,0,B,9,10,0.0,escape,45,373.7,13494
88,300,-56.118,0,B,10,10,0.0,,45,389.0,13794
89,1,-0.154,0,B,10,9,0.0,stuck,46,389.0,13795
90,300,-59.336,0,B,9,8,0.0,,46,402.5,14095
91,177,-38.307,0,B,8,10,0.0,stuck,47,409.5,14272
92,300,-44.111,0,B,10,10,0.0,,47,421.7,14572
93,1,-0.153,0,B,10,9,0.0,stuck,48,421.8,14573
94,300,-47.728,0,B,9,10,0.0,,48,436.5,14873
95,61,-11.66,0,B,10,1,0.0,escape,49,439.1,14934
96,300,-57.822,0,B,1,1,0.0,,49,451.1,15234
97,1,-0.175,0,B,1,17,0.0,stuck,50,451.2,15235
98,300,-56.064,0,B,17,25,0.0,,50,464.5,15535
99,1,-0.197,0,B,25,10,0.0,stuck,51,464.6,15536
100,300,-59.927,0,B,10,10,0.0,,51,477.2,15836
101,300,-39.477,0,B,10,11,0.0,,51,489.7,16136
102,4,-0.438,0,B,11,8,0.0,stuck,52,489.8,16140
103,300,-54.418,0,B,8,8,0.0,,52,502.5,16440
104,1,-0.208,0,B,8,9,0.0,stuck,53,502.5,16441
105,300,-46.999,0,B,9,9,0.0,,53,515.2,16741
106,1,-0.165,0,B,9,9,0.0,stuck,54,515.3,16742
107,300,-50.964,0,B,9,9,0.0,,54,528.1,17042
108,1,-0.188,0,B,9,17,0.0,stuck,55,528.1,17043
109,300,-50.844,0,B,17,17,0.0,,55,540.7,17343
110,1,-0.159,0,B,17,18,0.0,stuck,56,540.7,17344
111,300,-46.303,0,B,18,18,0.0,,56,553.5,17644
112,1,-0.156,0,B,18,8,0.0,stuck,57,553.5,17645
113,300,-58.065,0,B,8,8,0.0,,57,566.4,17945
114,1,-0.218,0,B,8,18,0.0,stuck,58,566.4,17946
115,300,-53.55,0,B,18,18,0.0,,58,579.1,18246
116,1,-0.156,0,B,18,18,0.0,stuck,59,579.2,18247
117,300,-47.301,0,B,18,18,0.0,,59,592.0,18547
118,1,-0.157,0,B,18,16,0.0,stuck,60,592.1,18548
119,300,-53.627,0,B,16,16,0.0,,60,604.8,18848
120,1,-0.206,0,B,16,8,0.0,stuck,61,604.9,18849
121,300,-56.391,0,B,8,8,0.0,,61,617.4,19149
122,1,-0.22,0,B,8,17,0.0,stuck,62,617.4,19150
123,300,-53.322,0,B,17,17,0.0,,62,630.0,19450
124,1,-0.187,0,B,17,25,0.0,stuck,63,630.1,19451
125,300,-53.182,0,B,25,25,0.0,,63,642.6,19751
126,1,-0.185,0,B,25,17,0.0,stuck,64,642.6,19752
127,300,-51.526,0,B,17,17,0.0,,64,655.4,20052
128,1,-0.19,0,B,17,8,0.0,stuck,65,655.5,20053
129,300,-55.372,0,B,8,8,0.0,,65,668.3,20353
130,1,-0.213,0,B,8,8,0.0,stuck,66,668.4,20354
131,300,-70.499,0,B,8,8,0.0,,66,681.0,20654
132,1,-0.217,0,B,8,16,0.0,stuck,67,681.0,20655
133,300,-56.409,0,B,16,16,0.0,,67,693.9,20955
134,1,-0.204,0,B,16,8,0.0,stuck,68,694.0,20956
135,300,-57.07,0,B,8,8,0.0,,68,707.0,21256
136,1,-0.211,0,B,8,16,0.0,stuck,69,707.0,21257
137,300,-61.941,0,B,16,16,0.0,,69,719.8,21557
138,1,-0.213,0,B,16,8,0.0,stuck,70,719.8,21558
139,154,-32.005,0,B,8,17,0.0,escape,71,726.4,21712
140,300,-61.067,0,B,17,17,0.0,,71,739.1,22012
141,1,-0.169,0,B,17,9,0.0,stuck,72,739.1,22013
142,300,-61.434,0,B,9,0,0.0,,72,751.8,22313
143,119,-21.256,0,B,0,9,0.0,stuck,73,757.0,22432
144,300,-73.245,0,B,9,9,0.0,,73,769.9,22732
145,300,-49.723,0,B,9,2,0.0,,73,783.0,23032
146,242,-34.506,0,B,2,9,0.0,escape,74,793.4,23274
147,300,-47.774,0,B,9,1,0.0,,74,806.4,23574
148,86,-13.139,0,B,1,17,0.0,stuck,75,810.0,23660
149,300,-54.971,0,B,17,16,0.0,,75,822.8,23960
150,247,-47.77,0,B,16,9,0.0,stuck,76,833.3,24207
151,300,-51.725,0,B,9,9,0.0,,76,846.3,24507
152,1,-0.193,0,B,9,9,0.0,stuck,77,846.3,24508
153,300,-52.265,0,B,9,8,0.0,,77,859.3,24808
154,187,-35.11,0,B,8,17,0.0,stuck,78,867.3,24995
155,300,-50.044,0,B,17,17,0.0,,78,942.0,25295
156,1,-0.165,0,B,17,18,0.0,stuck,79,942.0,25296
157,300,-47.083,0,B,18,18,0.0,,79,955.2,25596
158,1,-0.157,0,B,18,16,0.0,stuck,80,955.2,25597
159,300,-55.986,0,B,16,16,0.0,,80,968.0,25897
160,1,-0.207,0,B,16,9,0.0,stuck,81,968.0,25898
161,300,-46.574,0,B,9,9,0.0,,81,980.8,26198
162,1,-0.162,0,B,9,25,0.0,stuck,82,980.8,26199
163,300,-56.613,0,B,25,25,0.0,,82,993.6,26499
164,1,-0.201,0,B,25,9,0.0,stuck,83,993.6,26500
165,300,-48.953,0,B,9,9,0.0,,83,1006.5,26800
166,1,-0.175,0,B,9,8,0.0,stuck,84,1006.5,26801
167,300,-59.531,0,B,8,8,0.0,,84,1019.6,27101
168,1,-0.22,0,B,8,9,0.0,stuck,85,1019.6,27102
169,300,-46.396,0,B,9,9,0.0,,85,1032.5,27402
170,1,-0.166,0,B,9,17,0.0,stuck,86,1032.5,27403
171,300,-50.741,0,B,17,17,0.0,,86,1045.1,27703
172,1,-0.18,0,B,17,1,0.0,stuck,87,1045.1,27704
173,300,-46.616,0,B,1,1,0.0,,87,1057.8,28004
174,1,-0.177,0,B,1,10,0.0,stuck,88,1057.9,28005
175,300,-45.485,0,B,10,10,0.0,,88,1070.6,28305
176,1,-0.158,0,B,10,1,0.0,stuck,89,1070.6,28306
177,300,-50.284,0,B,1,1,0.0,,89,1083.6,28606
178,1,-0.191,0,B,1,25,0.0,stuck,90,1083.6,28607
179,300,-55.334,0,B,25,25,0.0,,90,1096.6,28907
180,1,-0.19,0,B,25,9,0.0,stuck,91,1096.6,28908
181,300,-52.287,0,B,9,9,0.0,,91,1109.5,29208
182,1,-0.194,0,B,9,17,0.0,stuck,92,1109.6,29209
183,300,-53.353,0,B,17,17,0.0,,92,1122.5,29509
184,1,-0.174,0,B,17,9,0.0,stuck,93,1122.6,29510
185,300,-49.095,0,B,9,9,0.0,,93,1135.4,29810
186,1,-0.168,0,B,9,8,0.0,stuck,94,1135.5,29811
187,300,-61.48,0,B,8,8,0.0,,94,1148.5,30111
188,1,-0.211,0,B,8,8,0.0,stuck,95,1148.5,30112
189,300,-59.511,0,B,8,8,0.0,,95,1161.6,30412
190,1,-0.202,0,B,8,17,0.0,stuck,96,1161.6,30413
191,300,-51.79,0,B,17,17,0.0,,96,1174.7,30713
192,1,-0.165,0,B,17,8,0.0,stuck,97,1174.7,30714
193,300,-56.517,0,B,8,8,0.0,,97,1187.5,31014
194,1,-0.219,0,B,8,9,0.0,stuck,98,1187.6,31015
195,300,-48.05,0,B,9,9,0.0,,98,1200.7,31315
196,1,-0.186,0,B,9,8,0.0,stuck,99,1200.8,31316
197,300,-55.591,0,B,8,8,0.0,,99,1213.8,31616
198,1,-0.218,0,B,8,17,0.0,stuck,100,1213.9,31617
199,300,-46.368,0,B,17,17,0.0,,100,1226.9,31917
200,1,-0.18,0,B,17,17,0.0,stuck,101,1227.0,31918
201,300,-47.043,0,B,17,17,0.0,,101,1240.0,32218
202,1,-0.179,0,B,17,8,0.0,stuck,102,1240.1,32219
203,300,-53.931,0,B,8,8,0.0,,102,1253.1,32519
204,1,-0.209,0,B,8,18,0.0,stuck,103,1253.1,32520
205,300,-46.359,0,B,18,18,0.0,,103,1266.4,32820
206,1,-0.156,0,B,18,9,0.0,stuck,104,1266.5,32821
207,300,-52.153,0,B,9,9,0.0,,104,1279.8,33121
208,1,-0.189,0,B,9,17,0.0,stuck,105,1279.8,33122
209,300,-56.994,0,B,17,17,0.0,,105,1292.7,33422
210,1,-0.199,0,B,17,9,0.0,stuck,106,1292.8,33423
211,300,-50.118,0,B,9,9,0.0,,106,1306.1,33723
212,1,-0.188,0,B,9,17,0.0,stuck,107,1306.2,33724
213,300,-50.075,0,B,17,17,0.0,,107,1319.2,34024
214,1,-0.195,0,B,17,16,0.0,stuck,108,1319.3,34025
215,300,-56.67,0,B,16,16,0.0,,108,1332.2,34325
216,1,-0.22,0,B,16,1,0.0,stuck,109,1332.3,34326
217,300,-47.126,0,B,1,1,0.0,,109,1345.3,34626
218,1,-0.187,0,B,1,17,0.0,stuck,110,1345.4,34627
219,300,-47.757,0,B,17,17,0.0,,110,1358.5,34927
220,1,-0.165,0,B,17,17,0.0,stuck,111,1358.6,34928
221,300,-48.323,0,B,17,17,0.0,,111,1371.9,35228
222,1,-0.178,0,B,17,8,0.0,stuck,112,1372.0,35229
223,300,-53.599,0,B,8,8,0.0,,112,1385.1,35529
224,1,-0.211,0,B,8,17,0.0,stuck,113,1385.1,35530
225,300,-55.41,0,B,17,17,0.0,,113,1398.4,35830
226,1,-0.175,0,B,17,17,0.0,stuck,114,1398.4,35831
227,300,-60.111,0,B,17,17,0.0,,114,1411.7,36131
228,1,-0.201,0,B,17,16,0.0,stuck,115,1411.8,36132
229,300,-65.067,0,B,16,16,0.0,,115,1424.8,36432
230,1,-0.217,0,B,16,9,0.0,stuck,116,1424.8,36433
231,300,-53.479,0,B,9,9,0.0,,116,1437.9,36733
232,1,-0.182,0,B,9,9,0.0,stuck,117,1438.0,36734
233,300,-56.337,0,B,9,9,0.0,,117,1451.5,37034
234,1,-0.196,0,B,9,9,0.0,stuck,118,1451.6,37035
235,300,-54.121,0,B,9,2,0.0,,118,1467.1,37335
236,300,-41.217,0,B,2,2,0.0,,118,1481.2,37635
237,199,-28.931,0,B,2,9,0.0,stuck,119,1490.1,37834
238,300,-60.889,0,B,9,10,0.0,,119,1503.7,38134
239,153,-23.764,0,B,10,9,0.0,escape,120,1510.5,38287
240,300,-48.95,0,B,9,9,0.0,,120,1523.5,38587
241,1,-0.172,0,B,9,16,0.0,stuck,121,1523.6,38588
242,300,-61.746,0,B,16,16,0.0,,121,1536.7,38888
243,1,-0.219,0,B,16,8,0.0,stuck,122,1536.8,38889
244,300,-58.594,0,B,8,8,0.0,,122,1549.9,39189
245,1,-0.214,0,B,8,9,0.0,stuck,123,1550.0,39190
246,300,-54.471,0,B,9,9,0.0,,123,1562.9,39490
247,1,-0.163,0,B,9,9,0.0,stuck,124,1562.9,39491
248,300,-53.456,0,B,9,9,0.0,,124,1576.2,39791
249,1,-0.182,0,B,9,17,0.0,stuck,125,1576.3,39792
250,300,-52.15,0,B,17,17,0.0,,125,1589.3,40092
251,1,-0.198,0,B,17,1,0.0,stuck,126,1589.4,40093
252,300,-59.105,0,B,1,1,0.0,,126,1602.3,40393
253,1,-0.183,0,B,1,16,0.0,stuck,127,1602.3,40394
254,300,-55.501,0,B,16,16,0.0,,127,1615.4,40694
255,1,-0.209,0,B,16,18,0.0,stuck,128,1615.4,40695
256,92,-4.639,1,A,18,21,0.0,,128,1619.5,40787
257,300,-52.897,0,A,21,21,0.0,,128,1632.7,41087
258,1,-0.155,0,A,21,6,0.0,stuck,129,1632.7,41088
259,300,-59.962,0,A,6,7,0.0,,129,1646.0,41388
260,130,-26.604,0,A,7,30,0.0,escape,130,1651.8,41518
261,300,-55.075,0,A,30,30,0.0,,130,1665.3,41818
262,1,-0.177,0,A,30,30,0.0,stuck,131,1665.4,41819
263,300,-63.276,0,A,30,30,0.0,,131,1678.7,42119
264,1,-0.196,0,A,30,22,0.0,stuck,132,1678.7,42120
265,300,-61.587,0,A,22,23,0.0,,132,1692.2,42420
266,146,-31.471,0,A,23,23,0.0,stuck,133,1698.8,42566
267,300,-69.056,0,A,23,23,0.0,,133,1715.7,42866
268,280,-65.114,0,A,23,23,0.0,stuck,134,1729.6,43146
269,300,-61.046,0,A,23,23,0.0,,134,1745.8,43446
270,1,-0.211,0,A,23,15,0.0,stuck,135,1745.8,43447
271,300,-57.889,0,A,15,15,0.0,,135,1759.9,43747
272,1,-0.208,0,A,15,14,0.0,stuck,136,1759.9,43748
273,300,-52.918,0,A,14,14,0.0,,136,1773.0,44048
274,1,-0.185,0,A,14,15,0.0,stuck,137,1773.0,44049
275,300,-63.791,0,A,15,15,0.0,,137,1786.4,44349
276,1,-0.22,0,A,15,21,0.0,stuck,138,1786.4,44350
277,300,-47.848,0,A,21,21,0.0,,138,1800.0,44650
278,1,-0.16,0,A,21,15,0.0,stuck,139,1800.0,44651
279,300,-66.045,0,A,15,15,0.0,,139,1814.3,44951
280,1,-0.224,0,A,15,14,0.0,stuck,140,1814.3,44952
281,300,-56.748,0,A,14,14,0.0,,140,1828.9,45252
282,1,-0.19,0,A,14,21,0.0,stuck,141,1829.0,45253
283,300,-46.275,0,A,21,21,0.0,,141,1845.0,45553
284,1,-0.154,0,A,21,6,0.0,stuck,142,1845.1,45554
285,300,-55.944,0,A,6,6,0.0,,142,1859.8,45854
286,1,-0.181,0,A,6,14,0.0,stuck,143,1859.9,45855
287,300,-58.382,0,A,14,14,0.0,,143,1875.4,46155
288,1,-0.191,0,A,14,23,0.0,stuck,144,1875.5,46156
289,300,-58.264,0,A,23,23,0.0,,144,1891.0,46456
290,1,-0.211,0,A,23,23,0.0,stuck,145,1891.1,46457
291,300,-60.641,0,A,23,23,0.0,,145,1905.3,46757
292,1,-0.209,0,A,23,22,0.0,stuck,146,1905.3,46758
293,300,-45.139,0,A,22,31,0.0,,146,1922.4,47058
294,168,-35.823,0,A,31,14,0.0,stuck,147,1932.2,47226
295,300,-54.275,0,A,14,22,0.0,,147,1947.0,47526
296,117,-21.294,0,A,22,14,0.0,stuck,148,1952.2,47643
297,257,-26.294,0,A,14,14,0.0,escape,149,1963.5,47900
298,300,-46.685,0,A,14,7,0.0,,149,1978.0,48200
299,193,-47.167,0,A,7,13,0.0,stuck,150,1987.2,48393
300,300,-64.008,0,A,13,15,0.0,,150,2002.0,48693
301,252,-58.09,0,A,15,14,0.0,stuck,151,2013.3,48945
302,300,-61.69,0,A,14,15,0.0,,151,2026.7,49245
303,283,-68.525,0,A,15,14,0.0,stuck,152,2038.9,49528
304,300,-64.931,0,A,14,14,0.0,,152,2052.5,49828
305,1,-0.202,0,A,14,14,0.0,stuck,153,2052.6,49829
306,300,-61.852,0,A,14,14,0.0,,153,2140.0,50129
307,1,-0.2,0,A,14,30,0.0,stuck,154,2140.0,50130
308,300,-51.127,0,A,30,30,0.0,,154,2153.3,50430
309,1,-0.17,0,A,30,22,0.0,stuck,155,2153.4,50431
310,300,-48.739,0,A,22,22,0.0,,155,2167.1,50731
311,1,-0.176,0,A,22,21,0.0,stuck,156,2167.1,50732
312,300,-48.258,0,A,21,21,0.0,,156,2181.3,51032
313,1,-0.16,0,A,21,23,0.0,stuck,157,2181.4,51033
314,300,-61.71,0,A,23,23,0.0,,157,2196.7,51333
315,1,-0.209,0,A,23,30,0.0,stuck,158,2196.7,51334
316,300,-51.404,0,A,30,30,0.0,,158,2211.3,51634
317,1,-0.185,0,A,30,14,0.0,stuck,159,2211.3,51635
318,300,-56.563,0,A,14,14,0.0,,159,2225.1,51935
319,1,-0.198,0,A,14,22,0.0,stuck,160,2225.1,51936
320,300,-47.483,0,A,22,22,0.0,,160,2239.0,52236
321,1,-0.16,0,A,22,23,0.0,stuck,161,2239.1,52237
322,300,-62.88,0,A,23,23,0.0,,161,2252.5,52537
323,1,-0.218,0,A,23,22,0.0,stuck,162,2252.5,52538
324,300,-48.069,0,A,22,22,0.0,,162,2265.6,52838
325,1,-0.176,0,A,22,14,0.0,stuck,163,2265.6,52839
326,300,-54.632,0,A,14,14,0.0,,163,2278.8,53139
327,1,-0.182,0,A,14,22,0.0,stuck,164,2278.9,53140
328,300,-53.037,0,A,22,22,0.0,,164,2291.8,53440
329,1,-0.185,0,A,22,30,0.0,stuck,165,2291.9,53441
330,300,-57.651,0,A,30,30,0.0,,165,2305.2,53741
331,1,-0.203,0,A,30,23,0.0,stuck,166,2305.2,53742
332,300,-59.867,0,A,23,23,0.0,,166,2318.4,54042
333,1,-0.213,0,A,23,14,0.0,stuck,167,2318.4,54043
334,300,-57.225,0,A,14,15,0.0,,167,2331.4,54343
335,271,-61.188,0,A,15,13,0.0,stuck,168,2343.3,54614
336,300,-51.696,0,A,13,13,0.0,,168,2356.3,54914
337,1,-0.158,0,A,13,14,0.0,stuck,169,2356.3,54915
338,300,-36.824,0,A,14,15,0.0,,169,2369.3,55215
339,300,-75.369,0,A,15,23,0.0,,169,2382.1,55515
340,3,-0.675,0,A,23,14,0.0,stuck,170,2382.2,55518
341,300,-68.495,0,A,14,14,0.0,,170,2395.1,55818
342,1,-0.187,0,A,14,14,0.0,stuck,171,2395.1,55819
343,300,-75.706,0,A,14,14,0.0,,171,2408.2,56119
344,1,-0.171,0,A,14,23,0.0,stuck,172,2408.3,56120
345,300,-70.439,0,A,23,23,0.0,,172,2421.3,56420
346,1,-0.213,0,A,23,14,0.0,stuck,173,2421.3,56421
347,300,-72.807,0,A,14,14,0.0,,173,2434.1,56721
348,1,-0.173,0,A,14,15,0.0,stuck,174,2434.1,56722
349,300,-83.151,0,A,15,15,0.0,,174,2447.3,57022
350,1,-0.21,0,A,15,31,0.0,stuck,175,2447.4,57023
351,300,-64.585,0,A,31,31,0.0,,175,2461.1,57323
352,1,-0.21,0,A,31,14,0.0,stuck,176,2461.1,57324
353,300,-62.227,0,A,14,14,0.0,,176,2474.1,57624
354,1,-0.19,0,A,14,22,0.0,stuck,177,2474.2,57625
355,300,-51.697,0,A,22,22,0.0,,177,2487.7,57925
356,1,-0.183,0,A,22,15,0.0,stuck,178,2487.8,57926
357,300,-59.951,0,A,15,15,0.0,,178,2501.0,58226
358,1,-0.213,0,A,15,22,0.0,stuck,179,2501.1,58227
359,300,-56.56,0,A,22,22,0.0,,179,2514.4,58527
360,1,-0.19,0,A,22,14,0.0,stuck,180,2514.5,58528
361,300,-49.377,0,A,14,14,0.0,,180,2527.6,58828
362,1,-0.161,0,A,14,22,0.0,stuck,181,2527.6,58829
363,300,-51.442,0,A,22,22,0.0,,181,2541.2,59129
364,1,-0.189,0,A,22,22,0.0,stuck,182,2541.2,59130
365,300,-53.959,0,A,22,22,0.0,,182,2554.8,59430
366,1,-0.197,0,A,22,22,0.0,stuck,183,2554.8,59431
367,300,-52.977,0,A,22,22,0.0,,183,2569.7,59731
368,1,-0.199,0,A,22,23,0.0,stuck,184,2569.7,59732
369,300,-60.395,0,A,23,23,0.0,,184,2582.8,60032
370,1,-0.216,0,A,23,22,0.0,stuck,185,2582.9,60033
371,300,-56.954,0,A,22,22,0.0,,185,2595.5,60333
372,1,-0.169,0,A,22,14,0.0,stuck,186,2595.5,60334
373,300,-59.041,0,A,14,14,0.0,,186,2608.1,60634
374,1,-0.188,0,A,14,6,0.0,stuck,187,2608.2,60635
375,300,-63.775,0,A,6,6,0.0,,187,2621.5,60935
376,1,-0.185,0,A,6,22,0.0,stuck,188,2621.5,60936
377,300,-56.218,0,A,22,22,0.0,,188,2634.6,61236
378,1,-0.181,0,A,22,22,0.0,stuck,189,2634.6,61237
379,300,-57.449,0,A,22,22,0.0,,189,2647.5,61537
380,1,-0.164,0,A,22,22,0.0,stuck,190,2647.6,61538
381,300,-54.736,0,A,22,22,0.0,,190,2660.0,61838
382,1,-0.19,0,A,22,31,0.0,stuck,191,2660.1,61839
383,300,-62.554,0,A,31,31,0.0,,191,2672.9,62139
384,1,-0.208,0,A,31,7,0.0,stuck,192,2673.0,62140
385,300,-59.197,0,A,7,7,0.0,,192,2686.1,62440
386,1,-0.204,0,A,7,22,0.0,stuck,193,2686.2,62441
387,300,-59.192,0,A,22,22,0.0,,193,2699.0,62741
388,32,-5.673,0,A,22,6,0.0,stuck,194,2700.4,62773
389,300,-58.465,0,A,6,6,0.0,,194,2713.3,63073
390,54,-9.012,0,A,6,6,0.0,stuck,195,2715.7,63127
391,300,-56.067,0,A,6,6,0.0,,195,2728.8,63427
392,1,-0.201,0,A,6,15,0.0,stuck,196,2728.8,63428
393,300,-54.183,0,A,15,15,0.0,,196,2741.7,63728
394,1,-0.213,0,A,15,31,0.0,stuck,197,2741.7,63729
395,132,-26.174,0,A,31,23,0.0,escape,198,2747.7,63861
396,300,-54.458,0,A,23,23,0.0,,198,2760.8,64161
397,1,-0.214,0,A,23,22,0.0,stuck,199,2760.8,64162
398,300,-46.866,0,A,22,22,0.0,,199,2773.7,64462
399,1,-0.169,0,A,22,15,0.0,stuck,200,2773.7,64463
400,300,-57.33,0,A,15,15,0.0,,200,2786.7,64763
401,1,-0.202,0,A,15,22,0.0,stuck,201,2786.7,64764
402,300,-55.705,0,A,22,22,0.0,,201,2799.6,65064
403,1,-0.198,0,A,22,15,0.0,stuck,202,2799.7,65065
404,300,-63.918,0,A,15,15,0.0,,202,2812.4,65365
405,1,-0.207,0,A,15,14,0.0,stuck,203,2812.4,65366
406,300,-65.861,0,A,14,14,0.0,,203,2825.6,65666
407,1,-0.197,0,A,14,14,0.0,stuck,204,2825.7,65667
408,300,-50.822,0,A,14,14,0.0,,204,2838.6,65967
409,1,-0.174,0,A,14,6,0.0,stuck,205,2838.7,65968
410,300,-57.493,0,A,6,6,0.0,,205,2851.5,66268
411,1,-0.183,0,A,6,13,0.0,stuck,206,2851.5,66269
412,300,-50.513,0,A,13,13,0.0,,206,2864.5,66569
413,1,-0.157,0,A,13,7,0.0,stuck,207,2864.5,66570
414,300,-63.962,0,A,7,7,0.0,,207,2877.6,66870
415,1,-0.209,0,A,7,15,0.0,stuck,208,2877.6,66871
416,300,-62.279,0,A,15,15,0.0,,208,2890.6,67171
417,1,-0.212,0,A,15,22,0.0,stuck,209,2890.6,67172
418,300,-48.863,0,A,22,22,0.0,,209,2903.9,67472
419,1,-0.172,0,A,22,22,0.0,stuck,210,2903.9,67473
420,300,-55.907,0,A,22,22,0.0,,210,2917.4,67773
421,1,-0.195,0,A,22,23,0.0,stuck,211,2917.5,67774
422,300,-59.523,0,A,23,23,0.0,,211,2930.2,68074
423,1,-0.204,0,A,23,14,0.0,stuck,212,2930.3,68075
424,300,-46.2,0,A,14,14,0.0,,212,2943.1,68375
425,1,-0.161,0,A,14,6,0.0,stuck,213,2943.2,68376
426,300,-69.956,0,A,6,6,0.0,,213,2955.9,68676
427,1,-0.191,0,A,6,14,0.0,stuck,214,2956.0,68677
428,300,-50.257,0,A,14,14,0.0,,214,2968.6,68977
429,1,-0.179,0,A,14,14,0.0,stuck,215,2968.7,68978
430,300,-49.81,0,A,14,14,0.0,,215,2981.7,69278
431,1,-0.17,0,A,14,14,0.0,stuck,216,2981.7,69279
432,300,-47.902,0,A,14,14,0.0,,216,2994.8,69579
433,1,-0.162,0,A,14,13,0.0,stuck,217,2994.8,69580
434,300,-45.16,0,A,13,13,0.0,,217,3007.5,69880
435,1,-0.156,0,A,13,22,0.0,stuck,218,3007.6,69881
436,300,-49.28,0,A,22,22,0.0,,218,3020.5,70181
437,1,-0.183,0,A,22,14,0.0,stuck,219,3020.5,70182
438,300,-51.396,0,A,14,14,0.0,,219,3033.8,70482
439,1,-0.182,0,A,14,30,0.0,stuck,220,3033.8,70483
440,300,-53.538,0,A,30,30,0.0,,220,3046.8,70783
441,1,-0.199,0,A,30,6,0.0,stuck,221,3046.9,70784
442,300,-54.215,0,A,6,6,0.0,,221,3060.1,71084
443,1,-0.179,0,A,6,15,0.0,stuck,222,3060.2,71085
444,300,-57.299,0,A,15,15,0.0,,222,3073.3,71385
445,1,-0.203,0,A,15,22,0.0,stuck,223,3073.4,71386
446,300,-45.931,0,A,22,22,0.0,,223,3086.5,71686
447,1,-0.162,0,A,22,22,0.0,stuck,224,3086.5,71687
448,300,-53.0,0,A,22,22,0.0,,224,3099.8,71987
449,1,-0.198,0,A,22,15,0.0,stuck,225,3099.9,71988
450,300,-56.598,0,A,15,15,0.0,,225,3112.9,72288
451,1,-0.206,0,A,15,22,0.0,stuck,226,3112.9,72289
452,300,-45.826,0,A,22,22,0.0,,226,3125.8,72589
453,1,-0.169,0,A,22,14,0.0,stuck,227,3125.8,72590
454,300,-52.974,0,A,14,14,0.0,,227,3138.7,72890
455,1,-0.162,0,A,14,22,0.0,stuck,228,3138.8,72891
456,300,-46.175,0,A,22,22,0.0,,228,3151.8,73191
457,1,-0.162,0,A,22,14,0.0,stuck,229,3151.8,73192
458,300,-58.514,0,A,14,14,0.0,,229,3165.3,73492
459,1,-0.198,0,A,14,23,0.0,stuck,230,3165.3,73493
460,300,-70.163,0,A,23,23,0.0,,230,3178.3,73793
461,1,-0.22,0,A,23,14,0.0,stuck,231,3178.4,73794
462,300,-50.63,0,A,14,14,0.0,,231,3191.2,74094
463,1,-0.177,0,A,14,14,0.0,stuck,232,3191.3,74095
464,300,-46.72,0,A,14,14,0.0,,232,3204.1,74395
465,1,-0.163,0,A,14,22,0.0,stuck,233,3204.2,74396
466,300,-51.278,0,A,22,22,0.0,,233,3217.3,74696
467,1,-0.199,0,A,22,14,0.0,stuck,234,3217.4,74697
468,300,-54.407,0,A,14,14,0.0,,234,3230.2,74997
469,1,-0.199,0,A,14,23,0.0,stuck,235,3230.2,74998
470,300,-52.082,0,A,23,23,0.0,,235,3297.1,75298
471,1,-0.202,0,A,23,22,0.0,stuck,236,3297.1,75299
472,300,-64.922,0,A,22,22,0.0,,236,3309.9,75599
473,1,-0.198,0,A,22,14,0.0,stuck,237,3310.0,75600
474,300,-48.175,0,A,14,14,0.0,,237,3323.0,75900
475,1,-0.189,0,A,14,22,0.0,stuck,238,3323.0,75901
476,300,-45.169,0,A,22,22,0.0,,238,3335.8,76201
477,1,-0.163,0,A,22,22,0.0,stuck,239,3335.8,76202
478,300,-56.568,0,A,22,22,0.0,,239,3348.5,76502
479,1,-0.185,0,A,22,14,0.0,stuck,240,3348.6,76503
480,300,-48.954,0,A,14,14,0.0,,240,3361.5,76803
481,1,-0.168,0,A,14,22,0.0,stuck,241,3361.6,76804
482,300,-51.436,0,A,22,22,0.0,,241,3374.6,77104
483,1,-0.172,0,A,22,14,0.0,stuck,242,3374.6,77105
484,300,-53.624,0,A,14,6,0.0,,242,3387.6,77405
485,1,-0.184,0,A,6,22,0.0,stuck,243,3387.6,77406
486,300,-62.239,0,A,22,22,0.0,,243,3400.6,77706
487,285,-49.483,0,A,22,14,0.0,stuck,244,3412.8,77991
488,300,-46.706,0,A,14,14,0.0,,244,3425.8,78291
489,1,-0.164,0,A,14,22,0.0,stuck,245,3425.9,78292
490,300,-62.605,0,A,22,23,0.0,,245,3438.7,78592
491,205,-41.474,0,A,23,14,0.0,stuck,246,3447.6,78797
492,300,-45.573,0,A,14,14,0.0,,246,3460.6,79097
493,1,-0.168,0,A,14,22,0.0,stuck,247,3460.6,79098
494,300,-46.086,0,A,22,22,0.0,,247,3473.5,79398
495,1,-0.167,0,A,22,15,0.0,stuck,248,3473.6,79399
496,300,-56.274,0,A,15,15,0.0,,248,3486.4,79699
497,1,-0.214,0,A,15,14,0.0,stuck,249,3486.4,79700
498,300,-52.914,0,A,14,14,0.0,,249,3499.4,80000
499,1,-0.201,0,A,14,14,0.0,stuck,250,3499.4,80001
500,300,-50.636,0,A,14,14,0.0,,250,3512.4,80301
501,1,-0.194,0,A,14,30,0.0,stuck,251,3512.4,80302
502,300,-48.624,0,A,30,30,0.0,,251,3525.3,80602
503,1,-0.188,0,A,30,22,0.0,stuck,252,3525.4,80603
504,300,-52.054,0,A,22,22,0.0,,252,3538.4,80903
505,1,-0.183,0,A,22,15,0.0,stuck,253,3538.5,80904
506,300,-56.746,0,A,15,15,0.0,,253,3551.7,81204
507,1,-0.202,0,A,15,15,0.0,stuck,254,3551.7,81205
508,300,-62.718,0,A,15,15,0.0,,254,3564.8,81505
509,1,-0.22,0,A,15,14,0.0,stuck,255,3564.8,81506
510,300,-52.983,0,A,14,15,0.0,,255,3578.1,81806
511,92,-17.272,0,A,15,14,0.0,stuck,256,3582.1,81898
512,300,-52.052,0,A,14,14,0.0,,256,3595.2,82198
513,1,-0.17,0,A,14,15,0.0,stuck,257,3595.2,82199
514,300,-81.936,0,A,15,15,0.0,,257,3608.4,82499
515,1,-0.204,0,A,15,14,0.0,stuck,258,3608.4,82500
516,300,-50.434,0,A,14,14,0.0,,258,3621.6,82800
517,1,-0.192,0,A,14,22,0.0,stuck,259,3621.7,82801
518,300,-72.467,0,A,22,22,0.0,,259,3634.6,83101
519,1,-0.199,0,A,22,14,0.0,stuck,260,3634.6,83102
520,300,-49.565,0,A,14,14,0.0,,260,3647.5,83402
521,1,-0.17,0,A,14,22,0.0,stuck,261,3647.6,83403
522,300,-81.637,0,A,22,22,0.0,,261,3660.4,83703
523,1,-0.201,0,A,22,14,0.0,stuck,262,3660.4,83704
524,300,-56.192,0,A,14,14,0.0,,262,3673.4,84004
525,1,-0.198,0,A,14,22,0.0,stuck,263,3673.5,84005
526,300,-55.966,0,A,22,21,0.0,,263,3686.5,84305
527,278,-39.74,0,A,21,21,0.0,stuck,264,3702.4,84583
528,276,-50.257,0,A,21,6,0.0,escape,265,3716.9,84859
529,300,-61.774,0,A,6,6,0.0,,265,3732.0,85159
530,1,-0.196,0,A,6,30,0.0,stuck,266,3732.1,85160
531,300,-59.963,0,A,30,30,0.0,,266,3746.9,85460
532,1,-0.188,0,A,30,22,0.0,stuck,267,3747.0,85461
533,300,-49.989,0,A,22,22,0.0,,267,3762.1,85761
534,1,-0.192,0,A,22,14,0.0,stuck,268,3762.2,85762
535,300,-53.246,0,A,14,14,0.0,,268,3777.1,86062
536,1,-0.162,0,A,14,14,0.0,stuck,269,3777.2,86063
537,300,-51.768,0,A,14,14,0.0,,269,3791.9,86363
538,1,-0.191,0,A,14,30,0.0,stuck,270,3791.9,86364
539,300,-56.534,0,A,30,30,0.0,,270,3806.7,86664
540,55,-8.578,0,A,30,14,0.0,stuck,271,3809.3,86719
541,300,-55.155,0,A,14,14,0.0,,271,3827.3,87019
542,1,-0.166,0,A,14,23,0.0,stuck,272,3827.3,87020
543,300,-63.813,0,A,23,23,0.0,,272,3842.1,87320
544,1,-0.206,0,A,23,14,0.0,stuck,273,3842.1,87321
545,300,-61.372,0,A,14,14,0.0,,273,3857.1,87621
546,1,-0.186,0,A,14,15,0.0,stuck,274,3857.1,87622
547,300,-58.767,0,A,15,15,0.0,,274,3871.9,87922
548,161,-32.459,0,A,15,22,0.0,stuck,275,3879.9,88083
549,300,-53.002,0,A,22,22,0.0,,275,3894.8,88383
550,1,-0.168,0,A,22,22,0.0,stuck,276,3894.8,88384
551,300,-54.812,0,A,22,22,0.0,,276,3909.5,88684
552,1,-0.19,0,A,22,30,0.0,stuck,277,3909.5,88685
553,300,-53.652,0,A,30,22,0.0,,277,3926.1,88985
554,1,-0.177,0,A,22,30,0.0,stuck,278,3926.2,88986
555,300,-48.123,0,A,30,30,0.0,,278,3942.2,89286
556,1,-0.186,0,A,30,14,0.0,stuck,279,3942.2,89287
557,300,-44.045,0,A,14,14,0.0,,279,3957.3,89587
558,1,-0.161,0,A,14,15,0.0,stuck,280,3957.4,89588
559,300,-29.131,0,A,15,15,0.0,,280,3972.8,89888
560,300,-62.382,0,A,15,15,0.0,,280,3987.8,90188
561,4,-0.876,0,A,15,22,0.0,stuck,281,3988.1,90192
562,300,-72.014,0,A,22,22,0.0,,281,4003.4,90492
563,1,-0.196,0,A,22,22,0.0,stuck,282,4003.4,90493
564,300,-55.845,0,A,22,22,0.0,,282,4019.8,90793
565,1,-0.198,0,A,22,22,0.0,stuck,283,4019.8,90794
566,300,-53.05,0,A,22,22,0.0,,283,4035.0,91094
567,1,-0.202,0,A,22,23,0.0,stuck,284,4035.0,91095
568,300,-77.498,0,A,23,23,0.0,,284,4051.9,91395
569,1,-0.219,0,A,23,22,0.0,stuck,285,4051.9,91396
570,300,-46.43,0,A,22,22,0.0,,285,4067.0,91696
571,1,-0.167,0,A,22,22,0.0,stuck,286,4067.1,91697
572,300,-46.915,0,A,22,22,0.0,,286,4082.2,91997
573,1,-0.177,0,A,22,22,0.0,stuck,287,4082.2,91998
574,300,-48.212,0,A,22,22,0.0,,287,4097.4,92298
575,1,-0.184,0,A,22,21,0.0,stuck,288,4097.4,92299
576,300,-46.585,0,A,21,21,0.0,,288,4112.6,92599
577,1,-0.158,0,A,21,14,0.0,stuck,289,4112.7,92600
578,300,-52.39,0,A,14,14,0.0,,289,4127.3,92900
579,1,-0.17,0,A,14,14,0.0,stuck,290,4127.3,92901
580,300,-51.279,0,A,14,14,0.0,,290,4142.3,93201
581,1,-0.175,0,A,14,14,0.0,stuck,291,4142.4,93202
582,300,-55.406,0,A,14,14,0.0,,291,4160.7,93502
583,1,-0.178,0,A,14,6,0.0,stuck,292,4160.8,93503
584,300,-56.646,0,A,6,6,0.0,,292,4176.1,93803
585,1,-0.198,0,A,6,23,0.0,stuck,293,4176.2,93804
586,300,-55.35,0,A,23,23,0.0,,293,4191.3,94104
587,1,-0.207,0,A,23,22,0.0,stuck,294,4191.3,94105
588,300,-62.051,0,A,22,22,0.0,,294,4206.5,94405
589,1,-0.181,0,A,22,21,0.0,stuck,295,4206.5,94406
590,300,-47.24,0,A,21,29,0.0,,295,4221.9,94706
591,299,-41.794,0,A,29,21,0.0,stuck,296,4237.6,95005
592,300,-59.993,0,A,21,21,0.0,,296,4252.7,95305
593,1,-0.154,0,A,21,21,0.0,stuck,297,4252.8,95306
594,300,-42.544,0,A,21,21,0.0,,297,4269.4,95606
595,1,-0.156,0,A,21,22,0.0,stuck,298,4269.4,95607
596,300,-49.406,0,A,22,22,0.0,,298,4284.5,95907
597,1,-0.177,0,A,22,30,0.0,stuck,299,4284.5,95908
598,300,-49.819,0,A,30,30,0.0,,299,4299.5,96208
599,1,-0.187,0,A,30,14,0.0,stuck,300,4299.6,96209
600,300,-47.956,0,A,14,14,0.0,,300,4314.5,96509
601,1,-0.186,0,A,14,14,0.0,stuck,301,4314.5,96510
602,300,-43.889,0,A,14,14,0.0,,301,4330.0,96810
603,1,-0.173,0,A,14,14,0.0,stuck,302,4330.0,96811
604,300,-51.13,0,A,14,14,0.0,,302,4345.9,97111
605,1,-0.162,0,A,14,14,0.0,stuck,303,4346.0,97112
606,300,-54.53,0,A,14,14,0.0,,303,4362.1,97412
607,1,-0.181,0,A,14,22,0.0,stuck,304,4362.2,97413
608,300,-56.43,0,A,22,14,0.0,,304,4377.9,97713
609,98,-15.198,0,A,14,22,0.0,stuck,305,4383.2,97811
610,300,-50.695,0,A,22,22,0.0,,305,4401.7,98111
611,1,-0.17,0,A,22,22,0.0,stuck,306,4401.7,98112
612,300,-54.575,0,A,22,21,0.0,,306,4417.2,98412
613,129,-17.267,0,A,21,22,0.0,stuck,307,4423.9,98541
614,300,-51.078,0,A,22,22,0.0,,307,4439.0,98841
615,1,-0.168,0,A,22,30,0.0,stuck,308,4439.1,98842
616,300,-49.101,0,A,30,30,0.0,,308,4455.2,99142
617,1,-0.193,0,A,30,14,0.0,stuck,309,4455.3,99143
618,300,-69.0,0,A,14,14,0.0,,309,4469.9,99443
619,1,-0.187,0,A,14,22,0.0,stuck,310,4469.9,99444
620,300,-54.708,0,A,22,21,0.0,,310,4483.9,99744
621,156,-23.194,0,A,21,14,0.0,stuck,311,4491.4,99900
622,300,-55.956,0,A,14,13,0.0,,311,4595.7,100200
623,169,-24.296,0,A,13,23,0.0,stuck,312,4604.6,100369
624,300,-55.581,0,A,23,23,0.0,,312,4620.0,100669
625,1,-0.205,0,A,23,22,0.0,stuck,313,4620.1,100670
626,300,-48.572,0,A,22,22,0.0,,313,4636.2,100970
627,1,-0.171,0,A,22,6,0.0,stuck,314,4636.3,100971
628,300,-52.493,0,A,6,6,0.0,,314,4652.0,101271
629,1,-0.191,0,A,6,15,0.0,stuck,315,4652.1,101272
630,300,-58.507,0,A,15,15,0.0,,315,4668.0,101572
631,1,-0.205,0,A,15,22,0.0,stuck,316,4668.0,101573
632,300,-50.376,0,A,22,22,0.0,,316,4685.3,101873
633,1,-0.189,0,A,22,14,0.0,stuck,317,4685.4,101874
634,300,-53.995,0,A,14,14,0.0,,317,4700.9,102174
635,1,-0.186,0,A,14,22,0.0,stuck,318,4701.0,102175
636,300,-42.479,0,A,22,22,0.0,,318,4716.9,102475
637,1,-0.162,0,A,22,14,0.0,stuck,319,4717.0,102476
638,300,-49.482,0,A,14,14,0.0,,319,4732.7,102776
639,1,-0.188,0,A,14,22,0.0,stuck,320,4732.8,102777
640,300,-46.895,0,A,22,22,0.0,,320,4749.8,103077
641,1,-0.188,0,A,22,21,0.0,stuck,321,4749.9,103078
642,300,-44.248,0,A,21,21,0.0,,321,4765.9,103378
643,1,-0.157,0,A,21,14,0.0,stuck,322,4765.9,103379
644,300,-48.04,0,A,14,14,0.0,,322,4781.8,103679
645,1,-0.161,0,A,14,30,0.0,stuck,323,4781.9,103680
646,300,-51.515,0,A,30,30,0.0,,323,4797.9,103980
647,1,-0.202,0,A,30,22,0.0,stuck,324,4798.0,103981
648,300,-54.257,0,A,22,22,0.0,,324,4813.6,104281
649,1,-0.173,0,A,22,22,0.0,stuck,325,4813.6,104282
650,300,-53.686,0,A,22,22,0.0,,325,4829.3,104582
651,132,-20.426,0,A,22,31,0.0,stuck,326,4837.5,104714
652,300,-55.976,0,A,31,31,0.0,,326,4855.6,105014
653,1,-0.205,0,A,31,15,0.0,stuck,327,4855.6,105015
654,300,-71.142,0,A,15,15,0.0,,327,4870.7,105315
655,274,-60.853,0,A,15,22,0.0,stuck,328,4883.9,105589
656,300,-58.912,0,A,22,22,0.0,,328,4902.2,105889
657,1,-0.197,0,A,22,22,0.0,stuck,329,4902.3,105890
658,300,-65.957,0,A,22,22,0.0,,329,4918.6,106190
659,1,-0.172,0,A,22,23,0.0,stuck,330,4918.6,106191
660,300,-64.256,0,A,23,23,0.0,,330,4938.0,106491
661,1,-0.223,0,A,23,21,0.0,stuck,331,4938.1,106492
662,300,-64.61,0,A,21,21,0.0,,331,4956.1,106792
663,1,-0.156,0,A,21,22,0.0,stuck,332,4956.2,106793
664,300,-57.573,0,A,22,22,0.0,,332,4971.3,107093
665,1,-0.179,0,A,22,22,0.0,stuck,333,4971.3,107094
666,300,-55.475,0,A,22,22,0.0,,333,4986.5,107394
667,1,-0.189,0,A,22,22,0.0,stuck,334,4986.6,107395
668,300,-57.793,0,A,22,22,0.0,,334,5003.9,107695
669,1,-0.17,0,A,22,21,0.0,stuck,335,5003.9,107696
670,300,-43.547,0,A,21,21,0.0,,335,5018.3,107996
671,222,-34.124,0,A,21,23,0.0,stuck,336,5032.1,108218
672,300,-66.025,0,A,23,23,0.0,,336,5047.5,108518
673,1,-0.222,0,A,23,22,0.0,stuck,337,5047.6,108519
674,300,-52.782,0,A,22,22,0.0,,337,5063.3,108819
675,1,-0.196,0,A,22,30,0.0,stuck,338,5063.3,108820
676,300,-54.689,0,A,30,30,0.0,,338,5082.5,109120
677,1,-0.198,0,A,30,14,0.0,stuck,339,5082.5,109121
678,300,-60.77,0,A,14,14,0.0,,339,5097.9,109421
679,1,-0.197,0,A,14,22,0.0,stuck,340,5098.0,109422
680,67,-11.963,0,A,22,21,0.0,escape,341,5101.2,109489
681,46,-7.714,0,A,21,22,0.0,escape,342,5103.7,109535
682,300,-67.645,0,A,22,30,0.0,,342,5119.9,109835
683,50,-8.902,0,A,30,15,0.0,stuck,343,5122.4,109885
684,300,-65.818,0,A,15,14,0.0,,343,8387.9,110185
685,63,-9.9,0,A,14,13,0.0,stuck,344,8393.1,110248
686,300,-46.7,0,A,13,13,0.0,,344,8404.3,110548
687,1,-0.153,0,A,13,22,0.0,stuck,345,8404.3,110549
688,300,-60.714,0,A,22,22,0.0,,345,8415.6,110849
689,1,-0.19,0,A,22,15,0.0,stuck,346,8415.6,110850
690,300,-75.919,0,A,15,15,0.0,,346,8426.8,111150
691,1,-0.202,0,A,15,30,0.0,stuck,347,8426.8,111151
692,300,-55.735,0,A,30,30,0.0,,347,8438.3,111451
693,1,-0.185,0,A,30,21,0.0,stuck,348,8438.3,111452
694,300,-55.521,0,A,21,21,0.0,,348,8449.6,111752
695,1,-0.159,0,A,21,21,0.0,stuck,349,8449.6,111753
696,300,-48.989,0,A,21,21,0.0,,349,8460.4,112053
697,1,-0.156,0,A,21,23,0.0,stuck,350,8460.4,112054
698,300,-72.763,0,A,23,23,0.0,,350,8472.1,112354
699,1,-0.22,0,A,23,22,0.0,stuck,351,8472.1,112355
700,300,-50.027,0,A,22,22,0.0,,351,8483.0,112655
701,1,-0.164,0,A,22,22,0.0,stuck,352,8483.1,112656
702,300,-59.253,0,A,22,22,0.0,,352,8494.1,112956
703,1,-0.197,0,A,22,30,0.0,stuck,353,8494.1,112957
704,300,-61.437,0,A,30,30,0.0,,353,8505.4,113257
705,1,-0.201,0,A,30,14,0.0,stuck,354,8505.4,113258
706,300,-53.59,0,A,14,14,0.0,,354,8517.0,113558
707,1,-0.166,0,A,14,21,0.0,stuck,355,8517.1,113559
708,300,-48.376,0,A,21,21,0.0,,355,8528.8,113859
709,1,-0.155,0,A,21,13,0.0,stuck,356,8528.8,113860
710,300,-49.303,0,A,13,13,0.0,,356,8540.5,114160
711,1,-0.155,0,A,13,6,0.0,stuck,357,8540.6,114161
712,300,-58.272,0,A,6,6,0.0,,357,8552.3,114461
713,1,-0.183,0,A,6,15,0.0,stuck,358,8552.3,114462
714,300,-64.784,0,A,15,15,0.0,,358,8563.6,114762
715,1,-0.219,0,A,15,23,0.0,stuck,359,8563.6,114763
716,300,-59.279,0,A,23,23,0.0,,359,8575.0,115063
717,1,-0.211,0,A,23,14,0.0,stuck,360,8575.0,115064
718,300,-55.107,0,A,14,14,0.0,,360,8586.5,115364
719,1,-0.178,0,A,14,22,0.0,stuck,361,8586.5,115365
720,300,-49.662,0,A,22,22,0.0,,361,8598.0,115665
721,1,-0.173,0,A,22,14,0.0,stuck,362,8598.0,115666
722,300,-47.972,0,A,14,14,0.0,,362,8609.5,115966
723,1,-0.189,0,A,14,23,0.0,stuck,363,8609.5,115967
724,300,-52.486,0,A,23,23,0.0,,363,8621.0,116267
725,1,-0.211,0,A,23,22,0.0,stuck,364,8621.1,116268
726,300,-45.051,0,A,22,22,0.0,,364,8632.9,116568
727,1,-0.167,0,A,22,21,0.0,stuck,365,8632.9,116569
728,300,-41.499,0,A,21,21,0.0,,365,8644.4,116869
729,1,-0.156,0,A,21,13,0.0,stuck,366,8644.5,116870
730,300,-42.123,0,A,13,13,0.0,,366,8656.2,117170
731,1,-0.159,0,A,13,21,0.0,stuck,367,8656.3,117171
732,300,-42.48,0,A,21,21,0.0,,367,8668.5,117471
733,1,-0.157,0,A,21,21,0.0,stuck,368,8668.5,117472
734,300,-42.758,0,A,21,21,0.0,,368,8680.4,117772
735,1,-0.157,0,A,21,14,0.0,stuck,369,8680.4,117773
736,300,-48.104,0,A,14,14,0.0,,369,8692.3,118073
737,1,-0.191,0,A,14,14,0.0,stuck,370,8692.4,118074
738,300,-42.536,0,A,14,14,0.0,,370,8704.4,118374
739,1,-0.17,0,A,14,22,0.0,stuck,371,8704.4,118375
740,300,-50.222,0,A,22,22,0.0,,371,8716.3,118675
741,1,-0.198,0,A,22,14,0.0,stuck,372,8716.4,118676
742,300,-48.602,0,A,14,14,0.0,,372,8729.0,118976
743,1,-0.194,0,A,14,23,0.0,stuck,373,8729.0,118977
744,300,-52.72,0,A,23,23,0.0,,373,8740.9,119277
745,1,-0.211,0,A,23,30,0.0,stuck,374,8741.0,119278
746,300,-48.589,0,A,30,30,0.0,,374,8752.8,119578
747,1,-0.189,0,A,30,14,0.0,stuck,375,8752.8,119579
748,300,-48.231,0,A,14,14,0.0,,375,8764.9,119879
749,1,-0.19,0,A,14,15,0.0,stuck,376,8765.0,119880
750,300,-53.816,0,A,15,15,0.0,,376,8776.9,120180
751,1,-0.207,0,A,15,14,0.0,stuck,377,8777.0,120181
752,300,-60.911,0,A,14,14,0.0,,377,8789.1,120481
753,1,-0.187,0,A,14,22,0.0,stuck,378,8789.2,120482
754,300,-45.451,0,A,22,22,0.0,,378,8801.3,120782
755,1,-0.177,0,A,22,15,0.0,stuck,379,8801.3,120783
756,300,-53.97,0,A,15,6,0.0,,379,8813.5,121083
757,252,-35.917,0,A,6,22,0.0,stuck,380,8823.7,121335
758,300,-50.851,0,A,22,22,0.0,,380,8835.9,121635
759,1,-0.199,0,A,22,15,0.0,stuck,381,8835.9,121636
760,300,-68.935,0,A,15,15,0.0,,381,8848.3,121936
761,1,-0.22,0,A,15,14,0.0,stuck,382,8848.3,121937
762,300,-49.405,0,A,14,14,0.0,,382,8860.6,122237
763,1,-0.195,0,A,14,14,0.0,stuck,383,8860.6,122238
764,300,-48.811,0,A,14,14,0.0,,383,8872.8,122538
765,1,-0.196,0,A,14,30,0.0,stuck,384,8872.9,122539
766,300,-50.131,0,A,30,30,0.0,,384,8885.2,122839
767,1,-0.2,0,A,30,14,0.0,stuck,385,8885.2,122840
768,300,-43.798,0,A,14,14,0.0,,385,8897.5,123140
769,1,-0.171,0,A,14,14,0.0,stuck,386,8897.6,123141
770,300,-46.905,0,A,14,14,0.0,,386,8909.7,123441
771,1,-0.186,0,A,14,22,0.0,stuck,387,8909.8,123442
772,300,-50.274,0,A,22,22,0.0,,387,8921.9,123742
773,1,-0.196,0,A,22,23,0.0,stuck,388,8922.0,123743
774,300,-73.445,0,A,23,23,0.0,,388,8934.1,124043
775,1,-0.215,0,A,23,22,0.0,stuck,389,8934.2,124044
776,300,-48.798,0,A,22,22,0.0,,389,8946.9,124344
777,1,-0.194,0,A,22,23,0.0,stuck,390,8946.9,124345
778,300,-70.771,0,A,23,23,0.0,,390,8960.3,124645
779,1,-0.209,0,A,23,30,0.0,stuck,391,8960.4,124646
780,300,-64.303,0,A,30,30,0.0,,391,8973.2,124946
781,1,-0.193,0,A,30,22,0.0,stuck,392,8973.3,124947
782,300,-48.509,0,A,22,21,0.0,,392,9055.6,125247
783,48,-6.854,0,A,21,22,0.0,stuck,393,9057.5,125295
784,300,-47.028,0,A,22,30,0.0,,393,9070.0,125595
785,1,-0.163,0,A,30,22,0.0,stuck,394,9070.1,125596
786,300,-50.097,0,A,22,21,0.0,,394,9082.4,125896
787,89,-11.958,0,A,21,22,0.0,stuck,395,9086.0,125985
788,300,-45.635,0,A,22,22,0.0,,395,9098.5,126285
789,1,-0.166,0,A,22,14,0.0,stuck,396,9098.5,126286
790,300,-51.552,0,A,14,14,0.0,,396,9110.7,126586
791,1,-0.181,0,A,14,22,0.0,stuck,397,9110.8,126587
792,300,-47.182,0,A,22,22,0.0,,397,9123.0,126887
793,1,-0.165,0,A,22,22,0.0,stuck,398,9123.1,126888
794,300,-47.715,0,A,22,14,0.0,,398,9135.3,127188
795,116,-17.459,0,A,14,15,0.0,stuck,399,9140.0,127304
796,300,-58.178,0,A,15,15,0.0,,399,9152.6,127604
797,1,-0.211,0,A,15,14,0.0,stuck,400,9152.6,127605
798,300,-44.505,0,A,14,14,0.0,,400,9165.1,127905
799,1,-0.165,0,A,14,14,0.0,stuck,401,9165.2,127906
800,300,-48.75,0,A,14,14,0.0,,401,9177.8,128206
801,1,-0.182,0,A,14,23,0.0,stuck,402,9177.8,128207
802,300,-56.664,0,A,23,23,0.0,,402,9190.6,128507
803,1,-0.215,0,A,23,22,0.0,stuck,403,9190.6,128508
804,300,-45.506,0,A,22,22,0.0,,403,9203.4,128808
805,1,-0.178,0,A,22,14,0.0,stuck,404,9203.5,128809
806,300,-47.517,0,A,14,14,0.0,,404,9215.9,129109
807,1,-0.173,0,A,14,22,0.0,stuck,405,9216.0,129110
808,300,-45.136,0,A,22,22,0.0,,405,9228.9,129410
809,1,-0.172,0,A,22,23,0.0,stuck,406,9229.0,129411
810,300,-57.541,0,A,23,23,0.0,,406,9241.8,129711
811,1,-0.223,0,A,23,22,0.0,stuck,407,9241.8,129712
812,300,-44.763,0,A,22,22,0.0,,407,9254.4,130012
813,1,-0.177,0,A,22,15,0.0,stuck,408,9254.5,130013
814,300,-40.386,0,A,15,31,0.0,,408,9267.4,130313
815,300,-39.522,0,A,31,23,0.0,,408,9280.3,130613
816,175,-37.768,0,A,23,15,0.0,stuck,409,9287.8,130788
817,300,-62.306,0,A,15,7,0.0,,409,9300.5,131088
818,142,-32.279,0,A,7,22,0.0,stuck,410,9306.5,131230
819,300,-53.535,0,A,22,22,0.0,,410,9319.3,131530
820,1,-0.17,0,A,22,14,0.0,stuck,411,9319.4,131531
821,300,-51.22,0,A,14,14,0.0,,411,9332.3,131831
822,1,-0.196,0,A,14,22,0.0,stuck,412,9332.3,131832
823,300,-51.305,0,A,22,22,0.0,,412,9345.0,132132
824,1,-0.196,0,A,22,22,0.0,stuck,413,9345.1,132133
825,300,-51.269,0,A,22,22,0.0,,413,9357.9,132433
826,1,-0.196,0,A,22,21,0.0,stuck,414,9357.9,132434
827,300,-46.994,0,A,21,21,0.0,,414,9370.7,132734
828,1,-0.16,0,A,21,15,0.0,stuck,415,9370.7,132735
829,300,-39.914,0,A,15,7,0.0,,415,9383.7,133035
830,300,-38.2,0,A,7,7,0.0,,415,9397.0,133335
831,158,-31.764,0,A,7,23,0.0,stuck,416,9404.1,133493
832,300,-40.263,0,A,23,15,0.0,,416,9417.6,133793
833,300,-38.259,0,A,15,15,0.0,,416,9431.1,134093
834,110,-25.023,0,A,15,14,0.0,stuck,417,9435.7,134203
835,186,-32.547,0,A,14,14,0.0,escape,418,9444.2,134389
836,300,-49.271,0,A,14,15,0.0,,418,9457.0,134689
837,300,-33.13,0,A,15,15,0.0,,418,9470.0,134989
838,300,-40.086,0,A,15,15,0.0,,418,9483.0,135289
839,130,-28.63,0,A,15,14,0.0,stuck,419,9488.5,135419
840,300,-39.214,0,A,14,7,0.0,,419,9501.3,135719
841,240,-33.396,0,A,7,14,0.0,escape,420,9511.6,135959
842,300,-46.088,0,A,14,14,0.0,,420,9524.6,136259
843,1,-0.163,0,A,14,22,0.0,stuck,421,9524.8,136260
844,300,-47.498,0,A,22,22,0.0,,421,9538.2,136560
845,1,-0.168,0,A,22,14,0.0,stuck,422,9538.2,136561
846,300,-28.414,0,A,14,15,0.0,,422,9551.5,136861
847,106,-22.274,0,A,15,6,0.0,stuck,423,9556.0,136967
848,114,-21.238,0,A,6,15,0.0,escape,424,9560.8,137081
849,137,-26.109,0,A,15,14,0.0,escape,425,9566.7,137218
850,300,-34.189,0,A,14,7,0.0,,425,9579.9,137518
851,135,-31.47,0,A,7,22,0.0,stuck,426,9585.8,137653
852,300,-46.02,0,A,22,22,0.0,,426,9599.6,137953
853,1,-0.175,0,A,22,23,0.0,stuck,427,9599.6,137954
854,300,-30.671,0,A,23,15,0.0,,427,9613.1,138254
855,106,-22.452,0,A,15,22,0.0,stuck,428,9617.7,138360
856,300,-47.709,0,A,22,22,0.0,,428,9630.7,138660
857,1,-0.18,0,A,22,30,0.0,stuck,429,9630.8,138661
858,300,-52.552,0,A,30,22,0.0,,429,9644.6,138961
859,1,-0.192,0,A,22,14,0.0,stuck,430,9644.7,138962
860,300,-47.566,0,A,14,14,0.0,,430,9657.9,139262
861,1,-0.176,0,A,14,22,0.0,stuck,431,9657.9,139263
862,300,-68.91,0,A,22,31,0.0,,431,9671.2,139563
863,24,-5.497,0,A,31,15,0.0,escape,432,9672.3,139587
864,300,-59.272,0,A,15,31,0.0,,432,9685.6,139887
865,30,-6.196,0,A,31,14,0.0,escape,433,9686.9,139917
866,300,-48.988,0,A,14,14,0.0,,433,9700.0,140217
867,1,-0.182,0,A,14,14,0.0,stuck,434,9700.0,140218
868,201,-37.241,0,A,14,6,0.0,escape,435,9708.7,140419
869,69,-12.471,0,A,6,23,0.0,escape,436,9711.7,140488
870,300,-76.468,0,A,23,15,0.0,,436,9725.0,140788
871,179,-42.875,0,A,15,22,0.0,escape,437,9732.8,140967
872,300,-46.179,0,A,22,22,0.0,,437,9745.9,141267
873,1,-0.163,0,A,22,15,0.0,stuck,438,9745.9,141268
874,300,-26.228,0,A,15,15,0.0,,438,9759.6,141568
875,90,-21.152,0,A,15,22,0.0,stuck,439,9763.7,141658
876,300,-51.769,0,A,22,22,0.0,,439,9777.3,141958
877,1,-0.169,0,A,22,6,0.0,stuck,440,9777.3,141959
878,300,-81.018,0,A,6,6,0.0,,440,9790.5,142259
879,1,-0.182,0,A,6,15,0.0,stuck,441,9790.5,142260
880,300,-76.334,0,A,15,15,0.0,,441,9803.6,142560
881,300,-25.606,0,A,15,15,0.0,,441,9816.7,142860
882,95,-19.795,0,A,15,14,0.0,stuck,442,9821.1,142955
883,300,-45.402,0,A,14,14,0.0,,442,9835.4,143255
884,1,-0.16,0,A,14,15,0.0,stuck,443,9835.4,143256
885,132,-24.187,0,A,15,14,0.0,escape,444,9841.5,143388
886,300,-57.189,0,A,14,22,0.0,,444,9855.7,143688
887,257,-41.985,0,A,22,23,0.0,stuck,445,9867.1,143945
888,300,-54.643,0,A,23,23,0.0,,445,9880.5,144245
889,1,-0.209,0,A,23,22,0.0,stuck,446,9880.5,144246
890,300,-49.19,0,A,22,22,0.0,,446,9893.5,144546
891,1,-0.183,0,A,22,15,0.0,stuck,447,9893.6,144547
892,300,-57.499,0,A,15,15,0.0,,447,9906.8,144847
893,1,-0.204,0,A,15,22,0.0,stuck,448,9906.8,144848
894,300,-46.151,0,A,22,22,0.0,,448,9919.9,145148
895,1,-0.172,0,A,22,14,0.0,stuck,449,9919.9,145149
896,300,-51.919,0,A,14,14,0.0,,449,9932.9,145449
897,1,-0.192,0,A,14,13,0.0,stuck,450,9933.0,145450
898,300,-42.223,0,A,13,13,0.0,,450,9945.9,145750
899,1,-0.154,0,A,13,30,0.0,stuck,451,9946.0,145751
900,300,-46.111,0,A,30,30,0.0,,451,9958.9,146051
901,1,-0.172,0,A,30,6,0.0,stuck,452,9958.9,146052
902,300,-49.659,0,A,6,23,0.0,,452,9972.0,146352
903,300,-54.641,0,A,23,15,0.0,,452,9985.2,146652
904,284,-69.684,0,A,15,22,0.0,stuck,453,9997.8,146936
905,300,-54.328,0,A,22,5,0.0,,453,10010.8,147236
906,1,-0.141,0,A,5,22,0.0,escape,454,10010.8,147237
907,300,-53.983,0,A,22,22,0.0,,454,10023.9,147537
908,154,-27.885,0,A,22,14,0.0,stuck,455,10030.4,147691
909,300,-57.387,0,A,14,6,0.0,,455,10043.4,147991
910,270,-49.034,0,A,6,30,0.0,stuck,456,10054.7,148261
911,300,-52.977,0,A,30,30,0.0,,456,10067.6,148561
912,1,-0.183,0,A,30,14,0.0,stuck,457,10067.6,148562
913,300,-49.224,0,A,14,14,0.0,,457,10080.4,148862
914,1,-0.166,0,A,14,22,0.0,stuck,458,10080.4,148863
915,300,-45.332,0,A,22,22,0.0,,458,10093.4,149163
916,1,-0.166,0,A,22,23,0.0,stuck,459,10093.4,149164
917,300,-56.608,0,A,23,23,0.0,,459,10106.7,149464
918,1,-0.214,0,A,23,23,0.0,stuck,460,10106.7,149465
919,300,-56.416,0,A,23,23,0.0,,460,10119.8,149765
920,1,-0.208,0,A,23,14,0.0,stuck,461,10119.8,149766
921,300,-44.569,0,A,14,14,0.0,,461,10208.4,150066
922,1,-0.168,0,A,14,22,0.0,stuck,462,10208.5,150067
923,300,-47.249,0,A,22,22,0.0,,462,10222.0,150367
924,1,-0.188,0,A,22,15,0.0,stuck,463,10222.0,150368
925,300,-52.66,0,A,15,15,0.0,,463,10235.9,150668
926,1,-0.206,0,A,15,14,0.0,stuck,464,10235.9,150669
927,300,-50.241,0,A,14,14,0.0,,464,10249.0,150969
928,1,-0.197,0,A,14,14,0.0,stuck,465,10249.0,150970
929,300,-46.28,0,A,14,14,0.0,,465,10261.8,151270
930,1,-0.183,0,A,14,22,0.0,stuck,466,10261.8,151271
931,300,-42.422,0,A,22,22,0.0,,466,10274.6,151571
932,1,-0.163,0,A,22,23,0.0,stuck,467,10274.6,151572
933,300,-58.267,0,A,23,15,0.0,,467,10287.4,151872
934,214,-47.303,0,A,15,22,0.0,stuck,468,10296.3,152086
935,300,-48.878,0,A,22,13,0.0,,468,10308.9,152386
936,120,-16.185,0,A,13,6,0.0,stuck,469,10314.0,152506
937,300,-46.943,0,A,6,6,0.0,,469,10326.7,152806
938,1,-0.181,0,A,6,6,0.0,stuck,470,10326.7,152807
939,300,-48.624,0,A,6,6,0.0,,470,10339.8,153107
940,1,-0.193,0,A,6,22,0.0,stuck,471,10339.8,153108
941,300,-57.691,0,A,22,15,0.0,,471,10353.1,153408
942,253,-43.112,0,A,15,22,0.0,stuck,472,10364.2,153661
943,300,-45.724,0,A,22,22,0.0,,472,10377.3,153961
944,1,-0.168,0,A,22,14,0.0,stuck,473,10377.3,153962
945,300,-43.688,0,A,14,14,0.0,,473,10390.5,154262
946,1,-0.16,0,A,14,23,0.0,stuck,474,10390.5,154263
947,300,-85.653,0,A,23,31,0.0,,474,10403.9,154563
948,45,-9.079,0,A,31,23,0.0,stuck,475,10405.9,154608
949,300,-56.714,0,A,23,30,0.0,,475,10418.9,154908
950,212,-40.406,0,A,30,22,0.0,stuck,476,10428.1,155120
951,300,-44.527,0,A,22,22,0.0,,476,10441.2,155420
952,1,-0.164,0,A,22,14,0.0,stuck,477,10441.2,155421
953,300,-45.981,0,A,14,14,0.0,,477,10454.3,155721
954,1,-0.177,0,A,14,23,0.0,stuck,478,10454.3,155722
955,300,-52.691,0,A,23,23,0.0,,478,10467.5,156022
956,1,-0.208,0,A,23,13,0.0,stuck,479,10467.5,156023
957,300,-41.671,0,A,13,13,0.0,,479,10480.6,156323
958,1,-0.152,0,A,13,13,0.0,stuck,480,10480.6,156324
959,300,-42.16,0,A,13,13,0.0,,480,10493.7,156624
960,1,-0.157,0,A,13,13,0.0,stuck,481,10493.8,156625
961,300,-41.605,0,A,13,13,0.0,,481,10506.9,156925
962,1,-0.158,0,A,13,14,0.0,stuck,482,10506.9,156926
963,300,-46.18,0,A,14,14,0.0,,482,10520.4,157226
964,1,-0.179,0,A,14,14,0.0,stuck,483,10520.5,157227
965,300,-51.187,0,A,14,14,0.0,,483,10533.6,157527
966,1,-0.194,0,A,14,15,0.0,stuck,484,10533.6,157528
967,300,-50.522,0,A,15,15,0.0,,484,10546.8,157828
968,75,-15.937,0,A,15,30,0.0,stuck,485,10550.0,157903
969,300,-50.532,0,A,30,30,0.0,,485,10563.1,158203
970,1,-0.194,0,A,30,14,0.0,stuck,486,10563.1,158204
971,300,-51.335,0,A,14,14,0.0,,486,10576.2,158504
972,1,-0.193,0,A,14,22,0.0,stuck,487,10576.3,158505
973,300,-45.962,0,A,22,22,0.0,,487,10589.4,158805
974,1,-0.173,0,A,22,15,0.0,stuck,488,10589.4,158806
975,300,-24.942,0,A,15,15,0.0,,488,10602.6,159106
976,55,-12.532,0,A,15,22,0.0,stuck,489,10605.0,159161
977,300,-44.779,0,A,22,22,0.0,,489,10617.9,159461
978,1,-0.169,0,A,22,7,0.0,stuck,490,10618.0,159462
979,300,-60.683,0,A,7,7,0.0,,490,10631.2,159762
980,49,-9.928,0,A,7,23,0.0,escape,491,10633.3,159811
981,184,-40.7,0,A,23,14,0.0,escape,492,10641.3,159995
982,300,-50.96,0,A,14,14,0.0,,492,10654.5,160295
983,1,-0.193,0,A,14,23,0.0,stuck,493,10654.5,160296
984,300,-54.409,0,A,23,15,0.0,,493,10667.7,160596
985,161,-30.876,0,A,15,6,0.0,stuck,494,10674.8,160757
986,300,-57.094,0,A,6,15,0.0,,494,10688.0,161057
987,50,-10.816,0,A,15,22,0.0,stuck,495,10690.2,161107
988,300,-46.261,0,A,22,22,0.0,,495,10703.4,161407
989,1,-0.173,0,A,22,23,0.0,stuck,496,10703.4,161408
990,300,-19.806,0,A,23,7,0.0,,496,10716.6,161708
991,81,-14.864,0,A,7,15,0.0,escape,497,10720.1,161789
992,91,-13.86,0,A,15,22,0.0,escape,498,10724.1,161880
993,300,-48.916,0,A,22,22,0.0,,498,10737.2,162180
994,1,-0.18,0,A,22,22,0.0,stuck,499,10737.3,162181
995,300,-46.495,0,A,22,22,0.0,,499,10750.2,162481
996,1,-0.177,0,A,22,14,0.0,stuck,500,10750.3,162482
997,300,-49.392,0,A,14,14,0.0,,500,10763.4,162782
998,1,-0.189,0,A,14,22,0.0,stuck,501,10763.4,162783
999,300,-44.423,0,A,22,22,0.0,,501,10776.5,163083
1000,1,-0.164,0,A,22,15,0.0,stuck,502,10776.6,163084
1001,300,-26.122,0,A,15,15,0.0,,502,10789.9,163384
1002,44,-9.661,0,A,15,22,0.0,stuck,503,10791.8,163428
1003,300,-49.135,0,A,22,22,0.0,,503,10804.8,163728
1004,1,-0.186,0,A,22,22,0.0,stuck,504,10804.8,163729
1005,300,-49.179,0,A,22,22,0.0,,504,10817.9,164029
1006,1,-0.186,0,A,22,22,0.0,stuck,505,10818.0,164030
1007,248,-45.56,0,A,22,22,0.0,escape,506,10828.8,164278
1008,300,-51.284,0,A,22,22,0.0,,506,10841.8,164578
1009,1,-0.199,0,A,22,14,0.0,stuck,507,10841.8,164579
1010,300,-70.997,0,A,14,23,0.0,,507,10855.0,164879
1011,107,-20.463,0,A,23,22,0.0,stuck,508,10859.7,164986
1012,109,-22.087,0,A,22,6,0.0,escape,509,10864.5,165095
1013,300,-44.999,0,A,6,6,0.0,,509,10877.5,165395
1014,1,-0.172,0,A,6,13,0.0,stuck,510,10877.5,165396
1015,300,-42.026,0,A,13,13,0.0,,510,10890.5,165696
1016,1,-0.159,0,A,13,14,0.0,stuck,511,10890.6,165697
1017,300,-65.277,0,A,14,30,0.0,,511,10903.7,165997
1018,226,-35.99,0,A,30,22,0.0,stuck,512,10913.6,166223
1019,300,-44.33,0,A,22,22,0.0,,512,10926.5,166523
1020,1,-0.17,0,A,22,22,0.0,stuck,513,10926.6,166524
1021,73,-16.796,0,A,22,14,0.0,escape,514,10929.8,166597
1022,300,-41.932,0,A,14,14,0.0,,514,10942.8,166897
1023,1,-0.164,0,A,14,14,0.0,stuck,515,10942.8,166898
1024,300,-43.555,0,A,14,14,0.0,,515,10955.7,167198
1025,1,-0.168,0,A,14,13,0.0,stuck,516,10955.8,167199
1026,300,-41.772,0,A,13,13,0.0,,516,10969.0,167499
1027,1,-0.153,0,A,13,22,0.0,stuck,517,10969.0,167500
1028,300,-48.111,0,A,22,22,0.0,,517,10982.1,167800
1029,1,-0.188,0,A,22,14,0.0,stuck,518,10982.2,167801
1030,300,-43.871,0,A,14,14,0.0,,518,10995.2,168101
1031,1,-0.169,0,A,14,21,0.0,stuck,519,10995.2,168102
1032,300,-43.987,0,A,21,21,0.0,,519,11008.3,168402
1033,1,-0.158,0,A,21,22,0.0,stuck,520,11008.4,168403
1034,300,-47.518,0,A,22,22,0.0,,520,11021.5,168703
1035,1,-0.19,0,A,22,22,0.0,stuck,521,11021.5,168704
1036,300,-47.337,0,A,22,22,0.0,,521,11034.6,169004
1037,1,-0.182,0,A,22,14,0.0,stuck,522,11034.7,169005
1038,300,-43.561,0,A,14,13,0.0,,522,11047.7,169305
1039,1,-0.159,0,A,13,22,0.0,stuck,523,11047.7,169306
1040,300,-43.489,0,A,22,22,0.0,,523,11061.0,169606
1041,1,-0.159,0,A,22,22,0.0,stuck,524,11061.0,169607
1042,300,-46.825,0,A,22,22,0.0,,524,11074.0,169907
1043,1,-0.184,0,A,22,22,0.0,stuck,525,11074.1,169908
1044,300,-43.276,0,A,22,22,0.0,,525,11087.1,170208
1045,1,-0.161,0,A,22,14,0.0,stuck,526,11087.1,170209
1046,183,-45.66,0,A,14,14,0.0,escape,527,11095.1,170392
1047,300,-62.242,0,A,14,15,0.0,,527,11108.4,170692
1048,49,-12.516,0,A,15,15,0.0,stuck,528,11110.5,170741
1049,268,-76.497,0,A,15,14,0.0,escape,529,11122.4,171009
1050,300,-48.326,0,A,14,14,0.0,,529,11135.6,171309
1051,1,-0.19,0,A,14,22,0.0,stuck,530,11135.6,171310
1052,300,-78.077,0,A,22,23,0.0,,530,11148.5,171610
1053,42,-8.883,0,A,23,22,0.0,stuck,531,11150.2,171652
1054,300,-45.677,0,A,22,22,0.0,,531,11162.9,171952
1055,1,-0.17,0,A,22,15,0.0,stuck,532,11163.0,171953
1056,300,-32.332,0,A,15,15,0.0,,532,11175.9,172253
1057,92,-11.263,0,A,15,22,0.0,stuck,533,11179.9,172345
1058,300,-44.142,0,A,22,22,0.0,,533,11192.6,172645
1059,1,-0.163,0,A,22,21,0.0,stuck,534,11192.7,172646
1060,300,-42.636,0,A,21,21,0.0,,534,11205.3,172946
1061,1,-0.155,0,A,21,14,0.0,stuck,535,11205.4,172947
1062,300,-34.576,0,A,14,15,0.0,,535,11218.5,173247
1063,63,-13.918,0,A,15,23,0.0,stuck,536,11221.3,173310
1064,300,-54.715,0,A,23,30,0.0,,536,11234.4,173610
1065,17,-2.962,0,A,30,13,0.0,stuck,537,11235.1,173627
1066,300,-42.336,0,A,13,13,0.0,,537,11248.1,173927
1067,1,-0.154,0,A,13,30,0.0,stuck,538,11248.2,173928
1068,300,-48.338,0,A,30,30,0.0,,538,11261.2,174228
1069,1,-0.186,0,A,30,14,0.0,stuck,539,11261.2,174229
1070,300,-71.346,0,A,14,15,0.0,,539,11274.4,174529
1071,224,-38.894,0,A,15,23,0.0,escape,540,11284.3,174753
1072,300,-58.544,0,A,23,31,0.0,,540,11371.4,175053
1073,41,-8.859,0,A,31,14,0.0,stuck,541,11373.1,175094
1074,300,-19.426,0,A,14,15,0.0,,541,11386.4,175394
1075,300,-67.206,0,A,15,15,0.0,,541,11399.7,175694
1076,3,-0.704,0,A,15,22,0.0,stuck,542,11399.8,175697
1077,300,-37.891,0,A,22,3,0.0,,542,11412.8,175997
1078,130,-3.218,1,B,3,2,0.0,,542,11418.5,176127
1079,300,-49.463,0,B,2,1,0.0,,542,11431.3,176427
1080,3,-0.54,0,B,1,9,0.0,stuck,543,11431.5,176430
1081,300,-48.796,0,B,9,9,0.0,,543,11444.0,176730
1082,1,-0.178,0,B,9,9,0.0,stuck,544,11444.0,176731
1083,300,-45.875,0,B,9,9,0.0,,544,11457.2,177031
1084,1,-0.164,0,B,9,9,0.0,stuck,545,11457.2,177032
1085,300,-48.536,0,B,9,9,0.0,,545,11469.9,177332
1086,1,-0.187,0,B,9,9,0.0,stuck,546,11470.0,177333
1087,300,-48.641,0,B,9,9,0.0,,546,11482.8,177633
1088,1,-0.186,0,B,9,17,0.0,stuck,547,11482.8,177634
1089,300,-48.021,0,B,17,17,0.0,,547,11495.3,177934
1090,1,-0.183,0,B,17,9,0.0,stuck,548,11495.3,177935
1091,300,-47.884,0,B,9,9,0.0,,548,11508.1,178235
1092,1,-0.175,0,B,9,16,0.0,stuck,549,11508.1,178236
1093,300,-55.799,0,B,16,16,0.0,,549,11521.3,178536
1094,1,-0.207,0,B,16,9,0.0,stuck,550,11521.3,178537
1095,300,-55.229,0,B,9,9,0.0,,550,11534.4,178837
1096,1,-0.198,0,B,9,17,0.0,stuck,551,11534.4,178838
1097,300,-48.75,0,B,17,17,0.0,,551,11548.9,179138
1098,1,-0.18,0,B,17,25,0.0,stuck,552,11548.9,179139
1099,300,-49.867,0,B,25,25,0.0,,552,11561.9,179439
1100,1,-0.189,0,B,25,9,0.0,stuck,553,11561.9,179440
1101,300,-62.547,0,B,9,24,0.0,,553,11575.3,179740
1102,227,-43.059,0,B,24,17,0.0,stuck,554,11585.3,179967
1103,300,-53.08,0,B,17,8,0.0,,554,11598.6,180267
1104,227,-39.408,0,B,8,16,0.0,stuck,555,11608.5,180494
1105,300,-53.182,0,B,16,16,0.0,,555,11621.6,180794
1106,1,-0.214,0,B,16,1,0.0,stuck,556,11621.6,180795
1107,300,-48.334,0,B,1,1,0.0,,556,11634.8,181095
1108,1,-0.191,0,B,1,17,0.0,stuck,557,11634.8,181096
1109,300,-44.602,0,B,17,17,0.0,,557,11647.8,181396
1110,1,-0.173,0,B,17,16,0.0,stuck,558,11647.8,181397
1111,300,-50.659,0,B,16,16,0.0,,558,11660.8,181697
1112,1,-0.202,0,B,16,9,0.0,stuck,559,11660.9,181698
1113,300,-45.593,0,B,9,9,0.0,,559,11674.0,181998
1114,1,-0.177,0,B,9,8,0.0,stuck,560,11674.0,181999
1115,300,-52.468,0,B,8,8,0.0,,560,11687.0,182299
1116,1,-0.21,0,B,8,9,0.0,stuck,561,11687.1,182300
1117,300,-47.517,0,B,9,9,0.0,,561,11700.0,182600
1118,1,-0.187,0,B,9,9,0.0,stuck,562,11700.1,182601
1119,300,-50.263,0,B,9,9,0.0,,562,11713.2,182901
1120,1,-0.2,0,B,9,16,0.0,stuck,563,11713.2,182902
1121,300,-54.9,0,B,16,16,0.0,,563,11726.3,183202
1122,1,-0.213,0,B,16,9,0.0,stuck,564,11726.3,183203
1123,300,-46.717,0,B,9,9,0.0,,564,11739.5,183503
1124,1,-0.182,0,B,9,9,0.0,stuck,565,11739.5,183504
1125,300,-49.293,0,B,9,9,0.0,,565,11752.7,183804
1126,1,-0.196,0,B,9,1,0.0,stuck,566,11752.7,183805
1127,300,-51.843,0,B,1,1,0.0,,566,11766.0,184105
1128,1,-0.201,0,B,1,18,0.0,stuck,567,11766.1,184106
1129,300,-41.214,0,B,18,18,0.1276,,567,11779.3,184406
1130,1,-0.153,0,B,18,17,0.0,stuck,568,11779.4,184407
1131,300,-43.918,0,B,17,17,0.0,,568,11792.5,184707
1132,1,-0.165,0,B,17,10,0.0,stuck,569,11792.5,184708
1133,300,-40.364,0,B,10,10,0.0,,569,11805.7,185008
1134,1,-0.154,0,B,10,17,0.0,stuck,570,11805.7,185009
1135,300,-46.609,0,B,17,17,0.0,,570,11818.6,185309
1136,1,-0.182,0,B,17,1,0.0,stuck,571,11818.7,185310
1137,300,-51.441,0,B,1,1,0.0,,571,11831.8,185610
1138,1,-0.202,0,B,1,1,0.0,stuck,572,11831.8,185611
1139,300,-48.255,0,B,1,1,0.0,,572,11844.8,185911
1140,1,-0.189,0,B,1,8,0.0,stuck,573,11844.8,185912
1141,300,-53.621,0,B,8,8,0.0,,573,11857.8,186212
1142,1,-0.214,0,B,8,9,0.0,stuck,574,11857.8,186213
1143,300,-48.462,0,B,9,9,0.0,,574,11870.8,186513
1144,1,-0.186,0,B,9,17,0.0,stuck,575,11870.9,186514
1145,300,-43.981,0,B,17,17,0.0,,575,11883.9,186814
1146,1,-0.17,0,B,17,16,0.0,stuck,576,11884.0,186815
1147,300,-52.262,0,B,16,16,0.0,,576,11896.9,187115
1148,1,-0.206,0,B,16,17,0.0,stuck,577,11896.9,187116
1149,300,-41.546,0,B,17,17,0.0,,577,11909.9,187416
1150,1,-0.159,0,B,17,8,0.0,stuck,578,11910.0,187417
1151,300,-52.476,0,B,8,8,0.0,,578,11922.9,187717
1152,1,-0.201,0,B,8,17,0.0,stuck,579,11922.9,187718
1153,300,-43.501,0,B,17,17,0.0,,579,11935.9,188018
1154,1,-0.163,0,B,17,9,0.0,stuck,580,11936.0,188019
1155,300,-47.445,0,B,9,9,0.0,,580,11949.1,188319
1156,1,-0.173,0,B,9,8,0.0,stuck,581,11949.2,188320
1157,300,-53.565,0,B,8,8,0.0,,581,11962.5,188620
1158,1,-0.206,0,B,8,1,0.0,stuck,582,11962.6,188621
1159,300,-54.463,0,B,1,1,0.0,,582,11975.7,188921
1160,1,-0.2,0,B,1,9,0.0,stuck,583,11975.8,188922
1161,300,-47.631,0,B,9,9,0.0,,583,11991.1,189222
1162,1,-0.171,0,B,9,9,0.0,stuck,584,11991.2,189223
1163,300,-49.645,0,B,9,9,0.0,,584,12004.5,189523
1164,1,-0.178,0,B,9,9,0.0,stuck,585,12004.6,189524
1165,300,-51.061,0,B,9,9,0.0,,585,12017.5,189824
1166,1,-0.182,0,B,9,10,0.0,stuck,586,12017.6,189825
1167,300,-45.942,0,B,10,10,0.0,,586,12030.6,190125
1168,1,-0.16,0,B,10,24,0.0,stuck,587,12030.7,190126
1169,300,-52.938,0,B,24,24,0.0,,587,12044.1,190426
1170,1,-0.203,0,B,24,25,0.0,stuck,588,12044.1,190427
1171,300,-47.358,0,B,25,25,0.0,,588,12057.0,190727
1172,1,-0.17,0,B,25,9,0.0,stuck,589,12057.1,190728
1173,300,-52.566,0,B,9,9,0.0,,589,12070.1,191028
1174,1,-0.198,0,B,9,18,0.0,stuck,590,12070.1,191029
1175,300,-50.228,0,B,18,18,0.1138,,590,12083.2,191329
1176,1,-0.157,0,B,18,17,0.0,stuck,591,12083.2,191330
1177,300,-51.601,0,B,17,17,0.0,,591,12096.3,191630
1178,1,-0.2,0,B,17,18,0.0,stuck,592,12096.4,191631
1179,300,-47.82,0,B,18,18,0.1014,,592,12109.5,191931
1180,1,-0.154,0,B,18,24,0.0,stuck,593,12109.6,191932
1181,300,-52.457,0,B,24,24,0.0,,593,12122.7,192232
1182,1,-0.206,0,B,24,9,0.0,stuck,594,12122.7,192233
1183,300,-43.548,0,B,9,9,0.0,,594,12135.6,192533
1184,1,-0.161,0,B,9,9,0.0,stuck,595,12135.7,192534
1185,300,-50.96,0,B,9,9,0.0,,595,12148.6,192834
1186,1,-0.195,0,B,9,9,0.0,stuck,596,12148.7,192835
1187,300,-50.068,0,B,9,9,0.0,,596,12161.7,193135
1188,1,-0.192,0,B,9,25,0.0,stuck,597,12161.7,193136
1189,300,-48.452,0,B,25,25,0.0,,597,12174.8,193436
1190,1,-0.189,0,B,25,25,0.0,stuck,598,12174.8,193437
1191,300,-47.102,0,B,25,25,0.0,,598,12187.7,193737
1192,1,-0.175,0,B,25,17,0.0,stuck,599,12187.8,193738
1193,300,-43.511,0,B,17,17,0.0,,599,12200.7,194038
1194,1,-0.171,0,B,17,17,0.0,stuck,600,12200.8,194039
1195,300,-51.605,0,B,17,17,0.0,,600,12213.8,194339
1196,1,-0.201,0,B,17,17,0.0,stuck,601,12213.8,194340
1197,300,-50.691,0,B,17,17,0.0,,601,12226.8,194640
1198,1,-0.201,0,B,17,8,0.0,stuck,602,12226.8,194641
1199,300,-58.358,0,B,8,8,0.0,,602,12239.8,194941
1200,1,-0.203,0,B,8,25,0.0,stuck,603,12239.9,194942
1201,300,-53.274,0,B,25,25,0.0,,603,12252.8,195242
1202,1,-0.198,0,B,25,17,0.0,stuck,604,12252.8,195243
1203,300,-52.01,0,B,17,17,0.0,,604,12265.6,195543
1204,1,-0.186,0,B,17,9,0.0,stuck,605,12265.7,195544
1205,300,-46.536,0,B,9,9,0.0,,605,12278.4,195844
1206,1,-0.169,0,B,9,8,0.0,stuck,606,12278.5,195845
1207,300,-57.794,0,B,8,8,0.0,,606,12291.5,196145
1208,1,-0.21,0,B,8,17,0.0,stuck,607,12291.5,196146
1209,300,-55.672,0,B,17,17,0.0,,607,12304.7,196446
1210,1,-0.193,0,B,17,17,0.0,stuck,608,12304.8,196447
1211,300,-60.905,0,B,17,17,0.0,,608,12317.8,196747
1212,1,-0.199,0,B,17,25,0.0,stuck,609,12317.8,196748
1213,300,-55.868,0,B,25,25,0.0,,609,12330.5,197048
1214,1,-0.172,0,B,25,17,0.0,stuck,610,12330.5,197049
1215,300,-55.462,0,B,17,17,0.0,,610,12343.5,197349
1216,1,-0.191,0,B,17,25,0.0,stuck,611,12343.5,197350
1217,300,-55.397,0,B,25,25,0.0,,611,12356.6,197650
1218,1,-0.193,0,B,25,1,0.0,stuck,612,12356.6,197651
1219,300,-57.143,0,B,1,1,0.0,,612,12369.8,197951
1220,1,-0.2,0,B,1,9,0.0,stuck,613,12369.8,197952
1221,300,-51.405,0,B,9,9,0.0,,613,12383.0,198252
1222,1,-0.176,0,B,9,8,0.0,stuck,614,12383.0,198253
1223,300,-57.505,0,B,8,8,0.0,,614,12396.1,198553
1224,1,-0.202,0,B,8,17,0.0,stuck,615,12396.1,198554
1225,300,-49.878,0,B,17,17,0.0,,615,12409.3,198854
1226,1,-0.163,0,B,17,8,0.0,stuck,616,12409.3,198855
1227,300,-56.746,0,B,8,8,0.0,,616,12422.3,199155
1228,1,-0.206,0,B,8,1,0.0,stuck,617,12422.4,199156
1229,300,-49.44,0,B,1,1,0.0,,617,12435.4,199456
1230,1,-0.183,0,B,1,17,0.0,stuck,618,12435.4,199457
1231,300,-53.025,0,B,17,17,0.0,,618,12448.4,199757
1232,1,-0.18,0,B,17,17,0.0,stuck,619,12448.4,199758
1233,300,-48.67,0,B,17,17,0.0,,619,12535.5,200058
1234,1,-0.169,0,B,17,16,0.0,stuck,620,12535.5,200059
1235,300,-58.755,0,B,16,16,0.0,,620,12548.4,200359
1236,1,-0.212,0,B,16,8,0.0,stuck,621,12548.5,200360
1237,300,-59.016,0,B,8,8,0.0,,621,12561.6,200660
1238,1,-0.215,0,B,8,17,0.0,stuck,622,12561.6,200661
1239,300,-58.063,0,B,17,17,0.0,,622,12574.6,200961
1240,1,-0.202,0,B,17,9,0.0,stuck,623,12574.7,200962
1241,300,-52.959,0,B,9,9,0.0,,623,12587.7,201262
1242,1,-0.179,0,B,9,17,0.0,stuck,624,12587.8,201263
1243,300,-53.406,0,B,17,17,0.0,,624,12600.8,201563
1244,1,-0.177,0,B,17,17,0.0,stuck,625,12600.8,201564
1245,300,-53.399,0,B,17,17,0.0,,625,12613.7,201864
1246,1,-0.176,0,B,17,17,0.0,stuck,626,12613.7,201865
1247,300,-52.801,0,B,17,17,0.0,,626,12626.4,202165
1248,1,-0.171,0,B,17,17,0.0,stuck,627,12626.5,202166
1249,300,-53.959,0,B,17,17,0.0,,627,12639.1,202466
1250,1,-0.166,0,B,17,24,0.0,stuck,628,12639.2,202467
1251,300,-58.963,0,B,24,24,0.0,,628,12651.7,202767
1252,1,-0.204,0,B,24,10,0.0,stuck,629,12651.7,202768
1253,300,-45.732,0,B,10,10,0.0,,629,12664.4,203068
1254,1,-0.155,0,B,10,25,0.0,stuck,630,12664.5,203069
1255,300,-57.669,0,B,25,25,0.0,,630,12677.1,203369
1256,1,-0.192,0,B,25,9,0.0,stuck,631,12677.1,203370
1257,300,-56.204,0,B,9,9,0.0,,631,12690.0,203670
1258,1,-0.183,0,B,9,9,0.0,stuck,632,12690.0,203671
1259,300,-61.172,0,B,9,9,0.0,,632,12703.1,203971
1260,1,-0.175,0,B,9,8,0.0,stuck,633,12703.2,203972
1261,300,-67.543,0,B,8,8,0.0,,633,12716.3,204272
1262,1,-0.203,0,B,8,17,0.0,stuck,634,12716.4,204273
1263,300,-61.251,0,B,17,17,0.0,,634,12729.3,204573
1264,1,-0.18,0,B,17,18,0.0,stuck,635,12729.4,204574
1265,300,-45.115,0,B,18,10,0.0,,635,12742.4,204874
1266,1,-0.155,0,B,10,18,0.0,stuck,636,12742.5,204875
1267,300,-49.197,0,B,18,9,0.0,,636,12755.5,205175
1268,89,-15.325,0,B,9,8,0.0,stuck,637,12759.4,205264
1269,300,-57.073,0,B,8,8,0.0,,637,12772.4,205564
1270,1,-0.211,0,B,8,9,0.0,stuck,638,12772.4,205565
1271,300,-58.201,0,B,9,9,0.0,,638,12785.4,205865
1272,1,-0.197,0,B,9,8,0.0,stuck,639,12785.5,205866
1273,300,-61.629,0,B,8,8,0.0,,639,12798.5,206166
1274,1,-0.218,0,B,8,1,0.0,stuck,640,12798.5,206167
1275,300,-56.772,0,B,1,1,0.0,,640,12811.6,206467
1276,1,-0.188,0,B,1,9,0.0,stuck,641,12811.7,206468
1277,300,-49.379,0,B,9,9,0.0,,641,12824.7,206768
1278,1,-0.172,0,B,9,8,0.0,stuck,642,12824.7,206769
1279,300,-57.728,0,B,8,8,0.0,,642,12837.7,207069
1280,1,-0.205,0,B,8,9,0.0,stuck,643,12837.8,207070
1281,300,-40.763,0,B,9,12,0.0,,643,12851.0,207370
1282,206,-18.172,1,A,12,5,0.0,,643,12860.1,207576
1283,300,-44.732,0,A,5,5,0.0,,643,12873.3,207876
1284,1,-0.152,0,A,5,21,0.0,stuck,644,12873.3,207877
1285,300,-54.211,0,A,21,14,0.0,,644,12886.4,208177
1286,300,-51.392,0,A,14,14,0.0,,644,12899.5,208477
1287,67,-10.894,0,A,14,23,0.0,stuck,645,12902.4,208544
1288,300,-56.443,0,A,23,14,0.0,,645,12915.5,208844
1289,147,-27.239,0,A,14,15,0.0,escape,646,12922.0,208991
1290,300,-50.591,0,A,15,15,0.0,,646,12935.0,209291
1291,1,-0.204,0,A,15,22,0.0,stuck,647,12935.1,209292
1292,300,-53.249,0,A,22,14,0.0,,647,12948.1,209592
1293,300,-50.413,0,A,14,6,0.0,,647,12961.2,209892
1294,91,-14.157,0,A,6,14,0.0,stuck,648,12965.2,209983
1295,300,-55.217,0,A,14,14,0.0,,648,12978.4,210283
1296,1,-0.193,0,A,14,15,0.0,stuck,649,12978.4,210284
1297,300,-51.934,0,A,15,15,0.0,,649,12991.6,210584
1298,1,-0.21,0,A,15,22,0.0,stuck,650,12991.7,210585
1299,300,-49.587,0,A,22,22,0.0,,650,13004.7,210885
1300,83,-13.699,0,A,22,14,0.0,stuck,651,13008.3,210968
1301,300,-68.69,0,A,14,14,0.0,,651,13021.4,211268
1302,1,-0.199,0,A,14,22,0.0,stuck,652,13021.4,211269
1303,300,-54.863,0,A,22,22,0.0,,652,13034.4,211569
1304,1,-0.199,0,A,22,22,0.0,stuck,653,13034.5,211570
1305,300,-50.484,0,A,22,22,0.0,,653,13047.6,211870
1306,1,-0.18,0,A,22,14,0.0,stuck,654,13047.6,211871
1307,300,-53.492,0,A,14,14,0.0,,654,13060.7,212171
1308,1,-0.185,0,A,14,15,0.0,stuck,655,13060.7,212172
1309,300,-57.076,0,A,15,15,0.0,,655,13073.8,212472
1310,1,-0.204,0,A,15,14,0.0,stuck,656,13073.8,212473
1311,300,-48.65,0,A,14,14,0.0,,656,13086.9,212773
1312,1,-0.177,0,A,14,22,0.0,stuck,657,13086.9,212774
1313,300,-69.462,0,A,22,22,0.0,,657,13100.1,213074
1314,1,-0.181,0,A,22,22,0.0,stuck,658,13100.1,213075
1315,300,-53.43,0,A,22,22,0.0,,658,13113.1,213375
1316,89,-16.125,0,A,22,23,0.0,stuck,659,13117.0,213464
1317,300,-57.071,0,A,23,23,0.0,,659,13130.0,213764
1318,1,-0.202,0,A,23,22,0.0,stuck,660,13130.0,213765
1319,300,-52.791,0,A,22,22,0.0,,660,13143.1,214065
1320,1,-0.189,0,A,22,22,0.0,stuck,661,13143.2,214066
1321,300,-53.624,0,A,22,22,0.0,,661,13156.1,214366
1322,1,-0.193,0,A,22,22,0.0,stuck,662,13156.2,214367
1323,300,-50.663,0,A,22,22,0.0,,662,13169.3,214667
1324,1,-0.178,0,A,22,23,0.0,stuck,663,13169.3,214668
1325,300,-56.634,0,A,23,23,0.0,,663,13182.7,214968
1326,1,-0.205,0,A,23,14,0.0,stuck,664,13182.8,214969
1327,300,-54.23,0,A,14,14,0.0,,664,13196.0,215269
1328,1,-0.193,0,A,14,23,0.0,stuck,665,13196.0,215270
1329,300,-56.006,0,A,23,23,0.0,,665,13209.2,215570
1330,1,-0.204,0,A,23,14,0.0,stuck,666,13209.2,215571
1331,300,-44.717,0,A,14,14,0.0,,666,13222.4,215871
1332,1,-0.16,0,A,14,14,0.0,stuck,667,13222.5,215872
1333,300,-51.537,0,A,14,14,0.0,,667,13235.5,216172
1334,1,-0.186,0,A,14,22,0.0,stuck,668,13235.6,216173
1335,300,-47.42,0,A,22,22,0.0,,668,13248.6,216473
1336,1,-0.161,0,A,22,14,0.0,stuck,669,13248.7,216474
1337,300,-47.585,0,A,14,14,0.0,,669,13261.9,216774
1338,1,-0.165,0,A,14,22,0.0,stuck,670,13261.9,216775
1339,300,-56.763,0,A,22,22,0.0,,670,13275.1,217075
1340,1,-0.196,0,A,22,14,0.0,stuck,671,13275.1,217076
1341,300,-53.068,0,A,14,14,0.0,,671,13288.2,217376
1342,1,-0.178,0,A,14,22,0.0,stuck,672,13288.3,217377
1343,300,-55.87,0,A,22,22,0.0,,672,13301.3,217677
1344,1,-0.19,0,A,22,30,0.0,stuck,673,13301.4,217678
1345,300,-48.804,0,A,30,30,0.0,,673,13314.5,217978
1346,1,-0.174,0,A,30,23,0.0,stuck,674,13314.5,217979
1347,300,-59.297,0,A,23,23,0.0,,674,13327.8,218279
1348,1,-0.212,0,A,23,23,0.0,stuck,675,13327.9,218280
1349,300,-60.252,0,A,23,23,0.0,,675,13340.8,218580
1350,1,-0.213,0,A,23,22,0.0,stuck,676,13340.8,218581
1351,300,-47.093,0,A,22,22,0.0,,676,13353.9,218881
1352,1,-0.172,0,A,22,23,0.0,stuck,677,13353.9,218882
1353,300,-59.908,0,A,23,23,0.0,,677,13367.1,219182
1354,1,-0.206,0,A,23,14,0.0,stuck,678,13367.2,219183
1355,300,-53.534,0,A,14,14,0.0,,678,13380.0,219483
1356,1,-0.193,0,A,14,22,0.0,stuck,679,13380.0,219484
1357,300,-46.212,0,A,22,22,0.0,,679,13392.9,219784
1358,1,-0.168,0,A,22,14,0.0,stuck,680,13392.9,219785
1359,300,-51.988,0,A,14,14,0.0,,680,13405.8,220085
1360,1,-0.196,0,A,14,22,0.0,stuck,681,13405.8,220086
1361,300,-52.943,0,A,22,22,0.0,,681,13418.4,220386
1362,1,-0.199,0,A,22,15,0.0,stuck,682,13418.4,220387
1363,300,-77.246,0,A,15,15,0.0,,682,13431.1,220687
1364,1,-0.213,0,A,15,21,0.0,stuck,683,13431.2,220688
1365,300,-42.321,0,A,21,21,0.0,,683,13443.9,220988
1366,1,-0.154,0,A,21,14,0.0,stuck,684,13443.9,220989
1367,214,-37.898,0,A,14,15,0.0,escape,685,13453.2,221203
1368,300,-66.331,0,A,15,15,0.0,,685,13466.2,221503
1369,1,-0.217,0,A,15,14,0.0,stuck,686,13466.3,221504
1370,300,-53.609,0,A,14,15,0.0,,686,13479.5,221804
1371,117,-20.806,0,A,15,14,0.0,escape,687,13484.7,221921
1372,186,-35.567,0,A,14,30,0.0,escape,688,13492.8,222107
1373,300,-49.499,0,A,30,30,0.0,,688,13505.8,222407
1374,1,-0.19,0,A,30,23,0.0,stuck,689,13505.9,222408
1375,199,-42.481,0,A,23,22,0.0,escape,690,13514.6,222607
1376,300,-44.65,0,A,22,22,0.0,,690,13527.6,222907
1377,1,-0.175,0,A,22,15,0.0,stuck,691,13527.7,222908
1378,300,-68.959,0,A,15,15,0.0,,691,13540.7,223208
1379,1,-0.215,0,A,15,15,0.0,stuck,692,13540.7,223209
1380,285,-43.677,0,A,15,22,0.0,escape,693,13553.2,223494
1381,300,-43.707,0,A,22,22,0.0,,693,13566.2,223794
1382,1,-0.168,0,A,22,14,0.0,stuck,694,13566.3,223795
1383,300,-45.269,0,A,14,14,0.0,,694,13579.2,224095
1384,1,-0.179,0,A,14,13,0.0,stuck,695,13579.3,224096
1385,300,-45.217,0,A,13,13,0.0,,695,13592.3,224396
1386,1,-0.16,0,A,13,21,0.0,stuck,696,13592.4,224397
1387,300,-45.591,0,A,21,21,0.0,,696,13605.6,224697
1388,1,-0.159,0,A,21,15,0.0,stuck,697,13605.6,224698
1389,300,-56.441,0,A,15,15,0.0,,697,13618.6,224998
1390,1,-0.219,0,A,15,14,0.0,stuck,698,13618.7,224999
1391,300,-46.083,0,A,14,14,0.0,,698,13705.3,225299
1392,1,-0.185,0,A,14,15,0.0,stuck,699,13705.4,225300
1393,81,-15.397,0,A,15,30,0.0,escape,700,13709.0,225381
1394,300,-48.278,0,A,30,30,0.0,,700,13722.1,225681
1395,1,-0.184,0,A,30,14,0.0,stuck,701,13722.2,225682
1396,300,-43.979,0,A,14,14,0.0,,701,13735.2,225982
1397,1,-0.164,0,A,14,30,0.0,stuck,702,13735.2,225983
1398,300,-49.325,0,A,30,30,0.0,,702,13748.2,226283
1399,1,-0.187,0,A,30,6,0.0,stuck,703,13748.3,226284
1400,300,-52.631,0,A,6,6,0.0,,703,13761.4,226584
1401,1,-0.191,0,A,6,14,0.0,stuck,704,13761.4,226585
1402,300,-56.938,0,A,14,7,0.0,,704,13774.6,226885
1403,78,-14.479,0,A,7,15,0.0,stuck,705,13778.1,226963
1404,300,-62.557,0,A,15,7,0.0,,705,13791.1,227263
1405,137,-28.264,0,A,7,15,0.0,stuck,706,13796.9,227400
1406,300,-60.004,0,A,15,15,0.0,,706,13809.5,227700
1407,188,-37.087,0,A,15,14,0.0,stuck,707,13817.6,227888
1408,300,-50.887,0,A,14,14,0.0,,707,13830.6,228188
1409,1,-0.195,0,A,14,15,0.0,stuck,708,13830.6,228189
1410,300,-57.918,0,A,15,15,0.0,,708,13843.4,228489
1411,1,-0.219,0,A,15,22,0.0,stuck,709,13843.5,228490
1412,300,-43.535,0,A,22,22,0.0,,709,13856.2,228790
1413,1,-0.169,0,A,22,23,0.0,stuck,710,13856.2,228791
1414,300,-50.221,0,A,23,23,0.0,,710,13869.5,229091
1415,1,-0.204,0,A,23,6,0.0,stuck,711,13869.5,229092
1416,300,-47.987,0,A,6,6,0.0,,711,13882.7,229392
1417,1,-0.184,0,A,6,15,0.0,stuck,712,13882.7,229393
1418,300,-54.714,0,A,15,15,0.0,,712,13895.8,229693
1419,1,-0.206,0,A,15,22,0.0,stuck,713,13895.8,229694
1420,300,-48.083,0,A,22,22,0.0,,713,13908.8,229994
1421,1,-0.175,0,A,22,30,0.0,stuck,714,13908.9,229995
1422,300,-55.386,0,A,30,30,0.0,,714,13922.1,230295
1423,44,-6.354,0,A,30,23,0.0,stuck,715,13923.9,230339
1424,300,-54.404,0,A,23,23,0.0,,715,13937.3,230639
1425,1,-0.207,0,A,23,23,0.0,stuck,716,13937.3,230640
1426,300,-55.268,0,A,23,23,0.0,,716,13950.7,230940
1427,1,-0.213,0,A,23,14,0.0,stuck,717,13950.7,230941
1428,300,-47.073,0,A,14,14,0.0,,717,13963.9,231241
1429,1,-0.183,0,A,14,23,0.0,stuck,718,13964.0,231242
1430,300,-57.244,0,A,23,23,0.0,,718,13977.2,231542
1431,1,-0.22,0,A,23,30,0.0,stuck,719,13977.3,231543
1432,300,-50.902,0,A,30,30,0.0,,719,13990.3,231843
1433,1,-0.194,0,A,30,23,0.0,stuck,720,13990.3,231844
1434,300,-57.87,0,A,23,23,0.0,,720,14003.5,232144
1435,1,-0.224,0,A,23,15,0.0,stuck,721,14003.5,232145
1436,300,-53.143,0,A,15,15,0.0,,721,14016.5,232445
1437,1,-0.203,0,A,15,23,0.0,stuck,722,14016.6,232446
1438,300,-58.829,0,A,23,23,0.0,,722,14029.5,232746
1439,1,-0.217,0,A,23,22,0.0,stuck,723,14029.6,232747
1440,300,-51.708,0,A,22,22,0.0,,723,14042.7,233047
1441,1,-0.185,0,A,22,14,0.0,stuck,724,14042.8,233048
1442,300,-42.787,0,A,14,14,0.0,,724,14055.8,233348
1443,1,-0.164,0,A,14,23,0.0,stuck,725,14055.8,233349
1444,300,-54.135,0,A,23,23,0.0,,725,14069.0,233649
1445,1,-0.205,0,A,23,23,0.0,stuck,726,14069.0,233650
1446,300,-53.577,0,A,23,23,0.0,,726,14082.1,233950
1447,1,-0.206,0,A,23,21,0.0,stuck,727,14082.2,233951
1448,300,-40.749,0,A,21,21,0.0,,727,14095.1,234251
1449,1,-0.156,0,A,21,30,0.0,stuck,728,14095.2,234252
1450,300,-48.355,0,A,30,30,0.0,,728,14108.6,234552
1451,1,-0.183,0,A,30,22,0.0,stuck,729,14108.6,234553
1452,300,-48.165,0,A,22,22,0.0,,729,14121.6,234853
1453,1,-0.192,0,A,22,14,0.0,stuck,730,14121.6,234854
1454,300,-46.425,0,A,14,14,0.0,,730,14134.7,235154
1455,1,-0.185,0,A,14,23,0.0,stuck,731,14134.8,235155
1456,300,-56.463,0,A,23,23,0.0,,731,14147.7,235455
1457,1,-0.218,0,A,23,14,0.0,stuck,732,14147.8,235456
1458,300,-48.578,0,A,14,14,0.0,,732,14160.8,235756
1459,1,-0.192,0,A,14,15,0.0,stuck,733,14160.8,235757
1460,300,-53.332,0,A,15,15,0.0,,733,14173.9,236057
1461,1,-0.214,0,A,15,22,0.0,stuck,734,14173.9,236058
1462,300,-43.983,0,A,22,22,0.0,,734,14186.9,236358
1463,1,-0.168,0,A,22,14,0.0,stuck,735,14187.0,236359
1464,300,-48.983,0,A,14,14,0.0,,735,14199.9,236659
1465,1,-0.194,0,A,14,22,0.0,stuck,736,14200.0,236660
1466,300,-45.172,0,A,22,22,0.0,,736,14213.2,236960
1467,1,-0.176,0,A,22,15,0.0,stuck,737,14213.2,236961
1468,300,-53.387,0,A,15,15,0.0,,737,14226.4,237261
1469,1,-0.213,0,A,15,23,0.0,stuck,738,14226.4,237262
1470,300,-52.966,0,A,23,23,0.0,,738,14239.5,237562
1471,1,-0.216,0,A,23,6,0.0,stuck,739,14239.6,237563
1472,300,-50.352,0,A,6,6,0.0,,739,14252.6,237863
1473,1,-0.198,0,A,6,14,0.0,stuck,740,14252.6,237864
1474,300,-41.793,0,A,14,14,0.0,,740,14265.7,238164
1475,1,-0.164,0,A,14,23,0.0,stuck,741,14265.8,238165
1476,300,-51.438,0,A,23,23,0.0,,741,14278.9,238465
1477,1,-0.21,0,A,23,15,0.0,stuck,742,14278.9,238466
1478,300,-51.11,0,A,15,15,0.0,,742,14291.9,238766
1479,1,-0.205,0,A,15,23,0.0,stuck,743,14292.0,238767
1480,300,-51.112,0,A,23,22,0.0,,743,14305.0,239067
1481,107,-17.382,0,A,22,14,0.0,stuck,744,14309.7,239174
1482,300,-42.641,0,A,14,14,0.0,,744,14322.7,239474
1483,1,-0.168,0,A,14,13,0.0,stuck,745,14322.8,239475
1484,300,-42.001,0,A,13,13,0.0,,745,14335.9,239775
1485,1,-0.16,0,A,13,15,0.0,stuck,746,14335.9,239776
1486,300,-50.435,0,A,15,15,0.0,,746,14349.0,240076
1487,1,-0.203,0,A,15,14,0.0,stuck,747,14349.1,240077
1488,300,-47.295,0,A,14,14,0.0,,747,14362.1,240377
1489,1,-0.185,0,A,14,15,0.0,stuck,748,14362.2,240378
1490,300,-53.427,0,A,15,15,0.0,,748,14375.3,240678
1491,1,-0.214,0,A,15,22,0.0,stuck,749,14375.3,240679
1492,300,-42.322,0,A,22,22,0.0,,749,14388.3,240979
1493,1,-0.165,0,A,22,14,0.0,stuck,750,14388.3,240980
1494,300,-47.314,0,A,14,14,0.0,,750,14401.5,241280
1495,1,-0.183,0,A,14,22,0.0,stuck,751,14401.5,241281
1496,300,-51.107,0,A,22,22,0.0,,751,14414.8,241581
1497,1,-0.191,0,A,22,14,0.0,stuck,752,14414.8,241582
1498,300,-47.446,0,A,14,14,0.0,,752,14427.8,241882
1499,1,-0.182,0,A,14,23,0.0,stuck,753,14427.9,241883
1500,300,-55.28,0,A,23,23,0.0,,753,14441.0,242183
1501,1,-0.216,0,A,23,22,0.0,stuck,754,14441.1,242184
1502,300,-46.222,0,A,22,22,0.0,,754,14454.2,242484
1503,1,-0.17,0,A,22,14,0.0,stuck,755,14454.2,242485
1504,300,-43.533,0,A,14,14,0.0,,755,14467.3,242785
1505,1,-0.169,0,A,14,15,0.0,stuck,756,14467.4,242786
1506,300,-54.092,0,A,15,15,0.0,,756,14480.3,243086
1507,1,-0.207,0,A,15,14,0.0,stuck,757,14480.4,243087
1508,300,-46.657,0,A,14,14,0.0,,757,14493.2,243387
1509,1,-0.175,0,A,14,13,0.0,stuck,758,14493.2,243388
1510,300,-42.368,0,A,13,13,0.0,,758,14506.0,243688
1511,1,-0.158,0,A,13,15,0.0,stuck,759,14506.0,243689
1512,300,-54.825,0,A,15,15,0.0,,759,14518.7,243989
1513,1,-0.211,0,A,15,22,0.0,stuck,760,14518.7,243990
1514,300,-43.345,0,A,22,22,0.0,,760,14531.5,244290
1515,1,-0.165,0,A,22,22,0.0,stuck,761,14531.6,244291
1516,300,-53.262,0,A,22,22,0.0,,761,14544.3,244591
1517,1,-0.191,0,A,22,15,0.0,stuck,762,14544.4,244592
1518,96,-19.818,0,A,15,22,0.0,escape,763,14548.4,244688
1519,300,-51.53,0,A,22,22,0.0,,763,14561.2,244988
1520,1,-0.189,0,A,22,30,0.0,stuck,764,14561.3,244989
1521,300,-52.123,0,A,30,30,0.0,,764,14574.5,245289
1522,1,-0.195,0,A,30,30,0.0,stuck,765,14574.5,245290
1523,300,-48.463,0,A,30,22,0.0,,765,14587.6,245590
1524,61,-9.097,0,A,22,22,0.0,stuck,766,14590.3,245651
1525,300,-47.13,0,A,22,22,0.0,,766,14603.3,245951
1526,1,-0.178,0,A,22,14,0.0,stuck,767,14603.4,245952
1527,300,-48.533,0,A,14,14,0.0,,767,14617.0,246252
1528,1,-0.191,0,A,14,15,0.0,stuck,768,14617.0,246253
1529,300,-18.256,0,A,15,7,0.0,,768,14630.2,246553
1530,4,-0.954,0,A,7,14,0.0,escape,769,14630.3,246557
1531,300,-50.67,0,A,14,14,0.0,,769,14643.3,246857
1532,1,-0.2,0,A,14,22,0.0,stuck,770,14643.4,246858
1533,300,-47.651,0,A,22,22,0.0,,770,14656.4,247158
1534,1,-0.184,0,A,22,23,0.0,stuck,771,14656.5,247159
1535,300,-54.176,0,A,23,23,0.0,,771,14669.7,247459
1536,1,-0.221,0,A,23,31,0.0,stuck,772,14669.8,247460
1537,300,-50.441,0,A,31,31,0.0,,772,14682.9,247760
1538,1,-0.206,0,A,31,15,0.0,stuck,773,14683.0,247761
1539,300,-54.548,0,A,15,15,0.0,,773,14696.1,248061
1540,145,-25.067,0,A,15,22,0.0,stuck,774,14702.4,248206
1541,300,-46.01,0,A,22,22,0.0,,774,14715.4,248506
1542,1,-0.178,0,A,22,14,0.0,stuck,775,14715.5,248507
1543,300,-44.377,0,A,14,14,0.0,,775,14728.6,248807
1544,1,-0.174,0,A,14,22,0.0,stuck,776,14728.7,248808
1545,300,-49.149,0,A,22,22,0.0,,776,14741.8,249108
1546,1,-0.188,0,A,22,23,0.0,stuck,777,14741.8,249109
1547,300,-50.778,0,A,23,15,0.0,,777,14755.0,249409
1548,300,-17.805,0,A,15,15,0.0,,777,14768.1,249709
1549,282,-70.575,0,A,15,31,0.0,stuck,778,14780.4,249991
1550,225,-25.364,0,A,31,14,0.0,escape,779,14858.8,250216
1551,300,-46.86,0,A,14,14,0.0,,779,14871.9,250516
1552,1,-0.186,0,A,14,13,0.0,stuck,780,14872.0,250517
1553,300,-42.265,0,A,13,13,0.0,,780,14885.6,250817
1554,1,-0.156,0,A,13,22,0.0,stuck,781,14885.6,250818
1555,300,-47.269,0,A,22,22,0.0,,781,14898.7,251118
1556,1,-0.188,0,A,22,14,0.0,stuck,782,14898.8,251119
1557,135,-18.541,0,A,14,14,0.0,escape,783,14904.6,251254
1558,172,-32.953,0,A,14,22,0.0,escape,784,14912.2,251426
1559,300,-44.473,0,A,22,22,0.0,,784,14925.2,251726
1560,1,-0.162,0,A,22,6,0.0,stuck,785,14925.2,251727
1561,300,-43.948,0,A,6,6,0.0,,785,14938.2,252027
1562,1,-0.175,0,A,6,22,0.0,stuck,786,14938.3,252028
1563,300,-43.303,0,A,22,22,0.0,,786,14951.4,252328
1564,1,-0.161,0,A,22,22,0.0,stuck,787,14951.5,252329
1565,300,-45.12,0,A,22,22,0.0,,787,14964.2,252629
1566,1,-0.178,0,A,22,22,0.0,stuck,788,14964.2,252630
1567,300,-44.04,0,A,22,22,0.0,,788,14976.9,252930
1568,1,-0.168,0,A,22,22,0.0,stuck,789,14976.9,252931
1569,300,-48.55,0,A,22,22,0.0,,789,14989.5,253231
1570,1,-0.187,0,A,22,14,0.0,stuck,790,14989.5,253232
1571,217,-41.707,0,A,14,22,0.0,escape,791,14998.6,253449
1572,300,-47.082,0,A,22,22,0.0,,791,15011.2,253749
1573,1,-0.175,0,A,22,21,0.0,stuck,792,15011.3,253750
1574,300,-41.788,0,A,21,21,0.0,,792,15024.0,254050
1575,1,-0.154,0,A,21,31,0.0,stuck,793,15024.0,254051
1576,64,-10.792,0,A,31,22,0.0,escape,794,15026.8,254115
1577,124,-22.921,0,A,22,6,0.0,escape,795,15032.2,254239
1578,72,-13.022,0,A,6,15,0.0,escape,796,15035.3,254311
1579,162,-5.943,0,A,15,22,0.0,escape,797,15042.4,254473
1580,300,-44.026,0,A,22,22,0.0,,797,15055.4,254773
1581,1,-0.163,0,A,22,15,0.0,stuck,798,15055.4,254774
1582,202,-43.041,0,A,15,30,0.0,escape,799,15064.5,254976
1583,300,-51.079,0,A,30,30,0.0,,799,15077.7,255276
1584,1,-0.199,0,A,30,15,0.0,stuck,800,15077.7,255277
1585,55,-10.237,0,A,15,22,0.0,escape,801,15080.1,255332
1586,300,-42.357,0,A,22,22,0.0,,801,15093.2,255632
1587,1,-0.161,0,A,22,21,0.0,stuck,802,15093.2,255633
1588,300,-42.552,0,A,21,21,0.0,,802,15106.2,255933
1589,1,-0.158,0,A,21,23,0.0,stuck,803,15106.3,255934
1590,228,-31.297,0,A,23,15,0.0,escape,804,15116.3,256162
1591,300,-21.182,0,A,15,7,0.0,,804,15129.5,256462
1592,57,-12.969,0,A,7,6,0.0,stuck,805,15132.0,256519
1593,300,-63.22,0,A,6,6,0.0,,805,15145.0,256819
1594,1,-0.203,0,A,6,14,0.0,stuck,806,15145.1,256820
1595,169,-32.732,0,A,14,23,0.0,escape,807,15152.4,256989
1596,300,-24.677,0,A,23,23,0.0,,807,15165.7,257289
1597,36,-7.389,0,A,23,22,0.0,stuck,808,15167.3,257325
1598,300,-46.402,0,A,22,22,0.0,,808,15180.4,257625
1599,1,-0.183,0,A,22,21,0.0,stuck,809,15180.4,257626
1600,300,-42.462,0,A,21,21,0.0,,809,15193.7,257926
1601,1,-0.155,0,A,21,22,0.0,stuck,810,15193.8,257927
1602,80,-11.241,0,A,22,22,0.0,escape,811,15197.3,258007
1603,300,-48.202,0,A,22,22,0.0,,811,15210.3,258307
1604,1,-0.189,0,A,22,22,0.0,stuck,812,15210.4,258308
1605,300,-47.2,0,A,22,22,0.0,,812,15223.4,258608
1606,1,-0.181,0,A,22,23,0.0,stuck,813,15223.4,258609
1607,300,-34.125,0,A,23,15,0.0,,813,15236.6,258909
1608,300,-43.568,0,A,15,7,0.0,,813,15249.9,259209
1609,96,-22.233,0,A,7,14,0.0,stuck,814,15254.1,259305
1610,300,-43.2,0,A,14,14,0.0,,814,15267.1,259605
1611,1,-0.166,0,A,14,23,0.0,stuck,815,15267.1,259606
1612,300,-39.406,0,A,23,31,0.0,,815,15280.1,259906
1613,211,-20.951,0,A,31,6,0.0,stuck,816,15289.5,260117
1614,123,-20.625,0,A,6,22,0.0,escape,817,15294.8,260240
1615,300,-48.894,0,A,22,22,0.0,,817,15307.8,260540
1616,1,-0.198,0,A,22,22,0.0,stuck,818,15307.9,260541
1617,300,-45.978,0,A,22,22,0.0,,818,15321.0,260841
1618,1,-0.175,0,A,22,22,0.0,stuck,819,15321.1,260842
1619,300,-49.253,0,A,22,22,0.0,,819,15334.2,261142
1620,1,-0.19,0,A,22,23,0.0,stuck,820,15334.2,261143
1621,300,-50.17,0,A,23,23,0.0,,820,15347.3,261443
1622,1,-0.209,0,A,23,15,0.0,stuck,821,15347.3,261444
1623,300,-14.878,0,A,15,23,0.0,,821,15360.4,261744
1624,300,-24.289,0,A,23,31,0.0,,821,15373.6,262044
1625,144,-16.935,0,A,31,22,0.0,escape,822,15379.9,262188
1626,300,-47.795,0,A,22,22,0.0,,822,15392.8,262488
1627,1,-0.19,0,A,22,6,0.0,stuck,823,15392.8,262489
1628,136,-14.09,0,A,6,15,0.0,escape,824,15398.8,262625
1629,300,-24.437,0,A,15,15,0.0,,824,15412.0,262925
1630,300,-68.663,0,A,15,7,0.0,,824,15425.3,263225
1631,88,-20.141,0,A,7,14,0.0,escape,825,15429.3,263313
1632,300,-43.772,0,A,14,14,0.0,,825,15442.3,263613
1633,1,-0.17,0,A,14,22,0.0,stuck,826,15442.3,263614
1634,300,-44.191,0,A,22,22,0.0,,826,15455.4,263914
1635,1,-0.171,0,A,22,14,0.0,stuck,827,15455.4,263915
1636,300,-46.96,0,A,14,14,0.0,,827,15471.8,264215
1637,1,-0.185,0,A,14,14,0.0,stuck,828,15471.8,264216
1638,300,-63.657,0,A,14,31,0.0,,828,15486.5,264516
1639,76,-16.147,0,A,31,6,0.0,escape,829,15491.8,264592
1640,300,-7.653,0,A,6,23,0.0,,829,15508.0,264892
1641,56,-13.526,0,A,23,30,0.0,stuck,830,15510.9,264948
1642,300,-47.066,0,A,30,30,0.0,,830,15525.0,265248
1643,1,-0.179,0,A,30,14,0.0,stuck,831,15525.0,265249
1644,300,-60.277,0,A,14,14,0.0,,831,15538.2,265549
1645,1,-0.194,0,A,14,23,0.0,stuck,832,15538.2,265550
1646,300,-17.176,0,A,23,23,0.0,,832,15550.7,265850
1647,22,-4.712,0,A,23,30,0.0,stuck,833,15551.6,265872
1648,300,-45.524,0,A,30,30,0.0,,833,15563.5,266172
1649,1,-0.176,0,A,30,15,0.0,stuck,834,15563.6,266173
1650,300,-43.344,0,A,15,20,0.0,,834,15575.6,266473
1651,118,-13.747,0,A,20,15,0.0,stuck,835,15580.2,266591
1652,60,-5.619,0,A,15,22,0.0,escape,836,15582.5,266651
1653,300,-47.796,0,A,22,22,0.0,,836,15594.0,266951
1654,1,-0.185,0,A,22,13,0.0,stuck,837,15594.1,266952
1655,300,-43.446,0,A,13,13,0.0,,837,15605.7,267252
1656,1,-0.159,0,A,13,22,0.0,stuck,838,15605.7,267253
1657,300,-46.738,0,A,22,22,0.0,,838,15617.1,267553
1658,1,-0.184,0,A,22,22,0.0,stuck,839,15617.2,267554
1659,300,-14.54,0,A,22,31,0.0,,839,15628.6,267854
1660,116,-26.359,0,A,31,22,0.0,escape,840,15632.9,267970
1661,300,-44.647,0,A,22,22,0.0,,840,15644.3,268270
1662,1,-0.172,0,A,22,23,0.0,stuck,841,15644.3,268271
1663,261,-8.731,0,A,23,30,0.0,escape,842,15654.2,268532
1664,170,-27.862,0,A,30,14,0.0,escape,843,15660.6,268702
1665,300,-16.902,0,A,14,7,0.0,,843,15672.1,269002
1666,44,-10.143,0,A,7,22,0.0,stuck,844,15673.7,269046
1667,300,-45.442,0,A,22,22,0.0,,844,15685.1,269346
1668,1,-0.177,0,A,22,31,0.0,stuck,845,15685.2,269347
1669,300,-14.699,0,A,31,15,0.0,,845,15696.7,269647
1670,267,-14.764,0,A,15,14,0.0,stuck,846,15707.0,269914
1671,300,-20.298,0,A,14,23,0.0,,846,15718.4,270214
1672,300,-19.64,0,A,23,23,0.0,,846,15729.9,270514
1673,77,-20.291,0,A,23,14,0.0,escape,847,15732.8,270591
1674,300,-42.703,0,A,14,14,0.0,,847,15744.1,270891
1675,1,-0.165,0,A,14,21,0.0,stuck,848,15744.1,270892
1676,300,-42.244,0,A,21,21,0.0,,848,15755.5,271192
1677,1,-0.156,0,A,21,30,0.0,stuck,849,15755.5,271193
1678,34,-6.681,0,A,30,22,0.0,escape,850,15756.8,271227
1679,27,-5.541,0,A,22,14,0.0,escape,851,15757.8,271254
1680,94,-16.022,0,A,14,22,0.0,escape,852,15761.3,271348
1681,300,-45.127,0,A,22,4,0.0,,852,15772.6,271648
1682,88,-11.654,0,A,4,22,0.0,stuck,853,15775.8,271736
1683,300,-38.755,0,A,22,23,0.0,,853,15787.2,272036
1684,300,-19.649,0,A,23,23,0.0,,853,15798.4,272336
1685,229,-41.499,0,A,23,15,0.0,escape,854,15807.1,272565
1686,300,-21.7,0,A,15,7,0.0,,854,15818.4,272865
1687,300,-72.538,0,A,7,7,0.0,,854,15829.6,273165
1688,4,-0.943,0,A,7,15,0.0,stuck,855,15829.8,273169
1689,300,-19.731,0,A,15,15,0.0,,855,15841.0,273469
1690,62,-8.415,0,A,15,23,0.0,stuck,856,15843.4,273531
1691,300,-29.154,0,A,23,23,0.0,,856,15854.5,273831
1692,275,-19.803,0,A,23,15,0.0,stuck,857,15864.7,274106
1693,56,-13.115,0,A,15,23,0.0,escape,858,15866.8,274162
1694,32,-6.896,0,A,23,6,0.0,escape,859,15868.0,274194
1695,24,-3.493,0,A,6,14,0.0,escape,860,15868.8,274218
1696,27,-4.426,0,A,14,21,0.0,escape,861,15869.8,274245
1697,300,-50.056,0,A,21,21,0.0,,861,15880.8,274545
1698,1,-0.158,0,A,21,15,0.0,stuck,862,15880.8,274546
1699,300,-21.697,0,A,15,15,0.0,,862,15892.1,274846
1700,201,-16.042,0,A,15,14,0.0,stuck,863,15950.9,275047
1701,300,-57.845,0,A,14,14,0.0,,863,15961.7,275347
1702,1,-0.194,0,A,14,22,0.0,stuck,864,15961.8,275348
1703,300,-44.02,0,A,22,13,0.0,,864,15972.8,275648
1704,32,-4.769,0,A,13,23,0.0,escape,865,15973.9,275680
1705,300,-62.06,0,A,23,23,0.0,,865,15985.0,275980
1706,1,-0.203,0,A,23,14,0.0,stuck,866,15985.0,275981
1707,300,-54.436,0,A,14,14,0.0,,866,15996.0,276281
1708,1,-0.175,0,A,14,14,0.0,stuck,867,15996.1,276282
1709,300,-57.119,0,A,14,14,0.0,,867,16007.2,276582
1710,1,-0.199,0,A,14,14,0.0,stuck,868,16007.2,276583
1711,300,-55.817,0,A,14,14,0.0,,868,16018.2,276883
1712,1,-0.171,0,A,14,23,0.0,stuck,869,16018.3,276884
1713,300,-65.691,0,A,23,22,0.0,,869,16029.4,277184
1714,1,-0.201,0,A,22,14,0.0,stuck,870,16029.4,277185
1715,300,-66.846,0,A,14,14,0.0,,870,16040.4,277485
1716,1,-0.197,0,A,14,22,0.0,stuck,871,16040.4,277486
1717,13,-2.491,0,A,22,15,0.0,escape,872,16040.9,277499
1718,300,-73.185,0,A,15,15,0.0,,872,16052.0,277799
1719,1,-0.218,0,A,15,23,0.0,stuck,873,16052.1,277800
1720,300,-69.533,0,A,23,31,0.0,,873,16062.7,278100
1721,12,-2.378,0,A,31,14,0.0,stuck,874,16063.2,278112
1722,300,-64.769,0,A,14,14,0.0,,874,16073.9,278412
1723,15,-2.421,0,A,14,15,0.0,stuck,875,16074.5,278427
1724,300,-70.132,0,A,15,15,0.0,,875,16085.3,278727
1725,1,-0.207,0,A,15,15,0.0,stuck,876,16085.3,278728
1726,300,-69.184,0,A,15,15,0.0,,876,16096.2,279028
1727,1,-0.209,0,A,15,30,0.0,stuck,877,16096.2,279029
1728,13,-2.611,0,A,30,14,0.0,escape,878,16096.7,279042
1729,300,-68.289,0,A,14,14,0.0,,878,16107.3,279342
1730,1,-0.19,0,A,14,22,0.0,stuck,879,16107.4,279343
1731,15,-3.091,0,A,22,22,0.0,escape,880,16107.9,279358
1732,300,-57.366,0,A,22,21,0.0,,880,16118.9,279658
1733,18,-2.853,0,A,21,14,0.0,stuck,881,16119.5,279676
1734,300,-63.882,0,A,14,14,0.0,,881,16130.6,279976
1735,300,-64.278,0,A,14,22,0.0,,881,16141.6,280276
1736,15,-2.58,0,A,22,15,0.0,stuck,882,16142.1,280291
1737,300,-70.877,0,A,15,23,0.0,,882,16153.1,280591
1738,1,-0.221,0,A,23,14,0.0,stuck,883,16153.2,280592
1739,300,-59.959,0,A,14,14,0.0,,883,16164.2,280892
1740,1,-0.186,0,A,14,14,0.0,stuck,884,16164.2,280893
1741,300,-58.77,0,A,14,14,0.0,,884,16175.2,281193
1742,1,-0.189,0,A,14,22,0.0,stuck,885,16175.3,281194
1743,300,-56.201,0,A,22,22,0.0,,885,16186.2,281494
1744,1,-0.167,0,A,22,22,0.0,stuck,886,16186.2,281495
1745,300,-59.74,0,A,22,22,0.0,,886,16197.2,281795
1746,1,-0.191,0,A,22,6,0.0,stuck,887,16197.3,281796
1747,300,-50.377,0,A,6,6,0.0,,887,16208.2,282096
1748,1,-0.175,0,A,6,14,0.0,stuck,888,16208.2,282097
1749,300,-57.954,0,A,14,14,0.0,,888,16219.2,282397
1750,1,-0.187,0,A,14,15,0.0,stuck,889,16219.3,282398
1751,300,-65.637,0,A,15,15,0.0,,889,16230.2,282698
1752,1,-0.214,0,A,15,21,0.0,stuck,890,16230.2,282699
1753,134,-21.342,0,A,21,22,0.0,escape,891,16235.1,282833
1754,300,-51.018,0,A,22,22,0.0,,891,16246.1,283133
1755,1,-0.18,0,A,22,14,0.0,stuck,892,16246.1,283134
1756,300,-44.47,0,A,14,14,0.0,,892,16257.0,283434
1757,1,-0.163,0,A,14,22,0.0,stuck,893,16257.0,283435
1758,88,-16.904,0,A,22,14,0.0,escape,894,16260.2,283523
1759,300,-51.476,0,A,14,14,0.0,,894,16271.0,283823
1760,1,-0.187,0,A,14,14,0.0,stuck,895,16271.0,283824
1761,300,-49.74,0,A,14,14,0.0,,895,16281.8,284124
1762,1,-0.18,0,A,14,14,0.0,stuck,896,16281.8,284125
1763,300,-45.158,0,A,14,23,0.0,,896,16292.8,284425
1764,63,-7.881,0,A,23,22,0.0,escape,897,16295.1,284488
1765,300,-53.876,0,A,22,22,0.0,,897,16305.9,284788
1766,1,-0.2,0,A,22,30,0.0,stuck,898,16305.9,284789
1767,72,-14.154,0,A,30,14,0.0,escape,899,16308.6,284861
1768,300,-44.927,0,A,14,14,0.0,,899,16319.3,285161
1769,1,-0.174,0,A,14,14,0.0,stuck,900,16319.3,285162
1770,300,-45.185,0,A,14,14,0.0,,900,16330.2,285462
1771,1,-0.179,0,A,14,22,0.0,stuck,901,16330.3,285463
1772,300,-46.406,0,A,22,22,0.0,,901,16341.1,285763
1773,1,-0.183,0,A,22,23,0.0,stuck,902,16341.1,285764
1774,69,-11.509,0,A,23,14,0.0,escape,903,16343.7,285833
1775,300,-45.426,0,A,14,14,0.0,,903,16354.5,286133
1776,1,-0.178,0,A,14,14,0.0,stuck,904,16354.5,286134
1777,300,-50.403,0,A,14,14,0.0,,904,16365.3,286434
1778,1,-0.187,0,A,14,22,0.0,stuck,905,16365.3,286435
1779,300,-51.192,0,A,22,22,0.0,,905,16376.3,286735
1780,1,-0.187,0,A,22,23,0.0,stuck,906,16376.3,286736
1781,300,-5.28,0,A,23,22,0.0,,906,16387.3,287036
1782,97,-18.101,0,A,22,23,0.0,escape,907,16390.8,287133
1783,300,-26.444,0,A,23,23,0.0,,907,16401.8,287433
1784,26,-5.474,0,A,23,22,0.0,stuck,908,16402.8,287459
1785,300,-49.045,0,A,22,22,0.0,,908,16413.7,287759
1786,1,-0.18,0,A,22,14,0.0,stuck,909,16413.7,287760
1787,300,-44.116,0,A,14,15,0.0,,909,16424.6,288060
1788,300,-17.539,0,A,15,23,0.0,,909,16435.6,288360
1789,300,-18.585,0,A,23,23,0.0,,909,16446.5,288660
1790,33,-7.012,0,A,23,23,0.0,stuck,910,16447.8,288693
1791,26,-5.852,0,A,23,23,0.0,escape,911,16448.7,288719
1792,199,-36.164,0,A,23,23,0.0,escape,912,16456.0,288918
1793,300,-23.237,0,A,23,15,0.0,,912,16467.0,289218
1794,300,-17.437,0,A,15,15,0.0,,912,16478.0,289518
1795,300,-17.527,0,A,15,15,0.0,,912,16489.0,289818
1796,300,-27.544,0,A,15,15,0.0,,912,16500.0,290118
1797,300,-19.157,0,A,15,15,0.0,,912,16511.0,290418
1798,300,-16.104,0,A,15,15,0.0,,912,16522.1,290718
1799,27,-5.303,0,A,15,22,0.0,stuck,913,16523.2,290745
1800,300,-43.201,0,A,22,22,0.0,,913,16534.0,291045
1801,1,-0.164,0,A,22,6,0.0,stuck,914,16534.0,291046
1802,300,-44.26,0,A,6,6,0.0,,914,16544.7,291346
1803,1,-0.175,0,A,6,22,0.0,stuck,915,16544.7,291347
1804,27,-4.658,0,A,22,22,0.0,escape,916,16545.6,291374
1805,300,-46.852,0,A,22,22,0.0,,916,16556.1,291674
1806,1,-0.183,0,A,22,22,0.0,stuck,917,16556.2,291675
1807,30,-4.857,0,A,22,22,0.0,escape,918,16557.2,291705
1808,29,-4.379,0,A,22,23,0.0,escape,919,16558.3,291734
1809,300,-16.448,0,A,23,7,0.0,,919,16569.1,292034
1810,4,-0.925,0,A,7,7,0.0,escape,920,16569.2,292038
1811,32,-6.677,0,A,7,14,0.0,escape,921,16570.4,292070
1812,34,-5.229,0,A,14,14,0.0,escape,922,16571.6,292104
1813,300,-60.238,0,A,14,14,0.0,,922,16582.3,292404
1814,1,-0.202,0,A,14,22,0.0,stuck,923,16582.4,292405
1815,300,-60.863,0,A,22,15,0.0,,923,16593.1,292705
1816,300,-19.873,0,A,15,7,0.0,,923,16604.0,293005
1817,89,-20.163,0,A,7,30,0.0,stuck,924,16607.2,293094
1818,300,-26.987,0,A,30,15,0.0,,924,16618.2,293394
1819,300,-12.819,0,A,15,15,0.0,,924,16629.2,293694
1820,300,-15.559,0,A,15,7,0.0,,924,16640.0,293994
1821,4,-0.945,0,A,7,22,0.0,escape,925,16640.2,293998
1822,30,-5.306,0,A,22,22,0.0,escape,926,16641.3,294028
1823,27,-4.617,0,A,22,14,0.0,escape,927,16642.3,294055
1824,300,-41.977,0,A,14,14,0.0,,927,16653.3,294355
1825,1,-0.159,0,A,14,6,0.0,stuck,928,16653.3,294356
1826,36,-5.277,0,A,6,30,0.0,escape,929,16654.6,294392
1827,23,-2.836,0,A,30,22,0.0,escape,930,16655.4,294415
1828,300,-44.777,0,A,22,22,0.0,,930,16666.3,294715
1829,1,-0.168,0,A,22,22,0.0,stuck,931,16666.3,294716
1830,300,-55.335,0,A,22,15,0.0,,931,16677.2,295016
1831,300,-59.043,0,A,15,15,0.0,,931,16688.0,295316
1832,33,-7.025,0,A,15,22,0.0,stuck,932,16689.1,295349
1833,300,-59.156,0,A,22,15,0.0,,932,16700.4,295649
1834,44,-9.81,0,A,15,15,0.0,stuck,933,16702.0,295693
1835,300,-65.693,0,A,15,23,0.0,,933,16712.8,295993
1836,42,-8.972,0,A,23,15,0.0,stuck,934,16714.3,296035
1837,300,-65.276,0,A,15,15,0.0,,934,16725.2,296335
1838,300,-67.557,0,A,15,15,0.0,,934,16736.1,296635
1839,241,-52.964,0,A,15,22,0.0,stuck,935,16744.9,296876
1840,300,-72.561,0,A,22,23,0.0,,935,16755.9,297176
1841,210,-41.817,0,A,23,21,0.0,stuck,936,16763.6,297386
1842,300,-58.101,0,A,21,14,0.0,,936,16774.6,297686
1843,81,-14.467,0,A,14,22,0.0,stuck,937,16777.5,297767
1844,300,-57.214,0,A,22,23,0.0,,937,16788.3,298067
1845,24,-4.643,0,A,23,23,0.0,stuck,938,16789.2,298091
1846,300,-57.0,0,A,23,23,0.0,,938,16800.0,298391
1847,77,-16.578,0,A,23,13,0.0,stuck,939,16802.8,298468
1848,50,-9.612,0,A,13,14,0.0,escape,940,16804.6,298518
1849,300,-52.526,0,A,14,14,0.0,,940,16815.5,298818
1850,1,-0.194,0,A,14,14,0.0,stuck,941,16815.5,298819
1851,300,-58.468,0,A,14,15,0.0,,941,16826.5,299119
1852,80,-15.978,0,A,15,22,0.0,stuck,942,16829.4,299199
1853,300,-54.722,0,A,22,22,0.0,,942,16840.3,299499
1854,1,-0.184,0,A,22,22,0.0,stuck,943,16840.3,299500
1855,300,-51.096,0,A,22,14,0.0,,943,16851.3,299800
1856,1,-0.166,0,A,14,21,0.0,stuck,944,16851.3,299801
1857,300,-43.623,0,A,21,21,0.0,,944,16919.6,300101
1858,1,-0.154,0,A,21,22,0.0,stuck,945,16919.6,300102
1859,300,-51.793,0,A,22,22,0.0,,945,16930.6,300402
1860,1,-0.186,0,A,22,22,0.0,stuck,946,16930.7,300403
1861,300,-47.07,0,A,22,22,0.0,,946,16941.6,300703
1862,1,-0.167,0,A,22,23,0.0,stuck,947,16941.6,300704
1863,300,-55.967,0,A,23,23,0.0,,947,16952.7,301004
1864,1,-0.207,0,A,23,14,0.0,stuck,948,16952.7,301005
1865,300,-46.004,0,A,14,14,0.0,,948,16963.5,301305
1866,1,-0.173,0,A,14,22,0.0,stuck,949,16963.6,301306
1867,300,-48.672,0,A,22,22,0.0,,949,16974.4,301606
1868,1,-0.179,0,A,22,23,0.0,stuck,950,16974.4,301607
1869,300,-51.748,0,A,23,23,0.0,,950,16985.5,301907
1870,1,-0.202,0,A,23,22,0.0,stuck,951,16985.5,301908
1871,300,-50.205,0,A,22,22,0.0,,951,16996.4,302208
1872,1,-0.187,0,A,22,30,0.0,stuck,952,16996.5,302209
1873,300,-56.447,0,A,30,30,0.0,,952,17007.5,302509
1874,1,-0.196,0,A,30,6,0.0,stuck,953,17007.5,302510
1875,300,-52.537,0,A,6,6,0.0,,953,17018.3,302810
1876,1,-0.189,0,A,6,6,0.0,stuck,954,17018.4,302811
1877,300,-52.697,0,A,6,6,0.0,,954,17029.3,303111
1878,1,-0.191,0,A,6,14,0.0,stuck,955,17029.3,303112
1879,300,-57.079,0,A,14,14,0.0,,955,17039.8,303412
1880,1,-0.198,0,A,14,21,0.0,stuck,956,17039.8,303413
1881,300,-47.78,0,A,21,21,0.0,,956,17050.3,303713
1882,1,-0.157,0,A,21,23,0.0,stuck,957,17050.3,303714
1883,300,-55.769,0,A,23,23,0.0,,957,17060.8,304014
1884,1,-0.21,0,A,23,14,0.0,stuck,958,17060.8,304015
1885,300,-48.238,0,A,14,14,0.0,,958,17071.4,304315
1886,1,-0.184,0,A,14,14,0.0,stuck,959,17071.4,304316
1887,300,-49.983,0,A,14,14,0.0,,959,17081.9,304616
1888,1,-0.199,0,A,14,14,0.0,stuck,960,17082.0,304617
1889,300,-48.124,0,A,14,14,0.0,,960,17092.8,304917
1890,1,-0.192,0,A,14,22,0.0,stuck,961,17092.8,304918
1891,300,-44.207,0,A,22,22,0.0,,961,17103.7,305218
1892,1,-0.168,0,A,22,22,0.0,stuck,962,17103.8,305219
1893,300,-47.282,0,A,22,22,0.0,,962,17114.6,305519
1894,1,-0.183,0,A,22,23,0.0,stuck,963,17114.7,305520
1895,300,-57.671,0,A,23,23,0.0,,963,17125.4,305820
1896,1,-0.203,0,A,23,15,0.0,stuck,964,17125.5,305821
1897,300,-61.748,0,A,15,15,0.0,,964,17136.2,306121
1898,1,-0.219,0,A,15,14,0.0,stuck,965,17136.2,306122
1899,300,-52.129,0,A,14,14,0.0,,965,17147.1,306422
1900,1,-0.195,0,A,14,6,0.0,stuck,966,17147.2,306423
1901,300,-49.504,0,A,6,6,0.0,,966,17158.1,306723
1902,1,-0.19,0,A,6,23,0.0,stuck,967,17158.1,306724
1903,300,-56.266,0,A,23,23,0.0,,967,17169.0,307024
1904,1,-0.208,0,A,23,15,0.0,stuck,968,17169.0,307025
1905,300,-58.578,0,A,15,15,0.0,,968,17179.8,307325
1906,1,-0.216,0,A,15,30,0.0,stuck,969,17179.9,307326
1907,300,-50.312,0,A,30,30,0.0,,969,17190.8,307626
1908,1,-0.192,0,A,30,23,0.0,stuck,970,17190.8,307627
1909,300,-54.171,0,A,23,23,0.0,,970,17201.6,307927
1910,1,-0.207,0,A,23,14,0.0,stuck,971,17201.6,307928
1911,300,-47.607,0,A,14,14,0.0,,971,17212.4,308228
1912,1,-0.175,0,A,14,23,0.0,stuck,972,17212.5,308229
1913,300,-54.225,0,A,23,23,0.0,,972,17223.5,308529
1914,1,-0.211,0,A,23,14,0.0,stuck,973,17223.5,308530
1915,300,-48.761,0,A,14,14,0.0,,973,17234.4,308830
1916,1,-0.183,0,A,14,14,0.0,stuck,974,17234.4,308831
1917,300,-46.218,0,A,14,14,0.0,,974,17245.3,309131
1918,1,-0.161,0,A,14,14,0.0,stuck,975,17245.4,309132
1919,300,-48.536,0,A,14,14,0.0,,975,17256.4,309432
1920,1,-0.179,0,A,14,14,0.0,stuck,976,17256.4,309433
1921,300,-47.779,0,A,14,14,0.0,,976,17267.2,309733
1922,1,-0.179,0,A,14,22,0.0,stuck,977,17267.3,309734
1923,300,-46.308,0,A,22,22,0.0,,977,17278.2,310034
1924,1,-0.172,0,A,22,14,0.0,stuck,978,17278.3,310035
1925,300,-48.271,0,A,14,14,0.0,,978,17289.1,310335
1926,1,-0.185,0,A,14,22,0.0,stuck,979,17289.2,310336
1927,300,-49.606,0,A,22,22,0.0,,979,17300.0,310636
1928,1,-0.196,0,A,22,14,0.0,stuck,980,17300.0,310637
1929,300,-46.596,0,A,14,14,0.0,,980,17310.8,310937
1930,1,-0.174,0,A,14,22,0.0,stuck,981,17310.9,310938
1931,300,-47.964,0,A,22,22,0.0,,981,17321.8,311238
1932,1,-0.187,0,A,22,14,0.0,stuck,982,17321.8,311239
1933,300,-50.541,0,A,14,14,0.0,,982,17332.7,311539
1934,1,-0.197,0,A,14,22,0.0,stuck,983,17332.8,311540
1935,300,-48.705,0,A,22,22,0.0,,983,17343.7,311840
1936,1,-0.185,0,A,22,22,0.0,stuck,984,17343.7,311841
1937,300,-46.673,0,A,22,22,0.0,,984,17354.5,312141
1938,1,-0.173,0,A,22,6,0.0,stuck,985,17354.6,312142
1939,300,-48.628,0,A,6,6,0.0,,985,17365.6,312442
1940,1,-0.181,0,A,6,22,0.0,stuck,986,17365.6,312443
1941,300,-50.195,0,A,22,22,0.0,,986,17376.6,312743
1942,1,-0.197,0,A,22,13,0.0,stuck,987,17376.7,312744
1943,300,-43.439,0,A,13,13,0.0,,987,17387.6,313044
1944,1,-0.158,0,A,13,23,0.0,stuck,988,17387.6,313045
1945,300,-54.767,0,A,23,23,0.0,,988,17398.5,313345
1946,1,-0.217,0,A,23,22,0.0,stuck,989,17398.6,313346
1947,300,-47.554,0,A,22,22,0.0,,989,17409.6,313646
1948,1,-0.181,0,A,22,14,0.0,stuck,990,17409.6,313647
1949,300,-44.825,0,A,14,14,0.0,,990,17420.6,313947
1950,1,-0.165,0,A,14,14,0.0,stuck,991,17420.6,313948
1951,300,-44.244,0,A,14,14,0.0,,991,17431.9,314248
1952,1,-0.161,0,A,14,22,0.0,stuck,992,17431.9,314249
1953,300,-44.359,0,A,22,22,0.0,,992,17442.7,314549
1954,1,-0.164,0,A,22,14,0.0,stuck,993,17442.8,314550
1955,300,-45.351,0,A,14,14,0.0,,993,17453.5,314850
1956,1,-0.168,0,A,14,14,0.0,stuck,994,17453.6,314851
1957,300,-49.483,0,A,14,14,0.0,,994,17464.3,315151
1958,1,-0.187,0,A,14,23,0.0,stuck,995,17464.3,315152
1959,79,-11.79,0,A,23,30,0.0,escape,996,17467.1,315231
1960,300,-49.754,0,A,30,30,0.0,,996,17477.8,315531
1961,1,-0.195,0,A,30,23,0.0,stuck,997,17477.8,315532
1962,300,-53.349,0,A,23,23,0.0,,997,17488.5,315832
1963,1,-0.207,0,A,23,13,0.0,stuck,998,17488.5,315833
1964,300,-44.412,0,A,13,13,0.0,,998,17499.3,316133
1965,1,-0.155,0,A,13,22,0.0,stuck,999,17499.3,316134
1966,300,-47.843,0,A,22,22,0.0,,999,17510.0,316434
1967,1,-0.183,0,A,22,23,0.0,stuck,1000,17510.0,316435
1968,85,-15.208,0,A,23,30,0.0,escape,1001,17513.1,316520
1969,300,-47.391,0,A,30,30,0.0,,1001,17524.1,316820
1970,1,-0.184,0,A,30,14,0.0,stuck,1002,17524.1,316821
1971,300,-47.114,0,A,14,14,0.0,,1002,17534.9,317121
1972,1,-0.18,0,A,14,22,0.0,stuck,1003,17534.9,317122
1973,300,-44.258,0,A,22,22,0.0,,1003,17545.9,317422
1974,1,-0.167,0,A,22,22,0.0,stuck,1004,17545.9,317423
1975,300,-49.067,0,A,22,22,0.0,,1004,17556.8,317723
1976,1,-0.187,0,A,22,23,0.0,stuck,1005,17556.8,317724
1977,300,-51.891,0,A,23,22,0.0,,1005,17567.6,318024
1978,211,-31.538,0,A,22,22,0.0,stuck,1006,17575.2,318235
1979,300,-47.306,0,A,22,22,0.0,,1006,17586.1,318535
1980,1,-0.175,0,A,22,14,0.0,stuck,1007,17586.1,318536
1981,300,-75.421,0,A,14,14,0.0,,1007,17597.0,318836
1982,1,-0.185,0,A,14,6,0.0,stuck,1008,17597.0,318837
1983,300,-80.285,0,A,6,6,0.0,,1008,17607.8,319137
1984,1,-0.202,0,A,6,14,0.0,stuck,1009,17607.8,319138
1985,38,-6.806,0,A,14,15,0.0,escape,1010,17609.2,319176
1986,300,-77.301,0,A,15,15,0.0,,1010,17620.0,319476
1987,1,-0.207,0,A,15,14,0.0,stuck,1011,17620.1,319477
1988,300,-78.068,0,A,14,14,0.0,,1011,17630.9,319777
1989,1,-0.197,0,A,14,14,0.0,stuck,1012,17631.0,319778
1990,300,-75.596,0,A,14,14,0.0,,1012,17641.8,320078
1991,1,-0.187,0,A,14,6,0.0,stuck,1013,17641.9,320079
1992,17,-3.035,0,A,6,14,0.0,escape,1014,17642.5,320096
1993,300,-68.814,0,A,14,14,0.0,,1014,17653.3,320396
1994,1,-0.188,0,A,14,23,0.0,stuck,1015,17653.4,320397
1995,300,-67.607,0,A,23,23,0.0,,1015,17664.2,320697
1996,1,-0.212,0,A,23,22,0.0,stuck,1016,17664.3,320698
1997,300,-63.355,0,A,22,22,0.0,,1016,17675.2,320998
1998,1,-0.185,0,A,22,21,0.0,stuck,1017,17675.2,320999
1999,300,-57.026,0,A,21,21,0.0,,1017,17686.1,321299
2000,1,-0.158,0,A,21,14,0.0,stuck,1018,17686.1,321300
2001,300,-57.29,0,A,14,14,0.0,,1018,17696.9,321600
2002,1,-0.169,0,A,14,22,0.0,stuck,1019,17696.9,321601
2003,300,-53.064,0,A,22,22,0.0,,1019,17707.8,321901
2004,1,-0.181,0,A,22,22,0.0,stuck,1020,17707.8,321902
2005,300,-53.418,0,A,22,22,0.0,,1020,17718.7,322202
2006,1,-0.178,0,A,22,14,0.0,stuck,1021,17718.8,322203
2007,300,-50.013,0,A,14,14,0.0,,1021,17729.7,322503
2008,1,-0.174,0,A,14,23,0.0,stuck,1022,17729.8,322504
2009,300,-53.12,0,A,23,23,0.0,,1022,17740.6,322804
2010,1,-0.208,0,A,23,22,0.0,stuck,1023,17740.6,322805
2011,300,-47.754,0,A,22,22,0.0,,1023,17751.6,323105
2012,1,-0.17,0,A,22,14,0.0,stuck,1024,17751.6,323106
2013,300,-54.71,0,A,14,14,0.0,,1024,17762.4,323406
2014,1,-0.201,0,A,14,14,0.0,stuck,1025,17762.5,323407
2015,300,-54.616,0,A,14,14,0.0,,1025,17773.2,323707
2016,1,-0.182,0,A,14,15,0.0,stuck,1026,17773.2,323708
2017,300,-60.503,0,A,15,15,0.0,,1026,17784.2,324008
2018,1,-0.217,0,A,15,22,0.0,stuck,1027,17784.2,324009
2019,300,-54.336,0,A,22,22,0.0,,1027,17795.1,324309
2020,1,-0.167,0,A,22,22,0.0,stuck,1028,17795.1,324310
2021,300,-53.331,0,A,22,22,0.0,,1028,17806.1,324610
2022,1,-0.18,0,A,22,22,0.0,stuck,1029,17806.1,324611
2023,300,-56.64,0,A,22,22,0.0,,1029,17816.9,324911
2024,1,-0.174,0,A,22,22,0.0,stuck,1030,17817.0,324912
2025,300,-48.135,0,A,22,22,0.0,,1030,17886.4,325212
2026,1,-0.173,0,A,22,14,0.0,stuck,1031,17886.4,325213
2027,300,-46.175,0,A,14,14,0.0,,1031,17897.4,325513
2028,1,-0.173,0,A,14,15,0.0,stuck,1032,17897.4,325514
2029,300,-65.04,0,A,15,15,0.0,,1032,17908.1,325814
2030,1,-0.211,0,A,15,14,0.0,stuck,1033,17908.2,325815
2031,300,-50.588,0,A,14,14,0.0,,1033,17918.9,326115
2032,1,-0.178,0,A,14,22,0.0,stuck,1034,17918.9,326116
2033,300,-48.52,0,A,22,22,0.0,,1034,17929.7,326416
2034,1,-0.173,0,A,22,21,0.0,stuck,1035,17929.7,326417
2035,300,-43.335,0,A,21,21,0.0,,1035,17940.5,326717
2036,1,-0.156,0,A,21,15,0.0,stuck,1036,17940.5,326718
2037,300,-54.073,0,A,15,15,0.0,,1036,17951.3,327018
2038,1,-0.204,0,A,15,22,0.0,stuck,1037,17951.4,327019
2039,300,-48.12,0,A,22,22,0.0,,1037,17962.2,327319
2040,1,-0.164,0,A,22,22,0.0,stuck,1038,17962.2,327320
2041,300,-51.936,0,A,22,22,0.0,,1038,17973.0,327620
2042,1,-0.181,0,A,22,14,0.0,stuck,1039,17973.0,327621
2043,300,-54.426,0,A,14,14,0.0,,1039,17984.0,327921
2044,1,-0.187,0,A,14,13,0.0,stuck,1040,17984.0,327922
2045,300,-47.961,0,A,13,13,0.0,,1040,17994.9,328222
2046,1,-0.158,0,A,13,14,0.0,stuck,1041,17994.9,328223
2047,300,-57.322,0,A,14,14,0.0,,1041,18005.6,328523
2048,1,-0.191,0,A,14,14,0.0,stuck,1042,18005.6,328524
2049,300,-53.048,0,A,14,14,0.0,,1042,18016.2,328824
2050,1,-0.183,0,A,14,22,0.0,stuck,1043,18016.2,328825
2051,300,-64.981,0,A,22,22,0.0,,1043,18026.9,329125
2052,1,-0.187,0,A,22,30,0.0,stuck,1044,18026.9,329126
2053,300,-62.663,0,A,30,30,0.0,,1044,18037.4,329426
2054,1,-0.171,0,A,30,23,0.0,stuck,1045,18037.4,329427
2055,300,-68.078,0,A,23,23,0.0,,1045,18047.9,329727
2056,1,-0.207,0,A,23,14,0.0,stuck,1046,18048.0,329728
2057,300,-61.538,0,A,14,14,0.0,,1046,18058.8,330028
2058,1,-0.192,0,A,14,22,0.0,stuck,1047,18058.8,330029
2059,300,-60.636,0,A,22,22,0.0,,1047,18069.5,330329
2060,1,-0.196,0,A,22,30,0.0,stuck,1048,18069.6,330330
2061,300,-58.261,0,A,30,30,0.0,,1048,18080.3,330630
2062,1,-0.196,0,A,30,23,0.0,stuck,1049,18080.4,330631
2063,300,-61.377,0,A,23,23,0.0,,1049,18091.1,330931
2064,1,-0.216,0,A,23,22,0.0,stuck,1050,18091.2,330932
2065,300,-51.046,0,A,22,22,0.0,,1050,18102.0,331232
2066,1,-0.182,0,A,22,23,0.0,stuck,1051,18102.0,331233
2067,300,-56.541,0,A,23,23,0.0,,1051,18112.7,331533
2068,1,-0.211,0,A,23,22,0.0,stuck,1052,18112.8,331534
2069,300,-48.305,0,A,22,22,0.0,,1052,18123.7,331834
2070,1,-0.184,0,A,22,22,0.0,stuck,1053,18123.7,331835
2071,300,-44.076,0,A,22,22,0.0,,1053,18134.5,332135
2072,1,-0.165,0,A,22,14,0.0,stuck,1054,18134.6,332136
2073,300,-46.528,0,A,14,14,0.0,,1054,18145.5,332436
2074,1,-0.184,0,A,14,21,0.0,stuck,1055,18145.5,332437
2075,300,-40.739,0,A,21,21,0.0,,1055,18156.2,332737
2076,1,-0.156,0,A,21,6,0.0,stuck,1056,18156.2,332738
2077,300,-45.945,0,A,6,6,0.0,,1056,18167.0,333038
2078,1,-0.183,0,A,6,14,0.0,stuck,1057,18167.1,333039
2079,300,-48.616,0,A,14,14,0.0,,1057,18178.0,333339
2080,1,-0.196,0,A,14,14,0.0,stuck,1058,18178.1,333340
2081,300,-43.474,0,A,14,14,0.0,,1058,18188.8,333640
2082,1,-0.172,0,A,14,14,0.0,stuck,1059,18188.8,333641
2083,300,-44.308,0,A,14,14,0.0,,1059,18199.8,333941
2084,1,-0.172,0,A,14,14,0.0,stuck,1060,18199.8,333942
2085,300,-45.281,0,A,14,14,0.0,,1060,18211.1,334242
2086,1,-0.178,0,A,14,15,0.0,stuck,1061,18211.1,334243
2087,300,-51.889,0,A,15,15,0.0,,1061,18222.5,334543
2088,1,-0.207,0,A,15,14,0.0,stuck,1062,18222.5,334544
2089,300,-46.938,0,A,14,14,0.0,,1062,18234.0,334844
2090,1,-0.176,0,A,14,22,0.0,stuck,1063,18234.1,334845
2091,300,-48.831,0,A,22,22,0.0,,1063,18245.7,335145
2092,1,-0.183,0,A,22,13,0.0,stuck,1064,18245.8,335146
2093,300,-42.179,0,A,13,13,0.0,,1064,18257.5,335446
2094,1,-0.154,0,A,13,14,0.0,stuck,1065,18257.6,335447
2095,300,-48.748,0,A,14,14,0.0,,1065,18269.4,335747
2096,1,-0.186,0,A,14,23,0.0,stuck,1066,18269.4,335748
2097,300,-51.355,0,A,23,23,0.0,,1066,18281.3,336048
2098,1,-0.208,0,A,23,22,0.0,stuck,1067,18281.3,336049
2099,300,-43.058,0,A,22,22,0.0,,1067,18293.1,336349
2100,1,-0.164,0,A,22,22,0.0,stuck,1068,18293.1,336350
2101,300,-42.403,0,A,22,22,0.0,,1068,18305.0,336650
2102,1,-0.162,0,A,22,14,0.0,stuck,1069,18305.1,336651
2103,300,-47.513,0,A,14,14,0.0,,1069,18317.0,336951
2104,1,-0.181,0,A,14,13,0.0,stuck,1070,18317.0,336952
2105,300,-41.107,0,A,13,13,0.0,,1070,18329.1,337252
2106,1,-0.154,0,A,13,14,0.0,stuck,1071,18329.1,337253
2107,300,-46.5,0,A,14,14,0.0,,1071,18341.4,337553
2108,1,-0.183,0,A,14,23,0.0,stuck,1072,18341.5,337554
2109,300,-54.468,0,A,23,23,0.0,,1072,18353.3,337854
2110,1,-0.221,0,A,23,14,0.0,stuck,1073,18353.4,337855
2111,300,-48.472,0,A,14,14,0.0,,1073,18365.3,338155
2112,1,-0.194,0,A,14,23,0.0,stuck,1074,18365.4,338156
2113,300,-55.125,0,A,23,23,0.0,,1074,18377.4,338456
2114,1,-0.212,0,A,23,23,0.0,stuck,1075,18377.4,338457
2115,193,-28.987,0,A,23,22,0.0,escape,1076,18385.1,338650
2116,300,-47.71,0,A,22,22,0.0,,1076,18396.8,338950
2117,1,-0.178,0,A,22,14,0.0,stuck,1077,18396.9,338951
2118,300,-58.564,0,A,14,15,0.0,,1077,18409.0,339251
2119,300,-71.677,0,A,15,15,0.0,,1077,18420.7,339551
2120,4,-0.854,0,A,15,22,0.0,stuck,1078,18420.8,339555
2121,300,-62.978,0,A,22,22,0.0,,1078,18432.6,339855
2122,1,-0.164,0,A,22,23,0.0,stuck,1079,18432.6,339856
2123,22,-4.575,0,A,23,30,0.0,escape,1080,18433.5,339878
2124,39,-6.898,0,A,30,21,0.0,escape,1081,18435.1,339917
2125,300,-43.997,0,A,21,21,0.0,,1081,18447.2,340217
2126,1,-0.157,0,A,21,22,0.0,stuck,1082,18447.2,340218
2127,300,-55.615,0,A,22,22,0.0,,1082,18459.4,340518
2128,67,-11.476,0,A,22,23,0.0,stuck,1083,18462.1,340585
2129,300,-51.769,0,A,23,23,0.0,,1083,18474.3,340885
2130,300,-17.314,0,A,23,23,0.0,,1083,18486.4,341185
2131,183,-10.811,0,A,23,21,0.0,escape,1084,18493.9,341368
2132,300,-43.011,0,A,21,21,0.0,,1084,18506.1,341668
2133,1,-0.158,0,A,21,14,0.0,stuck,1085,18506.1,341669
2134,300,-45.879,0,A,14,14,0.0,,1085,18518.2,341969
2135,1,-0.174,0,A,14,22,0.0,stuck,1086,18518.3,341970
2136,300,-49.958,0,A,22,22,0.0,,1086,18530.5,342270
2137,1,-0.18,0,A,22,15,0.0,stuck,1087,18530.6,342271
2138,300,-32.189,0,A,15,15,0.0,,1087,18542.9,342571
2139,150,-32.221,0,A,15,22,0.0,stuck,1088,18549.0,342721
2140,300,-45.432,0,A,22,22,0.0,,1088,18561.2,343021
2141,1,-0.163,0,A,22,15,0.0,stuck,1089,18561.2,343022
2142,150,-13.787,0,A,15,14,0.0,escape,1090,18567.4,343172
2143,67,-12.499,0,A,14,15,0.0,escape,1091,18570.2,343239
2144,228,-37.722,0,A,15,14,0.0,escape,1092,18579.6,343467
2145,300,-24.844,0,A,14,31,0.0,,1092,18592.1,343767
2146,300,-31.333,0,A,31,31,0.0,,1092,18604.5,344067
2147,208,-18.871,0,A,31,14,0.0,stuck,1093,18613.1,344275
2148,300,-44.537,0,A,14,14,0.0,,1093,18625.5,344575
2149,1,-0.171,0,A,14,22,0.0,stuck,1094,18625.5,344576
2150,300,-44.35,0,A,22,22,0.0,,1094,18637.9,344876
2151,1,-0.173,0,A,22,22,0.0,stuck,1095,18637.9,344877
2152,300,-43.662,0,A,22,22,0.0,,1095,18650.1,345177
2153,1,-0.165,0,A,22,13,0.0,stuck,1096,18650.2,345178
2154,300,-43.114,0,A,13,13,0.0,,1096,18662.4,345478
2155,1,-0.155,0,A,13,14,0.0,stuck,1097,18662.4,345479
2156,300,-18.713,0,A,14,23,0.0,,1097,18674.9,345779
2157,300,-19.775,0,A,23,23,0.0,,1097,18687.4,346079
2158,300,-10.28,0,A,23,23,0.0,,1097,18699.8,346379
2159,160,-36.089,0,A,23,22,0.0,escape,1098,18706.3,346539
2160,42,-7.251,0,A,22,14,0.0,escape,1099,18708.0,346581
2161,46,-8.112,0,A,14,22,0.0,escape,1100,18709.9,346627
2162,300,-42.883,0,A,22,22,0.0,,1100,18722.1,346927
2163,1,-0.168,0,A,22,21,0.0,stuck,1101,18722.1,346928
2164,300,-43.275,0,A,21,21,0.0,,1101,18734.4,347228
2165,1,-0.155,0,A,21,14,0.0,stuck,1102,18734.5,347229
2166,300,-43.047,0,A,14,14,0.0,,1102,18746.7,347529
2167,1,-0.166,0,A,14,14,0.0,stuck,1103,18746.8,347530
2168,300,-43.108,0,A,14,14,0.0,,1103,18759.0,347830
2169,1,-0.17,0,A,14,14,0.0,stuck,1104,18759.0,347831
2170,300,-13.437,0,A,14,7,0.0,,1104,18771.5,348131
2171,52,-10.811,0,A,7,14,0.0,stuck,1105,18773.7,348183
2172,52,-8.568,0,A,14,23,0.0,escape,1106,18775.7,348235
2173,300,-17.15,0,A,23,15,0.0,,1106,18788.3,348535
2174,198,-17.175,0,A,15,6,0.0,stuck,1107,18796.5,348733
2175,30,-5.845,0,A,6,30,0.0,escape,1108,18797.8,348763
2176,300,-14.525,0,A,30,23,0.0,,1108,18810.1,349063
2177,300,-14.536,0,A,23,15,0.0,,1108,18822.5,349363
2178,285,-26.168,0,A,15,22,0.0,stuck,1109,18834.2,349648
2179,85,-20.249,0,A,22,22,0.0,escape,1110,18837.7,349733
2180,300,-30.521,0,A,22,15,0.0,,1110,18913.4,350033
2181,102,-11.947,0,A,15,14,0.0,stuck,1111,18917.5,350135
2182,300,-17.926,0,A,14,15,0.0,,1111,18929.6,350435
2183,300,-16.853,0,A,15,7,0.0,,1111,18942.2,350735
2184,6,-1.389,0,A,7,22,0.0,stuck,1112,18942.4,350741
2185,87,-7.743,0,A,22,22,0.0,escape,1113,18946.1,350828
2186,300,-22.012,0,A,22,15,0.0,,1113,18958.5,351128
2187,300,-16.337,0,A,15,7,0.0,,1113,18970.9,351428
2188,39,-6.596,0,A,7,14,0.0,stuck,1114,18972.5,351467
2189,300,-14.5,0,A,14,23,0.0,,1114,18984.9,351767
2190,46,-11.286,0,A,23,22,0.0,stuck,1115,18986.8,351813
2191,41,-5.783,0,A,22,22,0.0,escape,1116,18988.5,351854
2192,86,-14.151,0,A,22,22,0.0,escape,1117,18992.0,351940
2193,32,-3.547,0,A,22,13,0.0,escape,1118,18993.3,351972
2194,300,-41.581,0,A,13,13,0.0,,1118,19005.7,352272
2195,1,-0.156,0,A,13,22,0.0,stuck,1119,19005.7,352273
2196,300,-24.754,0,A,22,23,0.0,,1119,19018.1,352573
2197,300,-16.178,0,A,23,7,0.0,,1119,19030.7,352873
2198,300,-22.599,0,A,7,7,0.0,,1119,19043.3,353173
2199,29,-5.73,0,A,7,14,0.0,stuck,1120,19044.5,353202
2200,300,-36.993,0,A,14,7,0.0,,1120,19057.0,353502
2201,300,-22.62,0,A,7,7,0.0,,1120,19069.3,353802
2202,108,-8.621,0,A,7,6,0.0,stuck,1121,19074.3,353910
2203,281,-25.184,0,A,6,14,0.0,escape,1122,19087.3,354191
2204,300,-31.272,0,A,14,23,0.0,,1122,19099.2,354491
2205,275,-12.749,0,A,23,22,0.0,stuck,1123,19110.4,354766
2206,300,-33.609,0,A,22,31,0.0,,1123,19122.3,355066
2207,300,-5.542,0,A,31,23,0.0,,1123,19134.5,355366
2208,84,-16.677,0,A,23,14,0.0,stuck,1124,19137.9,355450
2209,300,-17.243,0,A,14,23,0.0,,1124,19150.5,355750
2210,52,-10.394,0,A,23,22,0.0,stuck,1125,19152.6,355802
2211,300,-15.233,0,A,22,15,0.0,,1125,19165.3,356102
2212,94,-6.696,0,A,15,22,0.0,escape,1126,19169.1,356196
2213,300,-15.469,0,A,22,7,0.0,,1126,19181.7,356496
2214,107,-9.937,0,A,7,15,0.0,stuck,1127,19186.1,356603
2215,300,-17.425,0,A,15,15,0.0,,1127,19198.7,356903
2216,204,-14.946,0,A,15,14,0.0,stuck,1128,19207.3,357107
2217,300,-18.521,0,A,14,15,0.0,,1128,19219.8,357407
2218,204,-17.378,0,A,15,22,0.0,stuck,1129,19228.3,357611
2219,197,-25.528,0,A,22,14,0.0,escape,1130,19236.6,357808
2220,300,-43.29,0,A,14,14,0.0,,1130,19249.1,358108
2221,1,-0.161,0,A,14,14,0.0,stuck,1131,19249.1,358109
2222,33,-6.368,0,A,14,14,0.0,escape,1132,19250.6,358142
2223,300,-45.171,0,A,14,14,0.0,,1132,19263.1,358442
2224,1,-0.166,0,A,14,22,0.0,stuck,1133,19263.1,358443
2225,300,-19.244,0,A,22,23,0.0,,1133,19275.7,358743
2226,85,-6.448,0,A,23,6,0.0,stuck,1134,19279.2,358828
2227,300,-54.795,0,A,6,5,0.0,,1134,19291.5,359128
2228,246,-33.776,0,A,5,14,0.0,stuck,1135,19301.6,359374
2229,300,-35.524,0,A,14,7,0.0,,1135,19314.1,359674
2230,216,-14.362,0,A,7,14,0.0,stuck,1136,19323.1,359890
2231,300,-14.209,0,A,14,15,0.0,,1136,19335.9,360190
2232,65,-8.548,0,A,15,22,0.0,stuck,1137,19338.6,360255
2233,300,-79.169,0,A,22,31,0.0,,1137,19351.1,360555
2234,122,-15.24,0,A,31,30,0.0,stuck,1138,19356.1,360677
2235,300,-13.542,0,A,30,15,0.0,,1138,19368.6,360977
2236,300,-9.837,0,A,15,23,0.0,,1138,19381.3,361277
2237,300,-14.476,0,A,23,23,0.0,,1138,19393.9,361577
2238,300,-19.152,0,A,23,15,0.0,,1138,19406.3,361877
2239,273,-13.51,0,A,15,23,0.0,stuck,1139,19417.6,362150
2240,300,7.287,0,A,23,23,0.0,,1139,19429.8,362450
2241,55,-11.441,0,A,23,14,0.0,stuck,1140,19432.2,362505
2242,300,-18.417,0,A,14,15,0.0,,1140,19444.4,362805
2243,256,-14.055,0,A,15,15,0.0,stuck,1141,19454.9,363061
2244,300,-23.296,0,A,15,15,0.0,,1141,19467.1,363361
2245,24,-5.448,0,A,15,22,0.0,stuck,1142,19468.1,363385
2246,300,-51.65,0,A,22,22,0.0,,1142,19480.4,363685
2247,1,-0.163,0,A,22,14,0.0,stuck,1143,19480.4,363686
2248,194,-3.991,0,A,14,22,0.0,escape,1144,19488.3,363880
2249,300,-68.206,0,A,22,22,0.0,,1144,19500.7,364180
2250,1,-0.162,0,A,22,6,0.0,stuck,1145,19500.7,364181
2251,150,-28.131,0,A,6,22,0.0,escape,1146,19507.0,364331
2252,93,-13.19,0,A,22,30,0.0,escape,1147,19511.1,364424
2253,300,-16.938,0,A,30,15,0.0,,1147,19523.5,364724
2254,300,-25.901,0,A,15,7,0.0,,1147,19536.1,365024
2255,184,-38.179,0,A,7,22,0.0,stuck,1148,19543.7,365208
2256,300,-46.732,0,A,22,22,0.0,,1148,19556.1,365508
2257,1,-0.163,0,A,22,22,0.0,stuck,1149,19556.1,365509
2258,300,-3.946,0,A,22,23,0.0,,1149,19568.6,365809
2259,57,-12.374,0,A,23,14,0.0,stuck,1150,19571.0,365866
2260,300,-54.104,0,A,14,14,0.0,,1150,19583.4,366166
2261,1,-0.201,0,A,14,22,0.0,stuck,1151,19583.5,366167
2262,103,-12.642,0,A,22,15,0.0,escape,1152,19587.8,366270
2263,300,-7.818,0,A,15,7,0.0,,1152,19600.3,366570
2264,225,-48.159,0,A,7,14,0.0,stuck,1153,19609.6,366795
2265,300,-48.608,0,A,14,14,0.0,,1153,19621.9,367095
2266,1,-0.166,0,A,14,14,0.0,stuck,1154,19621.9,367096
2267,300,-11.476,0,A,14,15,0.0,,1154,19634.5,367396
2268,300,-23.314,0,A,15,15,0.0,,1154,19647.0,367696
2269,300,-9.436,0,A,15,15,0.0,,1154,19659.7,367996
2270,166,-16.213,0,A,15,14,0.0,stuck,1155,19666.7,368162
2271,300,-51.063,0,A,14,14,0.0,,1155,19679.0,368462
2272,1,-0.18,0,A,14,22,0.0,stuck,1156,19679.0,368463
2273,300,-49.292,0,A,22,30,0.0,,1156,19691.6,368763
2274,38,-5.286,0,A,30,22,0.0,escape,1157,19693.2,368801
2275,300,-50.134,0,A,22,22,0.0,,1157,19705.6,369101
2276,1,-0.181,0,A,22,14,0.0,stuck,1158,19705.6,369102
2277,300,-49.875,0,A,14,14,0.0,,1158,19717.9,369402
2278,1,-0.175,0,A,14,22,0.0,stuck,1159,19718.0,369403
2279,300,-11.046,0,A,22,23,0.0,,1159,19730.3,369703
2280,300,-16.622,0,A,23,23,0.0,,1159,19742.9,370003
2281,300,-30.836,0,A,23,23,0.0,,1159,19755.4,370303
2282,300,-14.95,0,A,23,23,0.0,,1159,19767.9,370603
2283,79,-17.228,0,A,23,22,0.0,stuck,1160,19771.1,370682
2284,300,-17.752,0,A,22,15,0.0,,1160,19783.6,370982
2285,300,-28.351,0,A,15,7,0.0,,1160,19796.2,371282
2286,4,-0.961,0,A,7,22,0.0,escape,1161,19796.3,371286
2287,300,-43.62,0,A,22,22,0.0,,1161,19808.9,371586
2288,1,-0.171,0,A,22,14,0.0,stuck,1162,19808.9,371587
2289,300,-48.066,0,A,14,14,0.0,,1162,19821.4,371887
2290,1,-0.188,0,A,14,14,0.0,stuck,1163,19821.4,371888
2291,300,-29.763,0,A,14,15,0.0,,1163,19833.9,372188
2292,86,-7.324,0,A,15,13,0.0,stuck,1164,19837.5,372274
2293,300,-39.988,0,A,13,13,0.0,,1164,19849.9,372574
2294,1,-0.159,0,A,13,22,0.0,stuck,1165,19849.9,372575
2295,300,-44.252,0,A,22,22,0.0,,1165,19862.2,372875
2296,1,-0.175,0,A,22,14,0.0,stuck,1166,19862.3,372876
2297,300,-23.945,0,A,14,23,0.0,,1166,19874.7,373176
2298,300,-24.825,0,A,23,15,0.0,,1166,19886.9,373476
2299,300,-27.603,0,A,15,7,0.0,,1166,19899.5,373776
2300,28,-4.063,0,A,7,14,0.0,escape,1167,19900.6,373804
2301,300,-14.963,0,A,14,23,0.0,,1167,19913.2,374104
2302,35,-8.003,0,A,23,22,0.0,stuck,1168,19914.7,374139
2303,300,-36.108,0,A,22,23,0.0,,1168,19927.2,374439
2304,300,-20.278,0,A,23,23,0.0,,1168,19939.6,374739
2305,265,-3.422,0,A,23,14,0.0,stuck,1169,20014.5,375004
2306,300,-45.414,0,A,14,14,0.0,,1169,20026.5,375304
2307,1,-0.178,0,A,14,23,0.0,stuck,1170,20026.5,375305
2308,300,-4.008,0,A,23,23,0.0,,1170,20039.1,375605
2309,248,-8.931,0,A,23,22,0.0,stuck,1171,20049.4,375853
2310,300,-44.645,0,A,22,22,0.0,,1171,20061.7,376153
2311,1,-0.177,0,A,22,22,0.0,stuck,1172,20061.8,376154
2312,300,-63.784,0,A,22,7,0.0,,1172,20074.3,376454
2313,23,-4.369,0,A,7,6,0.0,escape,1173,20075.2,376477
2314,300,-45.955,0,A,6,6,0.0,,1173,20087.5,376777
2315,1,-0.181,0,A,6,15,0.0,stuck,1174,20087.6,376778
2316,300,-18.839,0,A,15,7,0.0,,1174,20100.1,377078
2317,300,-46.677,0,A,7,15,0.0,,1174,20112.7,377378
2318,24,-5.266,0,A,15,14,0.0,stuck,1175,20113.7,377402
2319,52,-6.495,0,A,14,14,0.0,escape,1176,20115.8,377454
2320,300,-8.992,0,A,14,15,0.0,,1176,20128.3,377754
2321,300,-21.741,0,A,15,7,0.0,,1176,20140.7,378054
2322,79,-6.595,0,A,7,14,0.0,escape,1177,20144.0,378133
2323,300,-15.296,0,A,14,15,0.0,,1177,20156.7,378433
2324,29,-5.673,0,A,15,13,0.0,stuck,1178,20157.8,378462
2325,300,-41.368,0,A,13,13,0.0,,1178,20170.2,378762
2326,1,-0.153,0,A,13,22,0.0,stuck,1179,20170.2,378763
2327,300,-6.24,0,A,22,15,0.0,,1179,20182.6,379063
2328,300,-11.449,0,A,15,15,0.0,,1179,20194.8,379363
2329,250,-15.456,0,A,15,15,0.0,stuck,1180,20205.1,379613
2330,300,-8.089,0,A,15,7,0.0,,1180,20217.2,379913
2331,8,-1.792,0,A,7,6,0.0,escape,1181,20217.5,379921
2332,300,-44.506,0,A,6,6,0.0,,1181,20229.6,380221
2333,1,-0.175,0,A,6,22,0.0,stuck,1182,20229.6,380222
2334,300,-17.001,0,A,22,31,0.0,,1182,20241.8,380522
2335,100,-9.612,0,A,31,23,0.0,stuck,1183,20245.9,380622
2336,300,-15.965,0,A,23,23,0.0,,1183,20258.3,380922
2337,25,-5.457,0,A,23,15,0.0,stuck,1184,20259.3,380947
2338,51,-3.881,0,A,15,14,0.0,escape,1185,20261.5,380998
2339,300,-10.303,0,A,14,23,0.0,,1185,20273.9,381298
2340,29,-6.347,0,A,23,22,0.0,stuck,1186,20275.1,381327
2341,300,4.673,0,A,22,23,0.0,,1186,20287.6,381627
2342,239,-2.481,0,A,23,14,0.0,stuck,1187,20297.6,381866
2343,300,-15.474,0,A,14,7,0.0,,1187,20310.1,382166
2344,58,-6.102,0,A,7,14,0.0,escape,1188,20312.5,382224
2345,300,-44.44,0,A,14,14,0.0,,1188,20324.8,382524
2346,1,-0.168,0,A,14,22,0.0,stuck,1189,20324.9,382525
2347,300,-9.828,0,A,22,23,0.0,,1189,20337.4,382825
2348,255,-11.661,0,A,23,7,0.0,escape,1190,20348.1,383080
2349,27,-5.177,0,A,7,23,0.0,escape,1191,20349.2,383107
2350,195,-7.493,0,A,23,7,0.0,escape,1192,20357.1,383302
2351,300,-17.78,0,A,7,7,0.0,,1192,20369.7,383602
2352,4,-0.949,0,A,7,22,0.0,escape,1193,20369.8,383606
2353,300,3.72,0,A,22,23,0.0,,1193,20382.4,383906
2354,175,-7.517,0,A,23,22,0.0,stuck,1194,20389.7,384081
2355,300,-6.217,0,A,22,23,0.0,,1194,20402.3,384381
2356,21,-4.503,0,A,23,22,0.0,stuck,1195,20403.2,384402
2357,37,-5.154,0,A,22,15,0.0,escape,1196,20404.7,384439
2358,300,-19.786,0,A,15,7,0.0,,1196,20417.4,384739
2359,42,-9.079,0,A,7,22,0.0,stuck,1197,20419.1,384781
2360,300,-26.49,0,A,22,31,0.0,,1197,20431.9,385081
2361,102,-10.269,0,A,31,23,0.0,stuck,1198,20436.2,385183
2362,300,-18.556,0,A,23,23,0.0,,1198,20448.6,385483
2363,25,-5.523,0,A,23,14,0.0,stuck,1199,20449.6,385508
2364,300,-4.624,0,A,14,23,0.0,,1199,20461.8,385808
2365,70,-12.213,0,A,23,22,0.0,stuck,1200,20464.6,385878
2366,300,-15.794,0,A,22,23,0.0,,1200,20476.8,386178
2367,300,-13.429,0,A,23,23,0.0,,1200,20489.0,386478
2368,32,-7.369,0,A,23,15,0.0,stuck,1201,20490.3,386510
2369,300,-25.158,0,A,15,15,0.0,,1201,20503.2,386810
2370,233,-17.429,0,A,15,15,0.0,stuck,1202,20512.9,387043
2371,300,-18.729,0,A,15,7,0.0,,1202,20525.3,387343
2372,300,-11.357,0,A,7,15,0.0,,1202,20537.9,387643
2373,300,-12.23,0,A,15,15,0.0,,1202,20550.4,387943
2374,300,-20.1,0,A,15,23,0.0,,1202,20563.0,388243
2375,96,-2.375,0,A,23,14,0.0,stuck,1203,20567.0,388339
2376,300,-24.111,0,A,14,23,0.0,,1203,20579.7,388639
2377,147,-29.634,0,A,23,22,0.0,stuck,1204,20585.8,388786
2378,300,-9.374,0,A,22,7,0.0,,1204,20598.4,389086
2379,300,-14.672,0,A,7,15,0.0,,1204,20610.9,389386
2380,300,-16.43,0,A,15,15,0.0,,1204,20623.5,389686
2381,300,-9.038,0,A,15,7,0.0,,1204,20636.0,389986
2382,300,-18.152,0,A,7,7,0.0,,1204,20648.7,390286
2383,40,-8.666,0,A,7,22,0.0,stuck,1205,20650.4,390326
2384,79,-14.641,0,A,22,22,0.0,escape,1206,20653.7,390405
2385,300,-14.786,0,A,22,23,0.0,,1206,20666.4,390705
2386,29,-6.405,0,A,23,14,0.0,stuck,1207,20667.6,390734
2387,300,-21.071,0,A,14,23,0.0,,1207,20680.3,391034
2388,51,-10.997,0,A,23,22,0.0,stuck,1208,20682.4,391085
2389,300,-13.662,0,A,22,23,0.0,,1208,20695.0,391385
2390,237,-4.69,0,A,23,14,0.0,stuck,1209,20704.7,391622
2391,300,-9.324,0,A,14,23,0.0,,1209,20717.3,391922
2392,52,-11.638,0,A,23,14,0.0,stuck,1210,20719.4,391974
2393,300,-16.546,0,A,14,7,0.0,,1210,20732.0,392274
2394,29,-6.293,0,A,7,14,0.0,stuck,1211,20733.2,392303
2395,218,-37.076,0,A,14,14,0.0,escape,1212,20742.2,392521
2396,300,-6.154,0,A,14,23,0.0,,1212,20754.7,392821
2397,63,-5.948,0,A,23,14,0.0,stuck,1213,20757.3,392884
2398,37,-8.022,0,A,14,30,0.0,escape,1214,20758.9,392921
2399,277,-8.582,0,A,30,15,0.0,escape,1215,20770.4,393198
2400,300,-14.665,0,A,15,15,0.0,,1215,20782.9,393498
2401,300,-6.049,0,A,15,15,0.0,,1215,20795.5,393798
2402,300,-5.602,0,A,15,15,0.0,,1215,20808.0,394098
2403,300,-0.45,0,A,15,15,0.0,,1215,20820.7,394398
2404,300,-9.947,0,A,15,15,0.0,,1215,20833.2,394698
2405,224,-13.282,0,A,15,15,0.0,stuck,1216,20842.5,394922
2406,84,-8.715,0,A,15,23,0.0,escape,1217,20846.0,395006
2407,300,-17.72,0,A,23,7,0.0,,1217,20861.2,395306
2408,300,-16.224,0,A,7,28,0.0,,1217,20874.1,395606
2409,300,-34.984,0,A,28,20,0.0,,1217,20886.4,395906
2410,72,-7.198,0,A,20,14,0.0,stuck,1218,20889.4,395978
2411,26,-3.218,0,A,14,22,0.0,escape,1219,20890.5,396004
2412,300,-2.515,0,A,22,23,0.0,,1219,20903.1,396304
2413,55,-6.175,0,A,23,22,0.0,stuck,1220,20905.5,396359
2414,300,4.387,0,A,22,7,0.0,,1220,20918.1,396659
2415,109,-10.673,0,A,7,6,0.0,escape,1221,20922.6,396768
2416,125,-23.077,0,A,6,14,0.0,escape,1222,20927.8,396893
2417,300,-20.187,0,A,14,15,0.0,,1222,20940.3,397193
2418,300,-17.756,0,A,15,7,0.0,,1222,20952.7,397493
2419,56,-8.701,0,A,7,14,0.0,escape,1223,20955.0,397549
2420,300,-4.361,0,A,14,23,0.0,,1223,20967.6,397849
2421,264,2.746,0,A,23,6,0.0,stuck,1224,20978.7,398113
2422,43,-8.6,0,A,6,15,0.0,escape,1225,20980.4,398156
2423,27,-5.375,0,A,15,22,0.0,escape,1226,20981.5,398183
2424,295,-6.536,0,A,22,14,0.0,escape,1227,20993.9,398478
2425,60,-9.389,0,A,14,21,0.0,escape,1228,20996.4,398538
2426,300,-4.851,0,A,21,23,0.0,,1228,21009.1,398838
2427,32,-3.926,0,A,23,7,0.0,stuck,1229,21010.4,398870
2428,300,-70.926,0,A,7,7,0.0,,1229,21022.9,399170
2429,19,-4.215,0,A,7,22,0.0,escape,1230,21023.7,399189
2430,300,-5.728,0,A,22,23,0.0,,1230,21036.9,399489
2431,157,0.286,0,A,23,14,0.0,stuck,1231,21043.5,399646
2432,300,-28.159,0,A,14,23,0.0,,1231,21056.2,399946
2433,64,-8.205,0,A,23,23,0.0,stuck,1232,21127.8,400010
2434,300,-22.056,0,A,23,15,0.0,,1232,21140.2,400310
2435,234,1.403,0,A,15,21,0.0,escape,1233,21150.1,400544
2436,88,-14.364,0,A,21,23,0.0,escape,1234,21153.9,400632
2437,144,-11.948,0,A,23,23,0.0,escape,1235,21160.0,400776
2438,107,-2.075,0,A,23,22,0.0,escape,1236,21164.4,400883
2439,40,-5.518,0,A,22,30,0.0,escape,1237,21166.0,400923
2440,300,-18.3,0,A,30,31,0.0,,1237,21178.4,401223
2441,139,-21.915,0,A,31,22,0.0,escape,1238,21184.3,401362
2442,300,8.087,0,A,22,23,0.0,,1238,21196.6,401662
2443,81,-17.585,0,A,23,14,0.0,stuck,1239,21199.9,401743
2444,300,-13.816,0,A,14,7,0.0,,1239,21212.3,402043
2445,86,-19.943,0,A,7,23,0.0,escape,1240,21215.8,402129
2446,300,1.945,0,A,23,23,0.0,,1240,21228.4,402429
2447,23,-4.238,0,A,23,22,0.0,stuck,1241,21229.4,402452
2448,300,-8.544,0,A,22,23,0.0,,1241,21241.8,402752
2449,298,-4.833,0,A,23,22,0.0,escape,1242,21254.0,403050
2450,300,3.164,0,A,22,15,0.0,,1242,21266.3,403350
2451,300,9.036,0,A,15,15,0.0,,1242,21278.7,403650
2452,300,-18.281,0,A,15,7,0.0,,1242,21291.2,403950
2453,42,-9.09,0,A,7,15,0.0,stuck,1243,21292.9,403992
2454,300,-15.424,0,A,15,7,0.0,,1243,21305.1,404292
2455,5,-1.223,0,A,7,15,0.0,escape,1244,21305.3,404297
2456,300,-4.503,0,A,15,15,0.0,,1244,21317.4,404597
2457,300,-6.47,0,A,15,7,0.0,,1244,21329.5,404897
2458,300,-17.83,0,A,7,7,0.0,,1244,21341.7,405197
2459,27,-5.094,0,A,7,23,0.0,stuck,1245,21342.7,405224
2460,219,-44.863,0,A,23,15,0.0,escape,1246,21351.5,405443
2461,300,-16.042,0,A,15,7,0.0,,1246,21364.1,405743
2462,29,-5.744,0,A,7,14,0.0,stuck,1247,21365.3,405772
2463,300,-13.11,0,A,14,7,0.0,,1247,21377.8,406072
2464,300,-15.551,0,A,7,7,0.0,,1247,21390.2,406372
2465,300,-14.262,0,A,7,7,0.0,,1247,21402.7,406672
2466,5,-1.212,0,A,7,14,0.0,stuck,1248,21402.9,406677
2467,300,-14.711,0,A,14,23,0.0,,1248,21415.5,406977
2468,270,4.982,0,A,23,23,0.0,stuck,1249,21426.6,407247
2469,222,-6.582,0,A,23,23,0.0,escape,1250,21435.7,407469
2470,300,-10.691,0,A,23,7,0.0,,1250,21448.5,407769
2471,22,-4.593,0,A,7,13,0.0,escape,1251,21449.3,407791
2472,300,-21.857,0,A,13,7,0.0,,1251,21461.9,408091
2473,300,-55.612,0,A,7,7,0.0,,1251,21474.3,408391
2474,52,-11.593,0,A,7,23,0.0,stuck,1252,21476.5,408443
2475,300,-18.32,0,A,23,15,0.0,,1252,21488.9,408743
2476,300,-5.838,0,A,15,7,0.0,,1252,21501.0,409043
2477,22,-4.334,0,A,7,14,0.0,escape,1253,21501.9,409065
2478,300,-14.217,0,A,14,23,0.0,,1253,21514.0,409365
2479,109,-6.967,0,A,23,22,0.0,stuck,1254,21518.3,409474
2480,300,4.898,0,A,22,15,0.0,,1254,21530.5,409774
2481,300,-16.704,0,A,15,7,0.0,,1254,21542.7,410074
2482,24,-4.686,0,A,7,22,0.0,stuck,1255,21543.7,410098
2483,300,13.171,0,A,22,23,0.0,,1255,21556.0,410398
2484,23,-4.33,0,A,23,14,0.0,stuck,1256,21557.0,410421
2485,300,-14.412,0,A,14,15,0.0,,1256,21569.5,410721
2486,300,-7.472,0,A,15,7,0.0,,1256,21582.7,411021
2487,300,-68.563,0,A,7,7,0.0,,1256,21595.1,411321
2488,3,-0.701,0,A,7,6,0.0,stuck,1257,21595.3,411324
2489,300,-5.096,0,A,6,23,0.0,,1257,21607.7,411624
2490,184,-6.376,0,A,23,22,0.0,escape,1258,21615.4,411808
2491,300,-19.05,0,A,22,23,0.0,,1258,21627.8,412108
2492,126,-8.644,0,A,23,13,0.0,stuck,1259,21633.2,412234
2493,144,-18.32,0,A,13,15,0.0,escape,1260,21639.2,412378
2494,300,-9.494,0,A,15,7,0.0,,1260,21651.7,412678
2495,21,-4.467,0,A,7,15,0.0,escape,1261,21652.6,412699
2496,300,-13.966,0,A,15,23,0.0,,1261,21665.0,412999
2497,87,-1.071,0,A,23,14,0.0,stuck,1262,21668.6,413086
2498,57,-13.179,0,A,14,22,0.0,escape,1263,21671.0,413143
2499,117,-10.699,0,A,22,22,0.0,escape,1264,21675.8,413260
2500,300,-11.937,0,A,22,31,0.0,,1264,21688.3,413560
2501,300,-19.664,0,A,31,23,0.0,,1264,21700.8,413860
2502,158,-23.124,0,A,23,22,0.0,stuck,1265,21707.4,414018
2503,300,7.645,0,A,22,15,0.0,,1265,21719.9,414318
2504,286,-12.863,0,A,15,15,0.0,escape,1266,21731.8,414604
2505,300,-0.951,0,A,15,7,0.0,,1266,21744.4,414904
2506,17,-3.734,0,A,7,23,0.0,escape,1267,21745.1,414921
2507,300,-7.14,0,A,23,23,0.0,,1267,21757.0,415221
2508,89,-6.959,0,A,23,14,0.0,stuck,1268,21760.4,415310
2509,300,-7.669,0,A,14,23,0.0,,1268,21771.9,415610
2510,46,-2.664,0,A,23,14,0.0,stuck,1269,21773.7,415656
2511,300,3.941,0,A,14,23,0.0,,1269,21785.1,415956
2512,221,4.441,0,A,23,22,0.0,stuck,1270,21793.5,416177
2513,300,-17.768,0,A,22,23,0.0,,1270,21804.9,416477
2514,36,-6.695,0,A,23,22,0.0,escape,1271,21806.3,416513
2515,271,-16.845,0,A,22,23,0.0,escape,1272,21816.4,416784
2516,164,0.328,0,A,23,14,0.0,escape,1273,21822.5,416948
2517,300,-3.443,0,A,14,23,0.0,,1273,21833.7,417248
2518,56,-6.247,0,A,23,30,0.0,stuck,1274,21835.7,417304
2519,300,-13.53,0,A,30,15,0.0,,1274,21847.1,417604
2520,253,-9.117,0,A,15,22,0.0,stuck,1275,21856.5,417857
2521,242,-7.033,0,A,22,15,0.0,escape,1276,21865.6,418099
2522,60,-4.599,0,A,15,14,0.0,escape,1277,21867.8,418159
2523,300,-16.467,0,A,14,15,0.0,,1277,21879.1,418459
2524,64,-6.422,0,A,15,22,0.0,stuck,1278,21881.6,418523
2525,300,3.093,0,A,22,7,0.0,,1278,21892.6,418823
2526,23,-4.404,0,A,7,14,0.0,escape,1279,21893.5,418846
2527,98,-12.374,0,A,14,22,0.0,escape,1280,21897.2,418944
2528,300,-16.863,0,A,22,31,0.0,,1280,21908.4,419244
2529,300,-20.577,0,A,31,23,0.0,,1280,21919.6,419544
2530,90,-10.168,0,A,23,15,0.0,stuck,1281,21922.9,419634
2531,300,-15.204,0,A,15,7,0.0,,1281,21934.1,419934
2532,45,-4.937,0,A,7,23,0.0,stuck,1282,21935.8,419979
2533,300,-7.778,0,A,23,15,0.0,,1282,21947.0,420279
2534,176,-10.588,0,A,15,22,0.0,escape,1283,21953.6,420455
2535,300,-13.322,0,A,22,31,0.0,,1283,21964.8,420755
2536,24,-5.187,0,A,31,6,0.0,stuck,1284,21965.6,420779
2537,300,-16.111,0,A,6,7,0.0,,1284,21976.8,421079
2538,6,-1.405,0,A,7,23,0.0,escape,1285,21977.0,421085
2539,300,-13.037,0,A,23,7,0.0,,1285,21988.1,421385
2540,63,-12.022,0,A,7,14,0.0,escape,1286,21990.3,421448
2541,240,-22.995,0,A,14,22,0.0,escape,1287,21999.2,421688
2542,51,-9.702,0,A,22,21,0.0,escape,1288,22001.1,421739
2543,300,-8.327,0,A,21,7,0.0,,1288,22012.2,422039
2544,245,-14.109,0,A,7,22,0.0,stuck,1289,22021.3,422284
2545,300,12.878,0,A,22,23,0.0,,1289,22032.3,422584
2546,38,-8.817,0,A,23,30,0.0,stuck,1290,22033.7,422622
2547,300,-11.632,0,A,30,23,0.0,,1290,22044.7,422922
2548,26,-5.29,0,A,23,15,0.0,stuck,1291,22045.7,422948
2549,131,-6.638,0,A,15,22,0.0,escape,1292,22050.6,423079
2550,300,8.912,0,A,22,7,0.0,,1292,22061.5,423379
2551,300,-15.588,0,A,7,7,0.0,,1292,22072.8,423679
2552,3,-0.708,0,A,7,22,0.0,stuck,1293,22072.9,423682
2553,300,5.265,0,A,22,23,0.0,,1293,22084.0,423982
2554,68,-2.11,0,A,23,14,0.0,stuck,1294,22086.5,424050
2555,300,-1.006,0,A,14,7,0.0,,1294,22097.6,424350
2556,69,-7.917,0,A,7,23,0.0,escape,1295,22100.1,424419
2557,300,-10.267,0,A,23,7,0.0,,1295,22111.2,424719
2558,180,-8.502,0,A,7,23,0.0,stuck,1296,22117.8,424899
2559,300,-8.043,0,A,23,15,0.0,,1296,22182.5,425199
2560,21,-4.088,0,A,15,15,0.0,stuck,1297,22183.4,425220
2561,300,-30.186,0,A,15,7,0.0,,1297,22194.5,425520
2562,300,-14.143,0,A,7,23,0.0,,1297,22205.7,425820
2563,300,-16.891,0,A,23,15,0.0,,1297,22216.8,426120
2564,260,-0.77,0,A,15,22,0.0,escape,1298,22226.4,426380
2565,300,9.463,0,A,22,23,0.0,,1298,22237.4,426680
2566,180,0.628,0,A,23,7,0.0,stuck,1299,22243.9,426860
2567,194,-5.673,0,A,7,6,0.0,escape,1300,22251.1,427054
2568,300,-0.021,0,A,6,15,0.0,,1300,22262.2,427354
2569,300,-14.907,0,A,15,7,0.0,,1300,22273.2,427654
2570,300,-18.196,0,A,7,7,0.0,,1300,22284.2,427954
2571,29,-3.782,0,A,7,22,0.0,escape,1301,22285.3,427983
2572,300,-2.171,0,A,22,23,0.0,,1301,22296.3,428283
2573,24,-4.833,0,A,23,6,0.0,stuck,1302,22297.2,428307
2574,26,-4.29,0,A,6,14,0.0,escape,1303,22298.2,428333
2575,300,-7.496,0,A,14,15,0.0,,1303,22309.1,428633
2576,300,6.223,0,A,15,15,0.0,,1303,22320.2,428933
2577,231,-7.728,0,A,15,15,0.0,escape,1304,22328.6,429164
2578,197,-14.335,0,A,15,15,0.0,escape,1305,22335.7,429361
2579,126,-2.811,0,A,15,15,0.0,escape,1306,22340.2,429487
2580,300,-0.302,0,A,15,7,0.0,,1306,22350.9,429787
2581,300,-4.96,0,A,7,15,0.0,,1306,22361.7,430087
2582,42,-5.019,0,A,15,14,0.0,stuck,1307,22363.2,430129
2583,300,-4.028,0,A,14,7,0.0,,1307,22374.0,430429
2584,20,-4.535,0,A,7,23,0.0,escape,1308,22374.7,430449
2585,300,-2.172,0,A,23,23,0.0,,1308,22385.4,430749
2586,20,-4.437,0,A,23,22,0.0,stuck,1309,22386.1,430769
2587,300,-5.702,0,A,22,23,0.0,,1309,22397.0,431069
2588,265,10.643,0,A,23,14,0.0,escape,1310,22406.7,431334
2589,300,-50.995,0,A,14,14,0.0,,1310,22417.6,431634
2590,1,-0.173,0,A,14,14,0.0,stuck,1311,22417.6,431635
2591,300,-67.638,0,A,14,14,0.0,,1311,22428.5,431935
2592,1,-0.175,0,A,14,21,0.0,stuck,1312,22428.6,431936
2593,40,-5.506,0,A,21,22,0.0,escape,1313,22430.0,431976
2594,300,-67.329,0,A,22,31,0.0,,1313,22440.8,432276
2595,89,-23.485,0,A,31,23,0.0,stuck,1314,22444.0,432365
2596,300,-64.879,0,A,23,23,0.0,,1314,22454.8,432665
2597,1,-0.208,0,A,23,6,0.0,stuck,1315,22454.8,432666
2598,300,-58.875,0,A,6,6,0.0,,1315,22465.5,432966
2599,1,-0.202,0,A,6,14,0.0,stuck,1316,22465.6,432967
2600,21,-3.438,0,A,14,15,0.0,escape,1317,22466.4,432988
2601,300,-76.673,0,A,15,15,0.0,,1317,22477.2,433288
2602,1,-0.209,0,A,15,22,0.0,stuck,1318,22477.2,433289
2603,300,-48.583,0,A,22,22,0.0,,1318,22488.2,433589
2604,1,-0.169,0,A,22,15,0.0,stuck,1319,22488.2,433590
2605,300,-57.107,0,A,15,15,0.0,,1319,22499.1,433890
2606,1,-0.211,0,A,15,30,0.0,stuck,1320,22499.1,433891
2607,300,-66.208,0,A,30,30,0.0,,1320,22510.2,434191
2608,1,-0.19,0,A,30,22,0.0,stuck,1321,22510.2,434192
2609,23,-2.927,0,A,22,22,0.0,escape,1322,22511.1,434215
2610,32,-4.43,0,A,22,14,0.0,escape,1323,22512.2,434247
2611,300,-68.33,0,A,14,14,0.0,,1323,22523.1,434547
2612,1,-0.185,0,A,14,23,0.0,stuck,1324,22523.1,434548
2613,300,-65.474,0,A,23,23,0.0,,1324,22534.3,434848
2614,1,-0.204,0,A,23,23,0.0,stuck,1325,22534.3,434849
2615,300,-62.467,0,A,23,23,0.0,,1325,22545.3,435149
2616,1,-0.203,0,A,23,22,0.0,stuck,1326,22545.3,435150
2617,300,-50.116,0,A,22,22,0.0,,1326,22556.2,435450
2618,1,-0.174,0,A,22,21,0.0,stuck,1327,22556.3,435451
2619,300,-49.433,0,A,21,21,0.0,,1327,22567.2,435751
2620,1,-0.156,0,A,21,22,0.0,stuck,1328,22567.2,435752
2621,300,-49.832,0,A,22,22,0.0,,1328,22578.2,436052
2622,1,-0.17,0,A,22,22,0.0,stuck,1329,22578.2,436053
2623,300,-54.409,0,A,22,22,0.0,,1329,22589.1,436353
2624,1,-0.185,0,A,22,15,0.0,stuck,1330,22589.1,436354
2625,300,-58.076,0,A,15,15,0.0,,1330,22600.1,436654
2626,1,-0.214,0,A,15,14,0.0,stuck,1331,22600.1,436655
2627,300,-53.154,0,A,14,14,0.0,,1331,22611.5,436955
2628,1,-0.179,0,A,14,15,0.0,stuck,1332,22611.5,436956
2629,300,-55.247,0,A,15,15,0.0,,1332,22624.5,437256
2630,1,-0.203,0,A,15,14,0.0,stuck,1333,22624.5,437257
2631,300,-51.867,0,A,14,14,0.0,,1333,22635.7,437557
2632,1,-0.172,0,A,14,14,0.0,stuck,1334,22635.7,437558
2633,300,-52.062,0,A,14,14,0.0,,1334,22648.3,437858
2634,1,-0.173,0,A,14,23,0.0,stuck,1335,22648.4,437859
2635,300,-66.97,0,A,23,23,0.0,,1335,22661.2,438159
2636,1,-0.212,0,A,23,23,0.0,stuck,1336,22661.3,438160
2637,300,-61.403,0,A,23,23,0.0,,1336,22674.3,438460
2638,1,-0.21,0,A,23,13,0.0,stuck,1337,22674.4,438461
2639,300,-47.913,0,A,13,13,0.0,,1337,22686.9,438761
2640,1,-0.156,0,A,13,22,0.0,stuck,1338,22686.9,438762
2641,300,-52.692,0,A,22,22,0.0,,1338,22699.3,439062
2642,1,-0.165,0,A,22,22,0.0,stuck,1339,22699.4,439063
2643,300,-57.68,0,A,22,22,0.0,,1339,22711.5,439363
2644,1,-0.199,0,A,22,30,0.0,stuck,1340,22711.5,439364
2645,300,-57.567,0,A,30,30,0.0,,1340,22723.7,439664
2646,1,-0.191,0,A,30,14,0.0,stuck,1341,22723.7,439665
2647,300,-48.903,0,A,14,14,0.0,,1341,22736.0,439965
2648,1,-0.178,0,A,14,23,0.0,stuck,1342,22736.0,439966
2649,300,-60.243,0,A,23,23,0.0,,1342,22751.5,440266
2650,1,-0.202,0,A,23,22,0.0,stuck,1343,22751.6,440267
2651,300,-55.894,0,A,22,22,0.0,,1343,22773.6,440567
2652,1,-0.196,0,A,22,22,0.0,stuck,1344,22773.7,440568
2653,300,-50.359,0,A,22,22,0.0,,1344,22797.6,440868
2654,1,-0.175,0,A,22,14,0.0,stuck,1345,22797.7,440869
2655,300,-52.204,0,A,14,14,0.0,,1345,22816.9,441169
2656,1,-0.198,0,A,14,23,0.0,stuck,1346,22817.0,441170
2657,300,-51.739,0,A,23,23,0.0,,1346,22836.5,441470
2658,1,-0.205,0,A,23,22,0.0,stuck,1347,22836.5,441471
2659,300,-47.462,0,A,22,22,0.0,,1347,22854.3,441771
2660,1,-0.187,0,A,22,22,0.0,stuck,1348,22854.4,441772
2661,300,-59.018,0,A,22,22,0.0,,1348,22872.7,442072
2662,1,-0.19,0,A,22,14,0.0,stuck,1349,22872.8,442073
2663,300,-42.556,0,A,14,14,0.0,,1349,22886.4,442373
2664,1,-0.167,0,A,14,22,0.0,stuck,1350,22886.4,442374
2665,300,-56.824,0,A,22,22,0.0,,1350,22899.5,442674
2666,1,-0.196,0,A,22,22,0.0,stuck,1351,22899.5,442675
2667,300,-56.079,0,A,22,22,0.0,,1351,22915.6,442975
2668,1,-0.171,0,A,22,22,0.0,stuck,1352,22915.7,442976
2669,300,-51.586,0,A,22,22,0.0,,1352,22931.6,443276
2670,1,-0.181,0,A,22,14,0.0,stuck,1353,22931.7,443277
2671,300,-48.273,0,A,14,14,0.0,,1353,22946.3,443577
2672,1,-0.193,0,A,14,14,0.0,stuck,1354,22946.3,443578
2673,300,-48.775,0,A,14,14,0.0,,1354,22964.5,443878
2674,1,-0.169,0,A,14,22,0.0,stuck,1355,22964.6,443879
2675,300,-57.11,0,A,22,22,0.0,,1355,22979.3,444179
2676,1,-0.195,0,A,22,30,0.0,stuck,1356,22979.4,444180
2677,300,-60.696,0,A,30,30,0.0,,1356,22992.9,444480
2678,1,-0.192,0,A,30,14,0.0,stuck,1357,22993.0,444481
2679,300,-54.366,0,A,14,14,0.0,,1357,23005.9,444781
2680,1,-0.159,0,A,14,15,0.0,stuck,1358,23006.0,444782
2681,300,-65.06,0,A,15,15,0.0,,1358,23018.8,445082
2682,1,-0.209,0,A,15,15,0.0,stuck,1359,23018.8,445083
2683,300,-65.863,0,A,15,15,0.0,,1359,23031.7,445383
2684,1,-0.209,0,A,15,14,0.0,stuck,1360,23031.8,445384
2685,300,-64.525,0,A,14,14,0.0,,1360,23045.5,445684
2686,1,-0.188,0,A,14,14,0.0,stuck,1361,23045.5,445685
2687,300,-61.448,0,A,14,14,0.0,,1361,23060.0,445985
2688,1,-0.172,0,A,14,13,0.0,stuck,1362,23060.1,445986
2689,300,-46.035,0,A,13,13,0.0,,1362,23076.3,446286
2690,1,-0.159,0,A,13,30,0.0,stuck,1363,23076.3,446287
2691,300,-51.575,0,A,30,30,0.0,,1363,23090.6,446587
2692,1,-0.2,0,A,30,14,0.0,stuck,1364,23090.6,446588
2693,300,-50.34,0,A,14,14,0.0,,1364,23103.8,446888
2694,1,-0.197,0,A,14,22,0.0,stuck,1365,23103.9,446889
2695,300,-50.478,0,A,22,22,0.0,,1365,23118.1,447189
2696,1,-0.182,0,A,22,14,0.0,stuck,1366,23118.1,447190
2697,300,-51.388,0,A,14,14,0.0,,1366,23134.3,447490
2698,1,-0.198,0,A,14,22,0.0,stuck,1367,23134.4,447491
2699,300,-53.43,0,A,22,22,0.0,,1367,23148.7,447791
2700,1,-0.199,0,A,22,14,0.0,stuck,1368,23148.7,447792
2701,300,-52.025,0,A,14,14,0.0,,1368,23166.8,448092
2702,1,-0.199,0,A,14,14,0.0,stuck,1369,23166.8,448093
2703,300,-50.621,0,A,14,14,0.0,,1369,23184.8,448393
2704,1,-0.18,0,A,14,21,0.0,stuck,1370,23184.9,448394
2705,300,-48.988,0,A,21,21,0.0,,1370,23199.2,448694
2706,1,-0.158,0,A,21,22,0.0,stuck,1371,23199.3,448695
2707,300,-52.346,0,A,22,22,0.0,,1371,23219.4,448995
2708,1,-0.165,0,A,22,23,0.0,stuck,1372,23219.5,448996
2709,300,-63.91,0,A,23,23,0.0,,1372,23236.2,449296
2710,1,-0.204,0,A,23,14,0.0,stuck,1373,23236.2,449297
2711,300,-56.223,0,A,14,14,0.0,,1373,23254.1,449597
2712,1,-0.179,0,A,14,14,0.0,stuck,1374,23254.1,449598
2713,300,-48.579,0,A,14,14,0.0,,1374,23270.2,449898
2714,1,-0.165,0,A,14,22,0.0,stuck,1375,23270.3,449899
2715,300,-52.052,0,A,22,22,0.0,,1375,23372.9,450199
2716,1,-0.184,0,A,22,14,0.0,stuck,1376,23372.9,450200
2717,300,-58.424,0,A,14,14,0.0,,1376,23387.1,450500
2718,1,-0.202,0,A,14,14,0.0,stuck,1377,23387.1,450501
2719,300,-49.853,0,A,14,14,0.0,,1377,23401.7,450801
2720,1,-0.178,0,A,14,23,0.0,stuck,1378,23401.8,450802
2721,300,-62.826,0,A,23,23,0.0,,1378,23417.9,451102
2722,1,-0.22,0,A,23,30,0.0,stuck,1379,23417.9,451103
2723,300,-55.959,0,A,30,30,0.0,,1379,23434.0,451403
2724,1,-0.199,0,A,30,23,0.0,stuck,1380,23434.1,451404
2725,300,-57.563,0,A,23,23,0.0,,1380,23449.6,451704
2726,1,-0.208,0,A,23,14,0.0,stuck,1381,23449.7,451705
2727,300,-55.851,0,A,14,14,0.0,,1381,23464.6,452005
2728,1,-0.199,0,A,14,14,0.0,stuck,1382,23464.7,452006
2729,300,-53.807,0,A,14,14,0.0,,1382,23479.4,452306
2730,1,-0.196,0,A,14,22,0.0,stuck,1383,23479.5,452307
2731,300,-45.203,0,A,22,22,0.0,,1383,23494.0,452607
2732,1,-0.164,0,A,22,15,0.0,stuck,1384,23494.1,452608
2733,300,-91.42,0,A,15,15,0.0,,1384,23509.2,452908
2734,30,-7.119,0,A,15,14,0.0,stuck,1385,23510.5,452938
2735,80,-15.437,0,A,14,22,0.0,escape,1386,23514.6,453018
2736,300,-60.53,0,A,22,22,0.0,,1386,23531.1,453318
2737,1,-0.174,0,A,22,6,0.0,stuck,1387,23531.1,453319
2738,70,-12.885,0,A,6,23,0.0,escape,1388,23534.2,453389
2739,300,-74.205,0,A,23,23,0.0,,1388,23547.0,453689
2740,1,-0.219,0,A,23,22,0.0,stuck,1389,23547.1,453690
2741,300,-66.792,0,A,22,22,0.0,,1389,23559.9,453990
2742,1,-0.186,0,A,22,22,0.0,stuck,1390,23559.9,453991
2743,18,-2.388,0,A,22,22,0.0,escape,1391,23560.7,454009
2744,300,-64.987,0,A,22,22,0.0,,1391,23573.5,454309
2745,1,-0.186,0,A,22,22,0.0,stuck,1392,23573.5,454310
2746,19,-2.424,0,A,22,14,0.0,escape,1393,23574.3,454329
2747,300,-60.761,0,A,14,15,0.0,,1393,23587.1,454629
2748,31,-3.677,0,A,15,6,0.0,stuck,1394,23588.4,454660
2749,300,-64.188,0,A,6,7,0.0,,1394,23601.0,454960
2750,32,-7.376,0,A,7,13,0.0,stuck,1395,23602.3,454992
2751,300,-1.922,0,A,13,15,0.0,,1395,23615.0,455292
2752,63,-8.996,0,A,15,22,0.0,stuck,1396,23617.6,455355
2753,300,-30.882,0,A,22,31,0.0,,1396,23631.3,455655
2754,187,-13.812,0,A,31,22,0.0,stuck,1397,23639.0,455842
2755,300,-31.756,0,A,22,7,0.0,,1397,23651.5,456142
2756,150,-33.573,0,A,7,14,0.0,stuck,1398,23657.5,456292
2757,49,-8.754,0,A,14,30,0.0,escape,1399,23659.5,456341
2758,300,-18.144,0,A,30,31,0.0,,1399,23672.2,456641
2759,26,-5.736,0,A,31,22,0.0,stuck,1400,23673.3,456667
2760,29,-3.459,0,A,22,22,0.0,escape,1401,23674.5,456696
2761,300,-59.717,0,A,22,14,0.0,,1401,23688.2,456996
2762,33,-5.771,0,A,14,23,0.0,escape,1402,23689.8,457029
2763,300,-0.438,0,A,23,23,0.0,,1402,23702.7,457329
2764,23,-4.477,0,A,23,15,0.0,stuck,1403,23703.6,457352
2765,232,2.423,0,A,15,22,0.0,escape,1404,23713.3,457584
2766,24,-2.598,0,A,22,15,0.0,escape,1405,23714.3,457608
2767,300,7.653,0,A,15,15,0.0,,1405,23727.0,457908
2768,109,-2.663,0,A,15,15,0.0,stuck,1406,23731.8,458017
2769,229,0.527,0,A,15,22,0.0,escape,1407,23741.6,458246
2770,300,-11.828,0,A,22,23,0.0,,1407,23754.4,458546
2771,275,12.248,0,A,23,14,0.0,escape,1408,23766.2,458821
2772,300,-67.243,0,A,14,7,0.0,,1408,23779.2,459121
2773,22,-4.805,0,A,7,14,0.0,stuck,1409,23780.2,459143
2774,300,6.041,0,A,14,15,0.0,,1409,23793.1,459443
2775,300,-9.748,0,A,15,7,0.0,,1409,23806.8,459743
2776,20,-4.481,0,A,7,22,0.0,escape,1410,23807.7,459763
2777,41,-4.133,0,A,22,23,0.0,escape,1411,23809.7,459804
2778,300,-1.875,0,A,23,15,0.0,,1411,23824.3,460104
2779,300,-9.303,0,A,15,14,0.0,,1411,23837.5,460404
2780,105,-4.828,0,A,14,13,0.0,escape,1412,23842.0,460509
2781,300,-56.893,0,A,13,14,0.0,,1412,23855.8,460809
2782,300,-61.153,0,A,14,15,0.0,,1412,23868.9,461109
2783,300,7.408,0,A,15,7,0.0,,1412,23881.7,461409
2784,23,-4.175,0,A,7,14,0.0,escape,1413,23882.6,461432
2785,300,-59.016,0,A,14,14,0.0,,1413,23895.4,461732
2786,20,-2.562,0,A,14,23,0.0,stuck,1414,23896.3,461752
2787,300,-12.878,0,A,23,23,0.0,,1414,23909.6,462052
2788,22,-4.31,0,A,23,6,0.0,stuck,1415,23910.6,462074
2789,300,-60.685,0,A,6,15,0.0,,1415,23923.6,462374
2790,300,-71.681,0,A,15,7,0.0,,1415,23936.8,462674
2791,25,-5.716,0,A,7,22,0.0,stuck,1416,23937.9,462699
2792,300,-12.932,0,A,22,23,0.0,,1416,23950.7,462999
2793,23,-5.109,0,A,23,23,0.0,stuck,1417,23951.7,463022
2794,300,9.731,0,A,23,15,0.0,,1417,23964.7,463322
2795,300,-22.603,0,A,15,15,0.0,,1417,23977.5,463622
2796,300,-45.537,0,A,15,7,0.0,,1417,23990.3,463922
2797,300,-41.002,0,A,7,7,0.0,,1417,24003.0,464222
2798,22,-5.071,0,A,7,15,0.0,stuck,1418,24003.9,464244
2799,300,10.161,0,A,15,15,0.0,,1418,24016.7,464544
2800,148,0.179,0,A,15,21,0.0,escape,1419,24023.1,464692
2801,300,-51.841,0,A,21,22,0.0,,1419,24036.1,464992
2802,300,-47.59,0,A,22,21,0.0,,1419,24049.0,465292
2803,300,-43.461,0,A,21,20,0.0,,1419,24061.8,465592
2804,76,-9.12,0,A,20,22,0.0,stuck,1420,24065.0,465668
2805,70,-13.992,0,A,22,22,0.0,escape,1421,24068.0,465738
2806,85,-7.252,0,A,22,22,0.0,escape,1422,24071.6,465823
2807,300,-49.318,0,A,22,29,0.0,,1422,24084.6,466123
2808,55,-8.281,0,A,29,14,0.0,escape,1423,24087.0,466178
2809,300,-4.784,0,A,14,15,0.0,,1423,24099.8,466478
2810,300,-9.402,0,A,15,7,0.0,,1423,24112.9,466778
2811,83,-6.614,0,A,7,6,0.0,stuck,1424,24116.4,466861
2812,255,1.59,0,A,6,14,0.0,escape,1425,24127.4,467116
2813,117,-24.575,0,A,14,22,0.0,escape,1426,24132.4,467233
2814,300,0.422,0,A,22,15,0.0,,1426,24145.4,467533
2815,300,-4.512,0,A,15,7,0.0,,1426,24158.5,467833
2816,210,-11.101,0,A,7,23,0.0,escape,1427,24167.5,468043
2817,300,-16.808,0,A,23,23,0.0,,1427,24179.8,468343
2818,300,2.718,0,A,23,23,0.0,,1427,24192.8,468643
2819,4,-0.941,0,A,23,6,0.0,stuck,1428,24193.0,468647
2820,300,2.451,0,A,6,7,0.0,,1428,24204.9,468947
2821,300,1.143,0,A,7,15,0.0,,1428,24216.7,469247
2822,58,-3.626,0,A,15,30,0.0,stuck,1429,24219.0,469305
2823,300,-18.493,0,A,30,31,0.0,,1429,24230.7,469605
2824,25,-4.418,0,A,31,15,0.0,stuck,1430,24231.7,469630
2825,135,-23.52,0,A,15,14,0.0,escape,1431,24236.8,469765
2826,300,6.264,0,A,14,15,0.0,,1431,24248.3,470065
2827,98,-16.098,0,A,15,14,0.0,escape,1432,24252.0,470163
2828,300,3.437,0,A,14,7,0.0,,1432,24263.6,470463
2829,100,-13.78,0,A,7,15,0.0,escape,1433,24267.4,470563
2830,300,-14.207,0,A,15,23,0.0,,1433,24279.7,470863
2831,54,-8.447,0,A,23,22,0.0,stuck,1434,24281.8,470917
2832,76,-15.579,0,A,22,14,0.0,escape,1435,24284.7,470993
2833,300,4.42,0,A,14,7,0.0,,1435,24296.1,471293
2834,169,-6.764,0,A,7,22,0.0,escape,1436,24302.5,471462
2835,222,-29.362,1,B,22,10,0.0,,1436,24310.9,471684
2836,300,-55.079,0,B,10,9,0.0,,1436,24322.3,471984
2837,3,-0.503,0,B,9,17,0.0,stuck,1437,24322.4,471987
2838,300,-52.275,0,B,17,18,0.0851,,1437,24333.6,472287
2839,300,-36.426,0,B,18,11,0.0,,1437,24345.1,472587
2840,58,-7.778,0,B,11,17,0.0,escape,1438,24347.3,472645
2841,300,-52.319,0,B,17,17,0.0,,1438,24358.6,472945
2842,1,-0.183,0,B,17,10,0.0,stuck,1439,24358.6,472946
2843,300,-37.413,0,B,10,11,0.0,,1439,24370.0,473246
2844,300,-28.251,0,B,11,4,0.0,,1439,24381.3,473546
2845,51,-4.504,0,B,4,17,0.0,stuck,1440,24383.2,473597
2846,234,-44.096,0,B,17,16,0.0,escape,1441,24392.1,473831
2847,300,-59.797,0,B,16,17,0.0,,1441,24403.4,474131
2848,90,-16.718,0,B,17,9,0.0,stuck,1442,24406.8,474221
2849,300,-56.558,0,B,9,9,0.0,,1442,24418.2,474521
2850,1,-0.178,0,B,9,16,0.0,stuck,1443,24418.2,474522
2851,300,-65.148,0,B,16,16,0.0,,1443,24429.8,474822
2852,1,-0.22,0,B,16,25,0.0,stuck,1444,24429.8,474823
2853,300,-55.813,0,B,25,25,0.0,,1444,24500.3,475123
2854,1,-0.19,0,B,25,9,0.0,stuck,1445,24500.3,475124
2855,300,-48.723,0,B,9,3,0.0,,1445,24511.6,475424
2856,166,-16.975,0,B,3,8,0.0,stuck,1446,24517.8,475590
2857,300,-58.917,0,B,8,8,0.0,,1446,24529.1,475890
2858,1,-0.209,0,B,8,16,0.0,stuck,1447,24529.1,475891
2859,300,-65.858,0,B,16,16,0.0,,1447,24540.3,476191
2860,1,-0.218,0,B,16,17,0.0,stuck,1448,24540.4,476192
2861,300,-47.866,0,B,17,17,0.0,,1448,24551.4,476492
2862,1,-0.169,0,B,17,1,0.0,stuck,1449,24551.5,476493
2863,300,-50.784,0,B,1,1,0.0,,1449,24562.6,476793
2864,1,-0.182,0,B,1,9,0.0,stuck,1450,24562.7,476794
2865,300,-53.836,0,B,9,9,0.0,,1450,24574.0,477094
2866,1,-0.199,0,B,9,16,0.0,stuck,1451,24574.0,477095
2867,300,-60.458,0,B,16,24,0.0,,1451,24585.2,477395
2868,151,-33.911,0,B,24,9,0.0,stuck,1452,24590.8,477546
2869,300,-49.879,0,B,9,9,0.0,,1452,24602.0,477846
2870,1,-0.189,0,B,9,16,0.0,stuck,1453,24602.1,477847
2871,300,-60.163,0,B,16,16,0.0,,1453,24613.2,478147
2872,1,-0.214,0,B,16,1,0.0,stuck,1454,24613.2,478148
2873,300,-46.709,0,B,1,1,0.0,,1454,24624.4,478448
2874,1,-0.177,0,B,1,9,0.0,stuck,1455,24624.5,478449
2875,300,-52.714,0,B,9,9,0.0,,1455,24636.9,478749
2876,1,-0.194,0,B,9,9,0.0,stuck,1456,24636.9,478750
2877,300,-47.32,0,B,9,9,0.0,,1456,24648.2,479050
2878,1,-0.172,0,B,9,17,0.0,stuck,1457,24648.2,479051
2879,300,-50.3,0,B,17,17,0.0,,1457,24659.3,479351
2880,1,-0.183,0,B,17,9,0.0,stuck,1458,24659.3,479352
2881,300,-49.084,0,B,9,9,0.0,,1458,24670.4,479652
2882,1,-0.178,0,B,9,9,0.0,stuck,1459,24670.4,479653
2883,300,-49.157,0,B,9,9,0.0,,1459,24681.4,479953
2884,1,-0.181,0,B,9,17,0.0,stuck,1460,24681.4,479954
2885,300,-50.412,0,B,17,17,0.0,,1460,24692.1,480254
2886,1,-0.183,0,B,17,9,0.0,stuck,1461,24692.1,480255
2887,300,-45.846,0,B,9,9,0.0,,1461,24702.8,480555
2888,1,-0.18,0,B,9,16,0.0,stuck,1462,24702.9,480556
2889,300,-53.605,0,B,16,16,0.0,,1462,24713.4,480856
2890,1,-0.209,0,B,16,18,0.0,stuck,1463,24713.4,480857
2891,300,-44.373,0,B,18,18,0.0755,,1463,24724.1,481157
2892,1,-0.157,0,B,18,17,0.0,stuck,1464,24724.2,481158
2893,300,-45.39,0,B,17,17,0.0,,1464,24735.0,481458
2894,1,-0.171,0,B,17,1,0.0,stuck,1465,24735.1,481459
2895,300,-53.556,0,B,1,1,0.0,,1465,24746.0,481759
2896,1,-0.201,0,B,1,9,0.0,stuck,1466,24746.0,481760
2897,300,-42.546,0,B,9,9,0.0,,1466,24757.1,482060
2898,1,-0.166,0,B,9,17,0.0,stuck,1467,24757.2,482061
2899,300,-50.062,0,B,17,17,0.0,,1467,24768.3,482361
2900,1,-0.198,0,B,17,9,0.0,stuck,1468,24768.4,482362
2901,300,-42.838,0,B,9,9,0.0,,1468,24779.5,482662
2902,1,-0.167,0,B,9,9,0.0,stuck,1469,24779.5,482663
2903,300,-49.887,0,B,9,9,0.0,,1469,24790.6,482963
2904,1,-0.197,0,B,9,9,0.0,stuck,1470,24790.7,482964
2905,300,-48.875,0,B,9,9,0.0,,1470,24802.4,483264
2906,1,-0.193,0,B,9,9,0.0,stuck,1471,24802.5,483265
2907,300,-47.716,0,B,9,9,0.0,,1471,24815.2,483565
2908,1,-0.173,0,B,9,1,0.0,stuck,1472,24815.3,483566
2909,300,-58.413,0,B,1,1,0.0,,1472,24830.2,483866
2910,123,-25.412,0,B,1,17,0.0,stuck,1473,24835.5,483989
2911,300,-46.114,0,B,17,17,0.0,,1473,24848.5,484289
2912,1,-0.176,0,B,17,17,0.0,stuck,1474,24848.5,484290
2913,300,-43.345,0,B,17,17,0.0,,1474,24860.9,484590
2914,1,-0.165,0,B,17,9,0.0,stuck,1475,24860.9,484591
2915,300,-51.074,0,B,9,9,0.0,,1475,24872.9,484891
2916,1,-0.201,0,B,9,17,0.0,stuck,1476,24873.0,484892
2917,300,-44.808,0,B,17,17,0.0,,1476,24884.8,485192
2918,1,-0.171,0,B,17,9,0.0,stuck,1477,24884.8,485193
2919,300,-47.411,0,B,9,9,0.0,,1477,24896.2,485493
2920,1,-0.184,0,B,9,9,0.0,stuck,1478,24896.3,485494
2921,300,-46.59,0,B,9,9,0.0,,1478,24908.2,485794
2922,1,-0.173,0,B,9,8,0.0,stuck,1479,24908.2,485795
2923,300,-52.933,0,B,8,8,0.0,,1479,24920.1,486095
2924,1,-0.207,0,B,8,8,0.0,stuck,1480,24920.1,486096
2925,300,-54.199,0,B,8,8,0.0,,1480,24931.9,486396
2926,1,-0.214,0,B,8,17,0.0,stuck,1481,24931.9,486397
